region_4,timestep_5,value,parameter,carrier_1
AL,hh0043,0.9697189778526081,mustOut,processHeat_medium
AL,hh0044,0.9658122423952591,mustOut,processHeat_medium
AL,hh0045,0.9549743877828405,mustOut,processHeat_medium
AL,hh0046,0.9607368244046484,mustOut,processHeat_medium
AL,hh0047,0.9564058156179271,mustOut,processHeat_medium
AL,hh0048,0.93572845436438,mustOut,processHeat_medium
AL,hh0049,0.9596204702156683,mustOut,processHeat_medium
AL,hh0050,0.9788044043821174,mustOut,processHeat_medium
AL,hh0051,0.9828409892443233,mustOut,processHeat_medium
AL,hh0052,0.9668271936002384,mustOut,processHeat_medium
AL,hh0053,0.9659447976114279,mustOut,processHeat_medium
AL,hh0054,0.9636676976301715,mustOut,processHeat_medium
AL,hh0055,0.9616060461867164,mustOut,processHeat_medium
AL,hh0056,0.9629696881474956,mustOut,processHeat_medium
AL,hh0057,0.9694687729925135,mustOut,processHeat_medium
AL,hh0058,0.9852383993011244,mustOut,processHeat_medium
AL,hh0059,0.9827997090537792,mustOut,processHeat_medium
AL,hh0060,0.9621516336969762,mustOut,processHeat_medium
AL,hh0061,0.9559945515843538,mustOut,processHeat_medium
AL,hh0062,0.9572913430210974,mustOut,processHeat_medium
AL,hh0063,0.9704658389232463,mustOut,processHeat_medium
AL,hh0064,0.9664014062905153,mustOut,processHeat_medium
AL,hh0065,0.967962440357951,mustOut,processHeat_medium
AL,hh0066,0.9683130683956733,mustOut,processHeat_medium
AL,hh0067,0.9635775236929476,mustOut,processHeat_medium
AL,hh0068,0.9719519066420617,mustOut,processHeat_medium
AL,hh0069,0.9645044782650984,mustOut,processHeat_medium
AL,hh0070,0.9723201630122276,mustOut,processHeat_medium
AL,hh0071,0.9643857229757486,mustOut,processHeat_medium
AL,hh0072,0.950202906190043,mustOut,processHeat_medium
AL,hh0073,0.9571100594489508,mustOut,processHeat_medium
AL,hh0074,0.9581626402541588,mustOut,processHeat_medium
AL,hh0075,0.9493983501479306,mustOut,processHeat_medium
AL,hh0076,0.9426441188015815,mustOut,processHeat_medium
AL,hh0077,0.9524123598489496,mustOut,processHeat_medium
AL,hh0078,0.9664632269709728,mustOut,processHeat_medium
AL,hh0079,0.9691912039766066,mustOut,processHeat_medium
AL,hh0080,0.9704001865216014,mustOut,processHeat_medium
AL,hh0081,0.9748265521466237,mustOut,processHeat_medium
AL,hh0082,0.9625322814181345,mustOut,processHeat_medium
AL,hh0083,0.9656036765327372,mustOut,processHeat_medium
AL,hh0084,0.9706635894876854,mustOut,processHeat_medium
AT,hh0043,0.9788890327331465,mustOut,processHeat_medium
AT,hh0044,0.9721801043374567,mustOut,processHeat_medium
AT,hh0045,0.9680686027387178,mustOut,processHeat_medium
AT,hh0046,0.9682223530794795,mustOut,processHeat_medium
AT,hh0047,0.9632446540696372,mustOut,processHeat_medium
AT,hh0048,0.944126344872396,mustOut,processHeat_medium
AT,hh0049,0.962496919673488,mustOut,processHeat_medium
AT,hh0050,0.9829120104684693,mustOut,processHeat_medium
AT,hh0051,0.9873508034934916,mustOut,processHeat_medium
AT,hh0052,0.9689647971841292,mustOut,processHeat_medium
AT,hh0053,0.9642199639933622,mustOut,processHeat_medium
AT,hh0054,0.9584657168242743,mustOut,processHeat_medium
AT,hh0055,0.9669179586173174,mustOut,processHeat_medium
AT,hh0056,0.9736447376090609,mustOut,processHeat_medium
AT,hh0057,0.9760521837347587,mustOut,processHeat_medium
AT,hh0058,0.9858533053650528,mustOut,processHeat_medium
AT,hh0059,0.9825230978549001,mustOut,processHeat_medium
AT,hh0060,0.9696100945723877,mustOut,processHeat_medium
AT,hh0061,0.9636609452709703,mustOut,processHeat_medium
AT,hh0062,0.96290278653918,mustOut,processHeat_medium
AT,hh0063,0.9724233451745192,mustOut,processHeat_medium
AT,hh0064,0.963896660191841,mustOut,processHeat_medium
AT,hh0065,0.9676154118526513,mustOut,processHeat_medium
AT,hh0066,0.9801646528668047,mustOut,processHeat_medium
AT,hh0067,0.9758499625354322,mustOut,processHeat_medium
AT,hh0068,0.9807082802896636,mustOut,processHeat_medium
AT,hh0069,0.9680528501781775,mustOut,processHeat_medium
AT,hh0070,0.9765171784573711,mustOut,processHeat_medium
AT,hh0071,0.9740977354837527,mustOut,processHeat_medium
AT,hh0072,0.9585085181786965,mustOut,processHeat_medium
AT,hh0073,0.9624634120326562,mustOut,processHeat_medium
AT,hh0074,0.9593608082676526,mustOut,processHeat_medium
AT,hh0075,0.9543717570578067,mustOut,processHeat_medium
AT,hh0076,0.9546904328941275,mustOut,processHeat_medium
AT,hh0077,0.9585793671077691,mustOut,processHeat_medium
AT,hh0078,0.9588105697087816,mustOut,processHeat_medium
AT,hh0079,0.9666876841893861,mustOut,processHeat_medium
AT,hh0080,0.9700640473316845,mustOut,processHeat_medium
AT,hh0081,0.9779645958451517,mustOut,processHeat_medium
AT,hh0082,0.9663394854227604,mustOut,processHeat_medium
AT,hh0083,0.9664204202492362,mustOut,processHeat_medium
AT,hh0084,0.9744291526161706,mustOut,processHeat_medium
BA,hh0043,0.9697189778526081,mustOut,processHeat_medium
BA,hh0044,0.9658122423952591,mustOut,processHeat_medium
BA,hh0045,0.9549743877828405,mustOut,processHeat_medium
BA,hh0046,0.9607368244046484,mustOut,processHeat_medium
BA,hh0047,0.9564058156179271,mustOut,processHeat_medium
BA,hh0048,0.93572845436438,mustOut,processHeat_medium
BA,hh0049,0.9596204702156683,mustOut,processHeat_medium
BA,hh0050,0.9788044043821174,mustOut,processHeat_medium
BA,hh0051,0.9828409892443233,mustOut,processHeat_medium
BA,hh0052,0.9668271936002384,mustOut,processHeat_medium
BA,hh0053,0.9659447976114279,mustOut,processHeat_medium
BA,hh0054,0.9636676976301715,mustOut,processHeat_medium
BA,hh0055,0.9616060461867164,mustOut,processHeat_medium
BA,hh0056,0.9629696881474956,mustOut,processHeat_medium
BA,hh0057,0.9694687729925135,mustOut,processHeat_medium
BA,hh0058,0.9852383993011244,mustOut,processHeat_medium
BA,hh0059,0.9827997090537792,mustOut,processHeat_medium
BA,hh0060,0.9621516336969762,mustOut,processHeat_medium
BA,hh0061,0.9559945515843538,mustOut,processHeat_medium
BA,hh0062,0.9572913430210974,mustOut,processHeat_medium
BA,hh0063,0.9704658389232463,mustOut,processHeat_medium
BA,hh0064,0.9664014062905153,mustOut,processHeat_medium
BA,hh0065,0.967962440357951,mustOut,processHeat_medium
BA,hh0066,0.9683130683956733,mustOut,processHeat_medium
BA,hh0067,0.9635775236929476,mustOut,processHeat_medium
BA,hh0068,0.9719519066420617,mustOut,processHeat_medium
BA,hh0069,0.9645044782650984,mustOut,processHeat_medium
BA,hh0070,0.9723201630122276,mustOut,processHeat_medium
BA,hh0071,0.9643857229757486,mustOut,processHeat_medium
BA,hh0072,0.950202906190043,mustOut,processHeat_medium
BA,hh0073,0.9571100594489508,mustOut,processHeat_medium
BA,hh0074,0.9581626402541588,mustOut,processHeat_medium
BA,hh0075,0.9493983501479306,mustOut,processHeat_medium
BA,hh0076,0.9426441188015815,mustOut,processHeat_medium
BA,hh0077,0.9524123598489496,mustOut,processHeat_medium
BA,hh0078,0.9664632269709728,mustOut,processHeat_medium
BA,hh0079,0.9691912039766066,mustOut,processHeat_medium
BA,hh0080,0.9704001865216014,mustOut,processHeat_medium
BA,hh0081,0.9748265521466237,mustOut,processHeat_medium
BA,hh0082,0.9625322814181345,mustOut,processHeat_medium
BA,hh0083,0.9656036765327372,mustOut,processHeat_medium
BA,hh0084,0.9706635894876854,mustOut,processHeat_medium
BE,hh0043,0.977974167395575,mustOut,processHeat_medium
BE,hh0044,0.9712805051067384,mustOut,processHeat_medium
BE,hh0045,0.9520521837623592,mustOut,processHeat_medium
BE,hh0046,0.966179021834124,mustOut,processHeat_medium
BE,hh0047,0.9632969976945587,mustOut,processHeat_medium
BE,hh0048,0.9496168998946518,mustOut,processHeat_medium
BE,hh0049,0.9666432969588157,mustOut,processHeat_medium
BE,hh0050,0.9799818630942694,mustOut,processHeat_medium
BE,hh0051,0.9754930421570125,mustOut,processHeat_medium
BE,hh0052,0.9746866880739519,mustOut,processHeat_medium
BE,hh0053,0.9731520151626993,mustOut,processHeat_medium
BE,hh0054,0.9699552356304593,mustOut,processHeat_medium
BE,hh0055,0.9594054782250083,mustOut,processHeat_medium
BE,hh0056,0.9651312593894019,mustOut,processHeat_medium
BE,hh0057,0.976135310450587,mustOut,processHeat_medium
BE,hh0058,0.9892954663871455,mustOut,processHeat_medium
BE,hh0059,0.9790898624512041,mustOut,processHeat_medium
BE,hh0060,0.96469897324037,mustOut,processHeat_medium
BE,hh0061,0.9547048342369506,mustOut,processHeat_medium
BE,hh0062,0.9562914845038324,mustOut,processHeat_medium
BE,hh0063,0.9723309606866453,mustOut,processHeat_medium
BE,hh0064,0.9592394898422507,mustOut,processHeat_medium
BE,hh0065,0.9561598774105294,mustOut,processHeat_medium
BE,hh0066,0.9731600233246318,mustOut,processHeat_medium
BE,hh0067,0.9630723106251491,mustOut,processHeat_medium
BE,hh0068,0.9724396026449007,mustOut,processHeat_medium
BE,hh0069,0.9684619686164158,mustOut,processHeat_medium
BE,hh0070,0.9638388224731453,mustOut,processHeat_medium
BE,hh0071,0.9614810668816969,mustOut,processHeat_medium
BE,hh0072,0.959481357820185,mustOut,processHeat_medium
BE,hh0073,0.9612444020693649,mustOut,processHeat_medium
BE,hh0074,0.9619203011937174,mustOut,processHeat_medium
BE,hh0075,0.9621189458477869,mustOut,processHeat_medium
BE,hh0076,0.9520145194795986,mustOut,processHeat_medium
BE,hh0077,0.9561108552903894,mustOut,processHeat_medium
BE,hh0078,0.9646545943272335,mustOut,processHeat_medium
BE,hh0079,0.9724379169109596,mustOut,processHeat_medium
BE,hh0080,0.978511085515084,mustOut,processHeat_medium
BE,hh0081,0.9823388679071177,mustOut,processHeat_medium
BE,hh0082,0.9622746560340281,mustOut,processHeat_medium
BE,hh0083,0.9609759088135945,mustOut,processHeat_medium
BE,hh0084,0.9772375636025903,mustOut,processHeat_medium
BG,hh0043,0.9847285653786457,mustOut,processHeat_medium
BG,hh0044,0.9701483138319418,mustOut,processHeat_medium
BG,hh0045,0.9595453757610812,mustOut,processHeat_medium
BG,hh0046,0.9642368108734445,mustOut,processHeat_medium
BG,hh0047,0.9623065689338546,mustOut,processHeat_medium
BG,hh0048,0.9401334263939134,mustOut,processHeat_medium
BG,hh0049,0.9678646107245186,mustOut,processHeat_medium
BG,hh0050,0.9879413912926793,mustOut,processHeat_medium
BG,hh0051,0.9816049117084731,mustOut,processHeat_medium
BG,hh0052,0.9659161663162195,mustOut,processHeat_medium
BG,hh0053,0.9660682523813193,mustOut,processHeat_medium
BG,hh0054,0.9572835631643102,mustOut,processHeat_medium
BG,hh0055,0.9614421503447375,mustOut,processHeat_medium
BG,hh0056,0.9752164295305192,mustOut,processHeat_medium
BG,hh0057,0.9837562655284273,mustOut,processHeat_medium
BG,hh0058,0.9887435486616596,mustOut,processHeat_medium
BG,hh0059,0.9795766814859235,mustOut,processHeat_medium
BG,hh0060,0.963934466543833,mustOut,processHeat_medium
BG,hh0061,0.9547905888221067,mustOut,processHeat_medium
BG,hh0062,0.9480112692367584,mustOut,processHeat_medium
BG,hh0063,0.9646336353298466,mustOut,processHeat_medium
BG,hh0064,0.9511831993054329,mustOut,processHeat_medium
BG,hh0065,0.9549222632163037,mustOut,processHeat_medium
BG,hh0066,0.9836589568694762,mustOut,processHeat_medium
BG,hh0067,0.9735826123874176,mustOut,processHeat_medium
BG,hh0068,0.9791752660194106,mustOut,processHeat_medium
BG,hh0069,0.9654946808495879,mustOut,processHeat_medium
BG,hh0070,0.9649648327331306,mustOut,processHeat_medium
BG,hh0071,0.9695410299882496,mustOut,processHeat_medium
BG,hh0072,0.9617271203214841,mustOut,processHeat_medium
BG,hh0073,0.9536711946093419,mustOut,processHeat_medium
BG,hh0074,0.9504008274866464,mustOut,processHeat_medium
BG,hh0075,0.9613014219107754,mustOut,processHeat_medium
BG,hh0076,0.9533155045828607,mustOut,processHeat_medium
BG,hh0077,0.955473486019855,mustOut,processHeat_medium
BG,hh0078,0.9490448820920392,mustOut,processHeat_medium
BG,hh0079,0.9614101366423711,mustOut,processHeat_medium
BG,hh0080,0.9729008725448693,mustOut,processHeat_medium
BG,hh0081,0.9790992204061695,mustOut,processHeat_medium
BG,hh0082,0.9598096892268586,mustOut,processHeat_medium
BG,hh0083,0.9536318308300906,mustOut,processHeat_medium
BG,hh0084,0.9737245849219107,mustOut,processHeat_medium
CH,hh0043,0.9697189778526081,mustOut,processHeat_medium
CH,hh0044,0.9658122423952591,mustOut,processHeat_medium
CH,hh0045,0.9549743877828405,mustOut,processHeat_medium
CH,hh0046,0.9607368244046484,mustOut,processHeat_medium
CH,hh0047,0.9564058156179271,mustOut,processHeat_medium
CH,hh0048,0.93572845436438,mustOut,processHeat_medium
CH,hh0049,0.9596204702156683,mustOut,processHeat_medium
CH,hh0050,0.9788044043821174,mustOut,processHeat_medium
CH,hh0051,0.9828409892443233,mustOut,processHeat_medium
CH,hh0052,0.9668271936002384,mustOut,processHeat_medium
CH,hh0053,0.9659447976114279,mustOut,processHeat_medium
CH,hh0054,0.9636676976301715,mustOut,processHeat_medium
CH,hh0055,0.9616060461867164,mustOut,processHeat_medium
CH,hh0056,0.9629696881474956,mustOut,processHeat_medium
CH,hh0057,0.9694687729925135,mustOut,processHeat_medium
CH,hh0058,0.9852383993011244,mustOut,processHeat_medium
CH,hh0059,0.9827997090537792,mustOut,processHeat_medium
CH,hh0060,0.9621516336969762,mustOut,processHeat_medium
CH,hh0061,0.9559945515843538,mustOut,processHeat_medium
CH,hh0062,0.9572913430210974,mustOut,processHeat_medium
CH,hh0063,0.9704658389232463,mustOut,processHeat_medium
CH,hh0064,0.9664014062905153,mustOut,processHeat_medium
CH,hh0065,0.967962440357951,mustOut,processHeat_medium
CH,hh0066,0.9683130683956733,mustOut,processHeat_medium
CH,hh0067,0.9635775236929476,mustOut,processHeat_medium
CH,hh0068,0.9719519066420617,mustOut,processHeat_medium
CH,hh0069,0.9645044782650984,mustOut,processHeat_medium
CH,hh0070,0.9723201630122276,mustOut,processHeat_medium
CH,hh0071,0.9643857229757486,mustOut,processHeat_medium
CH,hh0072,0.950202906190043,mustOut,processHeat_medium
CH,hh0073,0.9571100594489508,mustOut,processHeat_medium
CH,hh0074,0.9581626402541588,mustOut,processHeat_medium
CH,hh0075,0.9493983501479306,mustOut,processHeat_medium
CH,hh0076,0.9426441188015815,mustOut,processHeat_medium
CH,hh0077,0.9524123598489496,mustOut,processHeat_medium
CH,hh0078,0.9664632269709728,mustOut,processHeat_medium
CH,hh0079,0.9691912039766066,mustOut,processHeat_medium
CH,hh0080,0.9704001865216014,mustOut,processHeat_medium
CH,hh0081,0.9748265521466237,mustOut,processHeat_medium
CH,hh0082,0.9625322814181345,mustOut,processHeat_medium
CH,hh0083,0.9656036765327372,mustOut,processHeat_medium
CH,hh0084,0.9706635894876854,mustOut,processHeat_medium
CZ,hh0043,0.981116916191711,mustOut,processHeat_medium
CZ,hh0044,0.9763180114334051,mustOut,processHeat_medium
CZ,hh0045,0.9656218799425598,mustOut,processHeat_medium
CZ,hh0046,0.9727562891179595,mustOut,processHeat_medium
CZ,hh0047,0.9661549986161339,mustOut,processHeat_medium
CZ,hh0048,0.9505696695311898,mustOut,processHeat_medium
CZ,hh0049,0.9616629963518221,mustOut,processHeat_medium
CZ,hh0050,0.9783072786550591,mustOut,processHeat_medium
CZ,hh0051,0.9807657340080786,mustOut,processHeat_medium
CZ,hh0052,0.9763618382328609,mustOut,processHeat_medium
CZ,hh0053,0.9671563947161961,mustOut,processHeat_medium
CZ,hh0054,0.9615523230061772,mustOut,processHeat_medium
CZ,hh0055,0.9640641853325407,mustOut,processHeat_medium
CZ,hh0056,0.971103570457261,mustOut,processHeat_medium
CZ,hh0057,0.9750863770369936,mustOut,processHeat_medium
CZ,hh0058,0.9869422484399615,mustOut,processHeat_medium
CZ,hh0059,0.9784299149684161,mustOut,processHeat_medium
CZ,hh0060,0.9723216987513985,mustOut,processHeat_medium
CZ,hh0061,0.9631960843793721,mustOut,processHeat_medium
CZ,hh0062,0.9667129432212875,mustOut,processHeat_medium
CZ,hh0063,0.9771202610759467,mustOut,processHeat_medium
CZ,hh0064,0.9611755960280912,mustOut,processHeat_medium
CZ,hh0065,0.9602977546016068,mustOut,processHeat_medium
CZ,hh0066,0.9798972558046245,mustOut,processHeat_medium
CZ,hh0067,0.9730129454406429,mustOut,processHeat_medium
CZ,hh0068,0.9794196957126762,mustOut,processHeat_medium
CZ,hh0069,0.9704408809734048,mustOut,processHeat_medium
CZ,hh0070,0.9721380431042963,mustOut,processHeat_medium
CZ,hh0071,0.9702408716345862,mustOut,processHeat_medium
CZ,hh0072,0.9602198127645333,mustOut,processHeat_medium
CZ,hh0073,0.9677439613444763,mustOut,processHeat_medium
CZ,hh0074,0.9641480353997538,mustOut,processHeat_medium
CZ,hh0075,0.9568184471318204,mustOut,processHeat_medium
CZ,hh0076,0.9578975154356909,mustOut,processHeat_medium
CZ,hh0077,0.95885682855959,mustOut,processHeat_medium
CZ,hh0078,0.9593937077026125,mustOut,processHeat_medium
CZ,hh0079,0.9706510338343393,mustOut,processHeat_medium
CZ,hh0080,0.974209968112564,mustOut,processHeat_medium
CZ,hh0081,0.9835711691534753,mustOut,processHeat_medium
CZ,hh0082,0.9664608106088055,mustOut,processHeat_medium
CZ,hh0083,0.9663266402199755,mustOut,processHeat_medium
CZ,hh0084,0.97961312167505,mustOut,processHeat_medium
DE,hh0043,0.9799023825813241,mustOut,processHeat_medium
DE,hh0044,0.9735148495278488,mustOut,processHeat_medium
DE,hh0045,0.9593229041814921,mustOut,processHeat_medium
DE,hh0046,0.9688356097841229,mustOut,processHeat_medium
DE,hh0047,0.9638101833347463,mustOut,processHeat_medium
DE,hh0048,0.9461833652930871,mustOut,processHeat_medium
DE,hh0049,0.9636236946303539,mustOut,processHeat_medium
DE,hh0050,0.9810005452388313,mustOut,processHeat_medium
DE,hh0051,0.9806167571029935,mustOut,processHeat_medium
DE,hh0052,0.9744958543066911,mustOut,processHeat_medium
DE,hh0053,0.9694327228908134,mustOut,processHeat_medium
DE,hh0054,0.9644139841970537,mustOut,processHeat_medium
DE,hh0055,0.9621657357129114,mustOut,processHeat_medium
DE,hh0056,0.9689746206591169,mustOut,processHeat_medium
DE,hh0057,0.9763773783428085,mustOut,processHeat_medium
DE,hh0058,0.9891706747561986,mustOut,processHeat_medium
DE,hh0059,0.9806138304979284,mustOut,processHeat_medium
DE,hh0060,0.9683112562301396,mustOut,processHeat_medium
DE,hh0061,0.95873274706355,mustOut,processHeat_medium
DE,hh0062,0.9606103073897702,mustOut,processHeat_medium
DE,hh0063,0.9744655368975107,mustOut,processHeat_medium
DE,hh0064,0.9604243382537638,mustOut,processHeat_medium
DE,hh0065,0.9594085473611904,mustOut,processHeat_medium
DE,hh0066,0.9773778507468687,mustOut,processHeat_medium
DE,hh0067,0.9691243870807194,mustOut,processHeat_medium
DE,hh0068,0.9770640469336569,mustOut,processHeat_medium
DE,hh0069,0.9691725055709831,mustOut,processHeat_medium
DE,hh0070,0.969519372018119,mustOut,processHeat_medium
DE,hh0071,0.9669967482136298,mustOut,processHeat_medium
DE,hh0072,0.9585816880587825,mustOut,processHeat_medium
DE,hh0073,0.9633046869363249,mustOut,processHeat_medium
DE,hh0074,0.9616205723949892,mustOut,processHeat_medium
DE,hh0075,0.957511886519445,mustOut,processHeat_medium
DE,hh0076,0.9530624779777915,mustOut,processHeat_medium
DE,hh0077,0.9565240955105974,mustOut,processHeat_medium
DE,hh0078,0.961194346054421,mustOut,processHeat_medium
DE,hh0079,0.9709606001390194,mustOut,processHeat_medium
DE,hh0080,0.9759539143105425,mustOut,processHeat_medium
DE,hh0081,0.9827870384652602,mustOut,processHeat_medium
DE,hh0082,0.9643180881742668,mustOut,processHeat_medium
DE,hh0083,0.9637464032478684,mustOut,processHeat_medium
DE,hh0084,0.9781336703690267,mustOut,processHeat_medium
DK,hh0043,0.9855207807759143,mustOut,processHeat_medium
DK,hh0044,0.9686326421792728,mustOut,processHeat_medium
DK,hh0045,0.95922351018271,mustOut,processHeat_medium
DK,hh0046,0.9623335640962978,mustOut,processHeat_medium
DK,hh0047,0.961241652390072,mustOut,processHeat_medium
DK,hh0048,0.9376698134651633,mustOut,processHeat_medium
DK,hh0049,0.9684182751816479,mustOut,processHeat_medium
DK,hh0050,0.9895093741370147,mustOut,processHeat_medium
DK,hh0051,0.9817043816833575,mustOut,processHeat_medium
DK,hh0052,0.9628430034613302,mustOut,processHeat_medium
DK,hh0053,0.9644573045347897,mustOut,processHeat_medium
DK,hh0054,0.9545955275712004,mustOut,processHeat_medium
DK,hh0055,0.960810640276577,mustOut,processHeat_medium
DK,hh0056,0.9764728399309206,mustOut,processHeat_medium
DK,hh0057,0.9852613285647749,mustOut,processHeat_medium
DK,hh0058,0.9882973129469974,mustOut,processHeat_medium
DK,hh0059,0.9790223153650004,mustOut,processHeat_medium
DK,hh0060,0.9621632127141311,mustOut,processHeat_medium
DK,hh0061,0.9532374232021539,mustOut,processHeat_medium
DK,hh0062,0.9439733053732198,mustOut,processHeat_medium
DK,hh0063,0.9613548886668468,mustOut,processHeat_medium
DK,hh0064,0.9482403252532094,mustOut,processHeat_medium
DK,hh0065,0.9534764676927807,mustOut,processHeat_medium
DK,hh0066,0.9849217185137604,mustOut,processHeat_medium
DK,hh0067,0.9744065734303149,mustOut,processHeat_medium
DK,hh0068,0.9793651873037561,mustOut,processHeat_medium
DK,hh0069,0.9638862612373487,mustOut,processHeat_medium
DK,hh0070,0.9634235199046088,mustOut,processHeat_medium
DK,hh0071,0.9698748179976064,mustOut,processHeat_medium
DK,hh0072,0.9619158309751583,mustOut,processHeat_medium
DK,hh0073,0.9503314902267448,mustOut,processHeat_medium
DK,hh0074,0.9466027378698527,mustOut,processHeat_medium
DK,hh0075,0.9615822973387367,mustOut,processHeat_medium
DK,hh0076,0.9527190052026526,mustOut,processHeat_medium
DK,hh0077,0.9546214180018069,mustOut,processHeat_medium
DK,hh0078,0.9451061449703957,mustOut,processHeat_medium
DK,hh0079,0.9581438333912047,mustOut,processHeat_medium
DK,hh0080,0.9714107576369315,mustOut,processHeat_medium
DK,hh0081,0.9775327125821605,mustOut,processHeat_medium
DK,hh0082,0.9580646042550143,mustOut,processHeat_medium
DK,hh0083,0.950381727363947,mustOut,processHeat_medium
DK,hh0084,0.9719159852506891,mustOut,processHeat_medium
EE,hh0043,0.9846079549970455,mustOut,processHeat_medium
EE,hh0044,0.9678885354633167,mustOut,processHeat_medium
EE,hh0045,0.9596120746718952,mustOut,processHeat_medium
EE,hh0046,0.9615543752593112,mustOut,processHeat_medium
EE,hh0047,0.960444320679926,mustOut,processHeat_medium
EE,hh0048,0.9360444447502232,mustOut,processHeat_medium
EE,hh0049,0.9678802968760465,mustOut,processHeat_medium
EE,hh0050,0.9896486301095138,mustOut,processHeat_medium
EE,hh0051,0.9827120209561144,mustOut,processHeat_medium
EE,hh0052,0.9617110962226434,mustOut,processHeat_medium
EE,hh0053,0.9636942914730753,mustOut,processHeat_medium
EE,hh0054,0.953944765245069,mustOut,processHeat_medium
EE,hh0055,0.9612113876910371,mustOut,processHeat_medium
EE,hh0056,0.9763823616749505,mustOut,processHeat_medium
EE,hh0057,0.9846953502110409,mustOut,processHeat_medium
EE,hh0058,0.9879146416096773,mustOut,processHeat_medium
EE,hh0059,0.9796238470194112,mustOut,processHeat_medium
EE,hh0060,0.9617580765420826,mustOut,processHeat_medium
EE,hh0061,0.9534172012668023,mustOut,processHeat_medium
EE,hh0062,0.9438759737786313,mustOut,processHeat_medium
EE,hh0063,0.9609394371682356,mustOut,processHeat_medium
EE,hh0064,0.9491965143552079,mustOut,processHeat_medium
EE,hh0065,0.9551383323582741,mustOut,processHeat_medium
EE,hh0066,0.9844301981815988,mustOut,processHeat_medium
EE,hh0067,0.9745549649919667,mustOut,processHeat_medium
EE,hh0068,0.9793472719652527,mustOut,processHeat_medium
EE,hh0069,0.9634048884945514,mustOut,processHeat_medium
EE,hh0070,0.9644610247787568,mustOut,processHeat_medium
EE,hh0071,0.9703333195698178,mustOut,processHeat_medium
EE,hh0072,0.9609874490620314,mustOut,processHeat_medium
EE,hh0073,0.949648244459695,mustOut,processHeat_medium
EE,hh0074,0.9460223332644091,mustOut,processHeat_medium
EE,hh0075,0.9603336516747731,mustOut,processHeat_medium
EE,hh0076,0.951680191953983,mustOut,processHeat_medium
EE,hh0077,0.9543238136548098,mustOut,processHeat_medium
EE,hh0078,0.9453989681828716,mustOut,processHeat_medium
EE,hh0079,0.9576894209840248,mustOut,processHeat_medium
EE,hh0080,0.9704781720056417,mustOut,processHeat_medium
EE,hh0081,0.9765550302086012,mustOut,processHeat_medium
EE,hh0082,0.9581230013250206,mustOut,processHeat_medium
EE,hh0083,0.9508852666472194,mustOut,processHeat_medium
EE,hh0084,0.9710298449226684,mustOut,processHeat_medium
ES,hh0043,0.9788451673302916,mustOut,processHeat_medium
ES,hh0044,0.9686995907459277,mustOut,processHeat_medium
ES,hh0045,0.9529745113795798,mustOut,processHeat_medium
ES,hh0046,0.9628242332951231,mustOut,processHeat_medium
ES,hh0047,0.9597057888904601,mustOut,processHeat_medium
ES,hh0048,0.9396401849498943,mustOut,processHeat_medium
ES,hh0049,0.9640877637320955,mustOut,processHeat_medium
ES,hh0050,0.9826950665851655,mustOut,processHeat_medium
ES,hh0051,0.9787150258675865,mustOut,processHeat_medium
ES,hh0052,0.9686652578002395,mustOut,processHeat_medium
ES,hh0053,0.9676334073296857,mustOut,processHeat_medium
ES,hh0054,0.9618510928107753,mustOut,processHeat_medium
ES,hh0055,0.9584037516933677,mustOut,processHeat_medium
ES,hh0056,0.9673992951084074,mustOut,processHeat_medium
ES,hh0057,0.977401686198391,mustOut,processHeat_medium
ES,hh0058,0.9885887047594224,mustOut,processHeat_medium
ES,hh0059,0.979404861934654,mustOut,processHeat_medium
ES,hh0060,0.9622534126674509,mustOut,processHeat_medium
ES,hh0061,0.952304253211878,mustOut,processHeat_medium
ES,hh0062,0.950471220993677,mustOut,processHeat_medium
ES,hh0063,0.9676984121292662,mustOut,processHeat_medium
ES,hh0064,0.9547299466130426,mustOut,processHeat_medium
ES,hh0065,0.9551185947038903,mustOut,processHeat_medium
ES,hh0066,0.9759022247744724,mustOut,processHeat_medium
ES,hh0067,0.9658996733255663,mustOut,processHeat_medium
ES,hh0068,0.9742850909251501,mustOut,processHeat_medium
ES,hh0069,0.9650422746208278,mustOut,processHeat_medium
ES,hh0070,0.9641190443562664,mustOut,processHeat_medium
ES,hh0071,0.9634982304437472,mustOut,processHeat_medium
ES,hh0072,0.9564092767564034,mustOut,processHeat_medium
ES,hh0073,0.9552422425995246,mustOut,processHeat_medium
ES,hh0074,0.9542632088032406,mustOut,processHeat_medium
ES,hh0075,0.9572218967373374,mustOut,processHeat_medium
ES,hh0076,0.947857020088577,mustOut,processHeat_medium
ES,hh0077,0.9524942439466031,mustOut,processHeat_medium
ES,hh0078,0.9563369604752552,mustOut,processHeat_medium
ES,hh0079,0.965985798517977,mustOut,processHeat_medium
ES,hh0080,0.9739856963838065,mustOut,processHeat_medium
ES,hh0081,0.9793898016473577,mustOut,processHeat_medium
ES,hh0082,0.959261230445918,mustOut,processHeat_medium
ES,hh0083,0.9565756935403442,mustOut,processHeat_medium
ES,hh0084,0.9739301180097755,mustOut,processHeat_medium
FI,hh0043,0.9603963718666255,mustOut,processHeat_medium
FI,hh0044,0.9600027271992331,mustOut,processHeat_medium
FI,hh0045,0.9625664290282538,mustOut,processHeat_medium
FI,hh0046,0.9559868042224472,mustOut,processHeat_medium
FI,hh0047,0.9509768322197837,mustOut,processHeat_medium
FI,hh0048,0.9262941154846027,mustOut,processHeat_medium
FI,hh0049,0.953425816498065,mustOut,processHeat_medium
FI,hh0050,0.9762788882333461,mustOut,processHeat_medium
FI,hh0051,0.9897047839199732,mustOut,processHeat_medium
FI,hh0052,0.9572432472853984,mustOut,processHeat_medium
FI,hh0053,0.9573701269435186,mustOut,processHeat_medium
FI,hh0054,0.9562054322367268,mustOut,processHeat_medium
FI,hh0055,0.9662040634685737,mustOut,processHeat_medium
FI,hh0056,0.9626912163494978,mustOut,processHeat_medium
FI,hh0057,0.9621228339412966,mustOut,processHeat_medium
FI,hh0058,0.9774586219226381,mustOut,processHeat_medium
FI,hh0059,0.9848425024253946,mustOut,processHeat_medium
FI,hh0060,0.9606871446948066,mustOut,processHeat_medium
FI,hh0061,0.9606860360064378,mustOut,processHeat_medium
FI,hh0062,0.9606996549872766,mustOut,processHeat_medium
FI,hh0063,0.9674510571406377,mustOut,processHeat_medium
FI,hh0064,0.9750701488629793,mustOut,processHeat_medium
FI,hh0065,0.9825257319800419,mustOut,processHeat_medium
FI,hh0066,0.9637167411633052,mustOut,processHeat_medium
FI,hh0067,0.9664603618611286,mustOut,processHeat_medium
FI,hh0068,0.971539070159484,mustOut,processHeat_medium
FI,hh0069,0.9605768822049771,mustOut,processHeat_medium
FI,hh0070,0.9821751082528485,mustOut,processHeat_medium
FI,hh0071,0.969780701290555,mustOut,processHeat_medium
FI,hh0072,0.9435700722501091,mustOut,processHeat_medium
FI,hh0073,0.9543018135772119,mustOut,processHeat_medium
FI,hh0074,0.955185125730507,mustOut,processHeat_medium
FI,hh0075,0.9384602502199854,mustOut,processHeat_medium
FI,hh0076,0.9378143785496524,mustOut,processHeat_medium
FI,hh0077,0.9518127261293545,mustOut,processHeat_medium
FI,hh0078,0.9679261053127898,mustOut,processHeat_medium
FI,hh0079,0.9644288545991182,mustOut,processHeat_medium
FI,hh0080,0.959980074041286,mustOut,processHeat_medium
FI,hh0081,0.9645337706168293,mustOut,processHeat_medium
FI,hh0082,0.9642205096757347,mustOut,processHeat_medium
FI,hh0083,0.9714974580946553,mustOut,processHeat_medium
FI,hh0084,0.9622812537189178,mustOut,processHeat_medium
FR,hh0043,0.9801817869224578,mustOut,processHeat_medium
FR,hh0044,0.9695181005022278,mustOut,processHeat_medium
FR,hh0045,0.9533992979568211,mustOut,processHeat_medium
FR,hh0046,0.9637701401211416,mustOut,processHeat_medium
FR,hh0047,0.9612723904042468,mustOut,processHeat_medium
FR,hh0048,0.9427703347314491,mustOut,processHeat_medium
FR,hh0049,0.966055195707213,mustOut,processHeat_medium
FR,hh0050,0.9831974861517665,mustOut,processHeat_medium
FR,hh0051,0.9777413200290539,mustOut,processHeat_medium
FR,hh0052,0.9695284896274643,mustOut,processHeat_medium
FR,hh0053,0.968977293716307,mustOut,processHeat_medium
FR,hh0054,0.9631444879855735,mustOut,processHeat_medium
FR,hh0055,0.9588536750861749,mustOut,processHeat_medium
FR,hh0056,0.968458209086748,mustOut,processHeat_medium
FR,hh0057,0.9788505589308443,mustOut,processHeat_medium
FR,hh0058,0.9887465970032281,mustOut,processHeat_medium
FR,hh0059,0.978862417399796,mustOut,processHeat_medium
FR,hh0060,0.9628385917999367,mustOut,processHeat_medium
FR,hh0061,0.952823146911669,mustOut,processHeat_medium
FR,hh0062,0.9504826964853237,mustOut,processHeat_medium
FR,hh0063,0.9676735778471084,mustOut,processHeat_medium
FR,hh0064,0.9541951645792324,mustOut,processHeat_medium
FR,hh0065,0.954226878739064,mustOut,processHeat_medium
FR,hh0066,0.9769411438246607,mustOut,processHeat_medium
FR,hh0067,0.9664675718627223,mustOut,processHeat_medium
FR,hh0068,0.9745481613340417,mustOut,processHeat_medium
FR,hh0069,0.9658715311743435,mustOut,processHeat_medium
FR,hh0070,0.9631656940068751,mustOut,processHeat_medium
FR,hh0071,0.963758316919666,mustOut,processHeat_medium
FR,hh0072,0.9587896822913535,mustOut,processHeat_medium
FR,hh0073,0.9560104623442385,mustOut,processHeat_medium
FR,hh0074,0.955027779941247,mustOut,processHeat_medium
FR,hh0075,0.9602107557861927,mustOut,processHeat_medium
FR,hh0076,0.9503002584456226,mustOut,processHeat_medium
FR,hh0077,0.9539959019443813,mustOut,processHeat_medium
FR,hh0078,0.9564168323349804,mustOut,processHeat_medium
FR,hh0079,0.9663805650066024,mustOut,processHeat_medium
FR,hh0080,0.9751498183691183,mustOut,processHeat_medium
FR,hh0081,0.980089534851686,mustOut,processHeat_medium
FR,hh0082,0.959684603759797,mustOut,processHeat_medium
FR,hh0083,0.9561424191751939,mustOut,processHeat_medium
FR,hh0084,0.9746645699478904,mustOut,processHeat_medium
GR,hh0043,0.9857137744988904,mustOut,processHeat_medium
GR,hh0044,0.9685205290293197,mustOut,processHeat_medium
GR,hh0045,0.9595370125448426,mustOut,processHeat_medium
GR,hh0046,0.9621842021001612,mustOut,processHeat_medium
GR,hh0047,0.9611931494860073,mustOut,processHeat_medium
GR,hh0048,0.9373167534904496,mustOut,processHeat_medium
GR,hh0049,0.9685693698188516,mustOut,processHeat_medium
GR,hh0050,0.9898896973513729,mustOut,processHeat_medium
GR,hh0051,0.9820169397276004,mustOut,processHeat_medium
GR,hh0052,0.9624110499917151,mustOut,processHeat_medium
GR,hh0053,0.9642292347448347,mustOut,processHeat_medium
GR,hh0054,0.9541947174520828,mustOut,processHeat_medium
GR,hh0055,0.9609806845228377,mustOut,processHeat_medium
GR,hh0056,0.9768822711653229,mustOut,processHeat_medium
GR,hh0057,0.985572869005864,mustOut,processHeat_medium
GR,hh0058,0.9882777194120536,mustOut,processHeat_medium
GR,hh0059,0.9791334616670611,mustOut,processHeat_medium
GR,hh0060,0.9620865578367557,mustOut,processHeat_medium
GR,hh0061,0.9532857818530829,mustOut,processHeat_medium
GR,hh0062,0.943620308843947,mustOut,processHeat_medium
GR,hh0063,0.9609986510813542,mustOut,processHeat_medium
GR,hh0064,0.948084065031253,mustOut,processHeat_medium
GR,hh0065,0.9536515641980259,mustOut,processHeat_medium
GR,hh0066,0.9852741737381621,mustOut,processHeat_medium
GR,hh0067,0.9748131404967353,mustOut,processHeat_medium
GR,hh0068,0.9796059611899182,mustOut,processHeat_medium
GR,hh0069,0.963768730715401,mustOut,processHeat_medium
GR,hh0070,0.9635421374041471,mustOut,processHeat_medium
GR,hh0071,0.970231781340317,mustOut,processHeat_medium
GR,hh0072,0.9620360704552695,mustOut,processHeat_medium
GR,hh0073,0.9499801600227329,mustOut,processHeat_medium
GR,hh0074,0.9461500989136766,mustOut,processHeat_medium
GR,hh0075,0.9616206762561887,mustOut,processHeat_medium
GR,hh0076,0.952767219422185,mustOut,processHeat_medium
GR,hh0077,0.9546712634419237,mustOut,processHeat_medium
GR,hh0078,0.9446472540771538,mustOut,processHeat_medium
GR,hh0079,0.9577286196135901,mustOut,processHeat_medium
GR,hh0080,0.9711863703018935,mustOut,processHeat_medium
GR,hh0081,0.9773256217977178,mustOut,processHeat_medium
GR,hh0082,0.9580156285974226,mustOut,processHeat_medium
GR,hh0083,0.9501594670432496,mustOut,processHeat_medium
GR,hh0084,0.9717051762436313,mustOut,processHeat_medium
HR,hh0043,0.9697189778526081,mustOut,processHeat_medium
HR,hh0044,0.9658122423952591,mustOut,processHeat_medium
HR,hh0045,0.9549743877828405,mustOut,processHeat_medium
HR,hh0046,0.9607368244046484,mustOut,processHeat_medium
HR,hh0047,0.9564058156179271,mustOut,processHeat_medium
HR,hh0048,0.93572845436438,mustOut,processHeat_medium
HR,hh0049,0.9596204702156683,mustOut,processHeat_medium
HR,hh0050,0.9788044043821174,mustOut,processHeat_medium
HR,hh0051,0.9828409892443233,mustOut,processHeat_medium
HR,hh0052,0.9668271936002384,mustOut,processHeat_medium
HR,hh0053,0.9659447976114279,mustOut,processHeat_medium
HR,hh0054,0.9636676976301715,mustOut,processHeat_medium
HR,hh0055,0.9616060461867164,mustOut,processHeat_medium
HR,hh0056,0.9629696881474956,mustOut,processHeat_medium
HR,hh0057,0.9694687729925135,mustOut,processHeat_medium
HR,hh0058,0.9852383993011244,mustOut,processHeat_medium
HR,hh0059,0.9827997090537792,mustOut,processHeat_medium
HR,hh0060,0.9621516336969762,mustOut,processHeat_medium
HR,hh0061,0.9559945515843538,mustOut,processHeat_medium
HR,hh0062,0.9572913430210974,mustOut,processHeat_medium
HR,hh0063,0.9704658389232463,mustOut,processHeat_medium
HR,hh0064,0.9664014062905153,mustOut,processHeat_medium
HR,hh0065,0.967962440357951,mustOut,processHeat_medium
HR,hh0066,0.9683130683956733,mustOut,processHeat_medium
HR,hh0067,0.9635775236929476,mustOut,processHeat_medium
HR,hh0068,0.9719519066420617,mustOut,processHeat_medium
HR,hh0069,0.9645044782650984,mustOut,processHeat_medium
HR,hh0070,0.9723201630122276,mustOut,processHeat_medium
HR,hh0071,0.9643857229757486,mustOut,processHeat_medium
HR,hh0072,0.950202906190043,mustOut,processHeat_medium
HR,hh0073,0.9571100594489508,mustOut,processHeat_medium
HR,hh0074,0.9581626402541588,mustOut,processHeat_medium
HR,hh0075,0.9493983501479306,mustOut,processHeat_medium
HR,hh0076,0.9426441188015815,mustOut,processHeat_medium
HR,hh0077,0.9524123598489496,mustOut,processHeat_medium
HR,hh0078,0.9664632269709728,mustOut,processHeat_medium
HR,hh0079,0.9691912039766066,mustOut,processHeat_medium
HR,hh0080,0.9704001865216014,mustOut,processHeat_medium
HR,hh0081,0.9748265521466237,mustOut,processHeat_medium
HR,hh0082,0.9625322814181345,mustOut,processHeat_medium
HR,hh0083,0.9656036765327372,mustOut,processHeat_medium
HR,hh0084,0.9706635894876854,mustOut,processHeat_medium
HU,hh0043,0.9857842483608505,mustOut,processHeat_medium
HU,hh0044,0.9711041203705661,mustOut,processHeat_medium
HU,hh0045,0.962658999796186,mustOut,processHeat_medium
HU,hh0046,0.9656105985676258,mustOut,processHeat_medium
HU,hh0047,0.9631413670650995,mustOut,processHeat_medium
HU,hh0048,0.9417083868800539,mustOut,processHeat_medium
HU,hh0049,0.9672642846153067,mustOut,processHeat_medium
HU,hh0050,0.9880212808881411,mustOut,processHeat_medium
HU,hh0051,0.9825396085445743,mustOut,processHeat_medium
HU,hh0052,0.966021952009211,mustOut,processHeat_medium
HU,hh0053,0.9647776676876076,mustOut,processHeat_medium
HU,hh0054,0.9556313364913654,mustOut,processHeat_medium
HU,hh0055,0.962549321591323,mustOut,processHeat_medium
HU,hh0056,0.9767985028408609,mustOut,processHeat_medium
HU,hh0057,0.9840253560730634,mustOut,processHeat_medium
HU,hh0058,0.9882322489896707,mustOut,processHeat_medium
HU,hh0059,0.9792420867667778,mustOut,processHeat_medium
HU,hh0060,0.9655058089115667,mustOut,processHeat_medium
HU,hh0061,0.9569175924638725,mustOut,processHeat_medium
HU,hh0062,0.9506299463652722,mustOut,processHeat_medium
HU,hh0063,0.9652504742455381,mustOut,processHeat_medium
HU,hh0064,0.9517306337311043,mustOut,processHeat_medium
HU,hh0065,0.9559525241593876,mustOut,processHeat_medium
HU,hh0066,0.9855092391670748,mustOut,processHeat_medium
HU,hh0067,0.9758579541638889,mustOut,processHeat_medium
HU,hh0068,0.9806827178560287,mustOut,processHeat_medium
HU,hh0069,0.9658705870306106,mustOut,processHeat_medium
HU,hh0070,0.9664216867175337,mustOut,processHeat_medium
HU,hh0071,0.9714375712831131,mustOut,processHeat_medium
HU,hh0072,0.9623158320750925,mustOut,processHeat_medium
HU,hh0073,0.9552766296283683,mustOut,processHeat_medium
HU,hh0074,0.9512235517391603,mustOut,processHeat_medium
HU,hh0075,0.9606293072421141,mustOut,processHeat_medium
HU,hh0076,0.9552646527506686,mustOut,processHeat_medium
HU,hh0077,0.9564519020224749,mustOut,processHeat_medium
HU,hh0078,0.9481894909466417,mustOut,processHeat_medium
HU,hh0079,0.9609001278571889,mustOut,processHeat_medium
HU,hh0080,0.9718879554688118,mustOut,processHeat_medium
HU,hh0081,0.9791310678301941,mustOut,processHeat_medium
HU,hh0082,0.9607403829944425,mustOut,processHeat_medium
HU,hh0083,0.9548068830544769,mustOut,processHeat_medium
HU,hh0084,0.9739939258083334,mustOut,processHeat_medium
IE,hh0043,0.9868167237724617,mustOut,processHeat_medium
IE,hh0044,0.9686675070772335,mustOut,processHeat_medium
IE,hh0045,0.9609212947150585,mustOut,processHeat_medium
IE,hh0046,0.9623161532436451,mustOut,processHeat_medium
IE,hh0047,0.9615836691713839,mustOut,processHeat_medium
IE,hh0048,0.9372162023969368,mustOut,processHeat_medium
IE,hh0049,0.9692637422180554,mustOut,processHeat_medium
IE,hh0050,0.9910154078730584,mustOut,processHeat_medium
IE,hh0051,0.9827271676822014,mustOut,processHeat_medium
IE,hh0052,0.9616071003810953,mustOut,processHeat_medium
IE,hh0053,0.9637338770811108,mustOut,processHeat_medium
IE,hh0054,0.9530824681259553,mustOut,processHeat_medium
IE,hh0055,0.9616212657447181,mustOut,processHeat_medium
IE,hh0056,0.978479611812916,mustOut,processHeat_medium
IE,hh0057,0.9868232007054667,mustOut,processHeat_medium
IE,hh0058,0.9882462624243573,mustOut,processHeat_medium
IE,hh0059,0.9792117762661932,mustOut,processHeat_medium
IE,hh0060,0.9623259085351401,mustOut,processHeat_medium
IE,hh0061,0.9537909004803786,mustOut,processHeat_medium
IE,hh0062,0.9430545443846947,mustOut,processHeat_medium
IE,hh0063,0.9602205939412554,mustOut,processHeat_medium
IE,hh0064,0.9474140225836825,mustOut,processHeat_medium
IE,hh0065,0.9537920434847749,mustOut,processHeat_medium
IE,hh0066,0.9868263864238216,mustOut,processHeat_medium
IE,hh0067,0.9764059458010919,mustOut,processHeat_medium
IE,hh0068,0.9805970830269779,mustOut,processHeat_medium
IE,hh0069,0.9637386512228052,mustOut,processHeat_medium
IE,hh0070,0.9637941473271416,mustOut,processHeat_medium
IE,hh0071,0.9715138405067363,mustOut,processHeat_medium
IE,hh0072,0.962987085339096,mustOut,processHeat_medium
IE,hh0073,0.9495053663701285,mustOut,processHeat_medium
IE,hh0074,0.9452100093849041,mustOut,processHeat_medium
IE,hh0075,0.9622701502125091,mustOut,processHeat_medium
IE,hh0076,0.9537453236392319,mustOut,processHeat_medium
IE,hh0077,0.9552149387011659,mustOut,processHeat_medium
IE,hh0078,0.9430937921535734,mustOut,processHeat_medium
IE,hh0079,0.9566333312568005,mustOut,processHeat_medium
IE,hh0080,0.9707740657269748,mustOut,processHeat_medium
IE,hh0081,0.9770835199335282,mustOut,processHeat_medium
IE,hh0082,0.9580820083308341,mustOut,processHeat_medium
IE,hh0083,0.9495499132418601,mustOut,processHeat_medium
IE,hh0084,0.9714827934228385,mustOut,processHeat_medium
IT,hh0043,0.9742760868516598,mustOut,processHeat_medium
IT,hh0044,0.967735713795264,mustOut,processHeat_medium
IT,hh0045,0.9564031287563921,mustOut,processHeat_medium
IT,hh0046,0.9624063923533868,mustOut,processHeat_medium
IT,hh0047,0.9584618777539617,mustOut,processHeat_medium
IT,hh0048,0.9372651118301292,mustOut,processHeat_medium
IT,hh0049,0.9619938828082013,mustOut,processHeat_medium
IT,hh0050,0.9815879709258297,mustOut,processHeat_medium
IT,hh0051,0.9830374481202853,mustOut,processHeat_medium
IT,hh0052,0.9676382187394665,mustOut,processHeat_medium
IT,hh0053,0.9666387735169337,mustOut,processHeat_medium
IT,hh0054,0.9626737570442856,mustOut,processHeat_medium
IT,hh0055,0.9618539275893454,mustOut,processHeat_medium
IT,hh0056,0.9664238660716364,mustOut,processHeat_medium
IT,hh0057,0.9736037767029302,mustOut,processHeat_medium
IT,hh0058,0.9870433713685998,mustOut,processHeat_medium
IT,hh0059,0.9825826517821952,mustOut,processHeat_medium
IT,hh0060,0.9633066542319284,mustOut,processHeat_medium
IT,hh0061,0.9560672117249851,mustOut,processHeat_medium
IT,hh0062,0.9556782538588777,mustOut,processHeat_medium
IT,hh0063,0.9699541911163578,mustOut,processHeat_medium
IT,hh0064,0.962935456042942,mustOut,processHeat_medium
IT,hh0065,0.9647720950392795,mustOut,processHeat_medium
IT,hh0066,0.9728104984769743,mustOut,processHeat_medium
IT,hh0067,0.9664971338747819,mustOut,processHeat_medium
IT,hh0068,0.9744004986241634,mustOut,processHeat_medium
IT,hh0069,0.9654272017705807,mustOut,processHeat_medium
IT,hh0070,0.9709250038367827,mustOut,processHeat_medium
IT,hh0071,0.9660126665139614,mustOut,processHeat_medium
IT,hh0072,0.9534517639644946,mustOut,processHeat_medium
IT,hh0073,0.9570332887556106,mustOut,processHeat_medium
IT,hh0074,0.9569500087350207,mustOut,processHeat_medium
IT,hh0075,0.9527136735291606,mustOut,processHeat_medium
IT,hh0076,0.9456912088285208,mustOut,processHeat_medium
IT,hh0077,0.9534761175182211,mustOut,processHeat_medium
IT,hh0078,0.9626168719423731,mustOut,processHeat_medium
IT,hh0079,0.9680706132535306,mustOut,processHeat_medium
IT,hh0080,0.9718669451581263,mustOut,processHeat_medium
IT,hh0081,0.9769430061433013,mustOut,processHeat_medium
IT,hh0082,0.9623471966401667,mustOut,processHeat_medium
IT,hh0083,0.963161677644166,mustOut,processHeat_medium
IT,hh0084,0.9723939208515731,mustOut,processHeat_medium
LT,hh0043,0.9846055945490662,mustOut,processHeat_medium
LT,hh0044,0.9677877891303979,mustOut,processHeat_medium
LT,hh0045,0.9581675310346327,mustOut,processHeat_medium
LT,hh0046,0.961356174843786,mustOut,processHeat_medium
LT,hh0047,0.9602729705507045,mustOut,processHeat_medium
LT,hh0048,0.9363152374567107,mustOut,processHeat_medium
LT,hh0049,0.9677770533735384,mustOut,processHeat_medium
LT,hh0050,0.9892063439265257,mustOut,processHeat_medium
LT,hh0051,0.9816151149902907,mustOut,processHeat_medium
LT,hh0052,0.9621185970790975,mustOut,processHeat_medium
LT,hh0053,0.9640188820517324,mustOut,processHeat_medium
LT,hh0054,0.9543365984868615,mustOut,processHeat_medium
LT,hh0055,0.9602287988177522,mustOut,processHeat_medium
LT,hh0056,0.9755661060421517,mustOut,processHeat_medium
LT,hh0057,0.9845460202086542,mustOut,processHeat_medium
LT,hh0058,0.9881203535369423,mustOut,processHeat_medium
LT,hh0059,0.979052968488304,mustOut,processHeat_medium
LT,hh0060,0.9612850791136225,mustOut,processHeat_medium
LT,hh0061,0.952411071203187,mustOut,processHeat_medium
LT,hh0062,0.9431742698848211,mustOut,processHeat_medium
LT,hh0063,0.9608308178094376,mustOut,processHeat_medium
LT,hh0064,0.948200762372835,mustOut,processHeat_medium
LT,hh0065,0.9535208774491366,mustOut,processHeat_medium
LT,hh0066,0.983957147746878,mustOut,processHeat_medium
LT,hh0067,0.9734742203759197,mustOut,processHeat_medium
LT,hh0068,0.9786817424669607,mustOut,processHeat_medium
LT,hh0069,0.9632208894745418,mustOut,processHeat_medium
LT,hh0070,0.9631569098783075,mustOut,processHeat_medium
LT,hh0071,0.9691369724564538,mustOut,processHeat_medium
LT,hh0072,0.9608013855804529,mustOut,processHeat_medium
LT,hh0073,0.9494272637302856,mustOut,processHeat_medium
LT,hh0074,0.945949325086076,mustOut,processHeat_medium
LT,hh0075,0.9605814901001395,mustOut,processHeat_medium
LT,hh0076,0.9513107344332639,mustOut,processHeat_medium
LT,hh0077,0.9537558619622359,mustOut,processHeat_medium
LT,hh0078,0.9451920645278733,mustOut,processHeat_medium
LT,hh0079,0.9578255949568302,mustOut,processHeat_medium
LT,hh0080,0.9709172102839148,mustOut,processHeat_medium
LT,hh0081,0.9769214580801417,mustOut,processHeat_medium
LT,hh0082,0.957477645468316,mustOut,processHeat_medium
LT,hh0083,0.9500555631207135,mustOut,processHeat_medium
LT,hh0084,0.9712292323170004,mustOut,processHeat_medium
LU,hh0043,0.9800618503682905,mustOut,processHeat_medium
LU,hh0044,0.9807421796838544,mustOut,processHeat_medium
LU,hh0045,0.9764097210349172,mustOut,processHeat_medium
LU,hh0046,0.9802569489775949,mustOut,processHeat_medium
LU,hh0047,0.9724354330513247,mustOut,processHeat_medium
LU,hh0048,0.9624132161022212,mustOut,processHeat_medium
LU,hh0049,0.9618302563368352,mustOut,processHeat_medium
LU,hh0050,0.9719786209575967,mustOut,processHeat_medium
LU,hh0051,0.9777027761874622,mustOut,processHeat_medium
LU,hh0052,0.9808809794816358,mustOut,processHeat_medium
LU,hh0053,0.9676606594131452,mustOut,processHeat_medium
LU,hh0054,0.9630259798495826,mustOut,processHeat_medium
LU,hh0055,0.9693678871042635,mustOut,processHeat_medium
LU,hh0056,0.9740217515941921,mustOut,processHeat_medium
LU,hh0057,0.9723076420360454,mustOut,processHeat_medium
LU,hh0058,0.9790790385642578,mustOut,processHeat_medium
LU,hh0059,0.9738140108964731,mustOut,processHeat_medium
LU,hh0060,0.979769518122593,mustOut,processHeat_medium
LU,hh0061,0.972751374055576,mustOut,processHeat_medium
LU,hh0062,0.9794717868430077,mustOut,processHeat_medium
LU,hh0063,0.9821129822749018,mustOut,processHeat_medium
LU,hh0064,0.9664581212189324,mustOut,processHeat_medium
LU,hh0065,0.9641787603293235,mustOut,processHeat_medium
LU,hh0066,0.9805086843442832,mustOut,processHeat_medium
LU,hh0067,0.9778985298109591,mustOut,processHeat_medium
LU,hh0068,0.98045550418107,mustOut,processHeat_medium
LU,hh0069,0.9745869737676267,mustOut,processHeat_medium
LU,hh0070,0.9766089263597806,mustOut,processHeat_medium
LU,hh0071,0.9751222506178452,mustOut,processHeat_medium
LU,hh0072,0.9660560579839172,mustOut,processHeat_medium
LU,hh0073,0.9782230062231422,mustOut,processHeat_medium
LU,hh0074,0.9729775873197606,mustOut,processHeat_medium
LU,hh0075,0.9600847416035012,mustOut,processHeat_medium
LU,hh0076,0.96882924248061,mustOut,processHeat_medium
LU,hh0077,0.9660468722888943,mustOut,processHeat_medium
LU,hh0078,0.9627583828873518,mustOut,processHeat_medium
LU,hh0079,0.9735938984152119,mustOut,processHeat_medium
LU,hh0080,0.9733874790166305,mustOut,processHeat_medium
LU,hh0081,0.9825906084912105,mustOut,processHeat_medium
LU,hh0082,0.9724181238098728,mustOut,processHeat_medium
LU,hh0083,0.9736807954616432,mustOut,processHeat_medium
LU,hh0084,0.9813680375987673,mustOut,processHeat_medium
LV,hh0043,0.9864280517356485,mustOut,processHeat_medium
LV,hh0044,0.9697338473403725,mustOut,processHeat_medium
LV,hh0045,0.9615384851316855,mustOut,processHeat_medium
LV,hh0046,0.9637388608947629,mustOut,processHeat_medium
LV,hh0047,0.9622868421512012,mustOut,processHeat_medium
LV,hh0048,0.939181351916003,mustOut,processHeat_medium
LV,hh0049,0.968515562742636,mustOut,processHeat_medium
LV,hh0050,0.9897912739800644,mustOut,processHeat_medium
LV,hh0051,0.9825745593534727,mustOut,processHeat_medium
LV,hh0052,0.9635799984875411,mustOut,processHeat_medium
LV,hh0053,0.9643046518005973,mustOut,processHeat_medium
LV,hh0054,0.9542993993916569,mustOut,processHeat_medium
LV,hh0055,0.9619750343208591,mustOut,processHeat_medium
LV,hh0056,0.9777496378122829,mustOut,processHeat_medium
LV,hh0057,0.985717523991498,mustOut,processHeat_medium
LV,hh0058,0.9883030933850432,mustOut,processHeat_medium
LV,hh0059,0.979230555723032,mustOut,processHeat_medium
LV,hh0060,0.963669287452038,mustOut,processHeat_medium
LV,hh0061,0.9550561529518274,mustOut,processHeat_medium
LV,hh0062,0.9462462494348954,mustOut,processHeat_medium
LV,hh0063,0.9623915672264111,mustOut,processHeat_medium
LV,hh0064,0.9492029785341587,mustOut,processHeat_medium
LV,hh0065,0.9545914151107027,mustOut,processHeat_medium
LV,hh0066,0.9862604469507057,mustOut,processHeat_medium
LV,hh0067,0.9761040543888363,mustOut,processHeat_medium
LV,hh0068,0.9805989492488929,mustOut,processHeat_medium
LV,hh0069,0.9646872512568885,mustOut,processHeat_medium
LV,hh0070,0.9648144881132723,mustOut,processHeat_medium
LV,hh0071,0.9714052616538599,mustOut,processHeat_medium
LV,hh0072,0.9627613457750538,mustOut,processHeat_medium
LV,hh0073,0.9519896200922944,mustOut,processHeat_medium
LV,hh0074,0.947826633038575,mustOut,processHeat_medium
LV,hh0075,0.9616973804074532,mustOut,processHeat_medium
LV,hh0076,0.9543989283512346,mustOut,processHeat_medium
LV,hh0077,0.9557397922164732,mustOut,processHeat_medium
LV,hh0078,0.9453178706419071,mustOut,processHeat_medium
LV,hh0079,0.9585333119378147,mustOut,processHeat_medium
LV,hh0080,0.9713741233069879,mustOut,processHeat_medium
LV,hh0081,0.9780286070542604,mustOut,processHeat_medium
LV,hh0082,0.959199629720316,mustOut,processHeat_medium
LV,hh0083,0.9517524138612794,mustOut,processHeat_medium
LV,hh0084,0.97261475986868,mustOut,processHeat_medium
ME,hh0043,0.9697189778526081,mustOut,processHeat_medium
ME,hh0044,0.9658122423952591,mustOut,processHeat_medium
ME,hh0045,0.9549743877828405,mustOut,processHeat_medium
ME,hh0046,0.9607368244046484,mustOut,processHeat_medium
ME,hh0047,0.9564058156179271,mustOut,processHeat_medium
ME,hh0048,0.93572845436438,mustOut,processHeat_medium
ME,hh0049,0.9596204702156683,mustOut,processHeat_medium
ME,hh0050,0.9788044043821174,mustOut,processHeat_medium
ME,hh0051,0.9828409892443233,mustOut,processHeat_medium
ME,hh0052,0.9668271936002384,mustOut,processHeat_medium
ME,hh0053,0.9659447976114279,mustOut,processHeat_medium
ME,hh0054,0.9636676976301715,mustOut,processHeat_medium
ME,hh0055,0.9616060461867164,mustOut,processHeat_medium
ME,hh0056,0.9629696881474956,mustOut,processHeat_medium
ME,hh0057,0.9694687729925135,mustOut,processHeat_medium
ME,hh0058,0.9852383993011244,mustOut,processHeat_medium
ME,hh0059,0.9827997090537792,mustOut,processHeat_medium
ME,hh0060,0.9621516336969762,mustOut,processHeat_medium
ME,hh0061,0.9559945515843538,mustOut,processHeat_medium
ME,hh0062,0.9572913430210974,mustOut,processHeat_medium
ME,hh0063,0.9704658389232463,mustOut,processHeat_medium
ME,hh0064,0.9664014062905153,mustOut,processHeat_medium
ME,hh0065,0.967962440357951,mustOut,processHeat_medium
ME,hh0066,0.9683130683956733,mustOut,processHeat_medium
ME,hh0067,0.9635775236929476,mustOut,processHeat_medium
ME,hh0068,0.9719519066420617,mustOut,processHeat_medium
ME,hh0069,0.9645044782650984,mustOut,processHeat_medium
ME,hh0070,0.9723201630122276,mustOut,processHeat_medium
ME,hh0071,0.9643857229757486,mustOut,processHeat_medium
ME,hh0072,0.950202906190043,mustOut,processHeat_medium
ME,hh0073,0.9571100594489508,mustOut,processHeat_medium
ME,hh0074,0.9581626402541588,mustOut,processHeat_medium
ME,hh0075,0.9493983501479306,mustOut,processHeat_medium
ME,hh0076,0.9426441188015815,mustOut,processHeat_medium
ME,hh0077,0.9524123598489496,mustOut,processHeat_medium
ME,hh0078,0.9664632269709728,mustOut,processHeat_medium
ME,hh0079,0.9691912039766066,mustOut,processHeat_medium
ME,hh0080,0.9704001865216014,mustOut,processHeat_medium
ME,hh0081,0.9748265521466237,mustOut,processHeat_medium
ME,hh0082,0.9625322814181345,mustOut,processHeat_medium
ME,hh0083,0.9656036765327372,mustOut,processHeat_medium
ME,hh0084,0.9706635894876854,mustOut,processHeat_medium
MK,hh0043,0.9697189778526081,mustOut,processHeat_medium
MK,hh0044,0.9658122423952591,mustOut,processHeat_medium
MK,hh0045,0.9549743877828405,mustOut,processHeat_medium
MK,hh0046,0.9607368244046484,mustOut,processHeat_medium
MK,hh0047,0.9564058156179271,mustOut,processHeat_medium
MK,hh0048,0.93572845436438,mustOut,processHeat_medium
MK,hh0049,0.9596204702156683,mustOut,processHeat_medium
MK,hh0050,0.9788044043821174,mustOut,processHeat_medium
MK,hh0051,0.9828409892443233,mustOut,processHeat_medium
MK,hh0052,0.9668271936002384,mustOut,processHeat_medium
MK,hh0053,0.9659447976114279,mustOut,processHeat_medium
MK,hh0054,0.9636676976301715,mustOut,processHeat_medium
MK,hh0055,0.9616060461867164,mustOut,processHeat_medium
MK,hh0056,0.9629696881474956,mustOut,processHeat_medium
MK,hh0057,0.9694687729925135,mustOut,processHeat_medium
MK,hh0058,0.9852383993011244,mustOut,processHeat_medium
MK,hh0059,0.9827997090537792,mustOut,processHeat_medium
MK,hh0060,0.9621516336969762,mustOut,processHeat_medium
MK,hh0061,0.9559945515843538,mustOut,processHeat_medium
MK,hh0062,0.9572913430210974,mustOut,processHeat_medium
MK,hh0063,0.9704658389232463,mustOut,processHeat_medium
MK,hh0064,0.9664014062905153,mustOut,processHeat_medium
MK,hh0065,0.967962440357951,mustOut,processHeat_medium
MK,hh0066,0.9683130683956733,mustOut,processHeat_medium
MK,hh0067,0.9635775236929476,mustOut,processHeat_medium
MK,hh0068,0.9719519066420617,mustOut,processHeat_medium
MK,hh0069,0.9645044782650984,mustOut,processHeat_medium
MK,hh0070,0.9723201630122276,mustOut,processHeat_medium
MK,hh0071,0.9643857229757486,mustOut,processHeat_medium
MK,hh0072,0.950202906190043,mustOut,processHeat_medium
MK,hh0073,0.9571100594489508,mustOut,processHeat_medium
MK,hh0074,0.9581626402541588,mustOut,processHeat_medium
MK,hh0075,0.9493983501479306,mustOut,processHeat_medium
MK,hh0076,0.9426441188015815,mustOut,processHeat_medium
MK,hh0077,0.9524123598489496,mustOut,processHeat_medium
MK,hh0078,0.9664632269709728,mustOut,processHeat_medium
MK,hh0079,0.9691912039766066,mustOut,processHeat_medium
MK,hh0080,0.9704001865216014,mustOut,processHeat_medium
MK,hh0081,0.9748265521466237,mustOut,processHeat_medium
MK,hh0082,0.9625322814181345,mustOut,processHeat_medium
MK,hh0083,0.9656036765327372,mustOut,processHeat_medium
MK,hh0084,0.9706635894876854,mustOut,processHeat_medium
NL,hh0043,0.9780860757336999,mustOut,processHeat_medium
NL,hh0044,0.971225124485688,mustOut,processHeat_medium
NL,hh0045,0.951962813675052,mustOut,processHeat_medium
NL,hh0046,0.9661659230063422,mustOut,processHeat_medium
NL,hh0047,0.963480986477141,mustOut,processHeat_medium
NL,hh0048,0.9504734557238463,mustOut,processHeat_medium
NL,hh0049,0.966923235831685,mustOut,processHeat_medium
NL,hh0050,0.9797757247496528,mustOut,processHeat_medium
NL,hh0051,0.9747574989653713,mustOut,processHeat_medium
NL,hh0052,0.9746542172564859,mustOut,processHeat_medium
NL,hh0053,0.973233203821875,mustOut,processHeat_medium
NL,hh0054,0.9700196459439632,mustOut,processHeat_medium
NL,hh0055,0.9592127558875648,mustOut,processHeat_medium
NL,hh0056,0.9651076452110857,mustOut,processHeat_medium
NL,hh0057,0.9762454397685372,mustOut,processHeat_medium
NL,hh0058,0.9891280923758774,mustOut,processHeat_medium
NL,hh0059,0.9785521075570007,mustOut,processHeat_medium
NL,hh0060,0.9645556339657353,mustOut,processHeat_medium
NL,hh0061,0.9546248749435442,mustOut,processHeat_medium
NL,hh0062,0.956086366959787,mustOut,processHeat_medium
NL,hh0063,0.9719863146397159,mustOut,processHeat_medium
NL,hh0064,0.95873779356161,mustOut,processHeat_medium
NL,hh0065,0.955564609689834,mustOut,processHeat_medium
NL,hh0066,0.9731361898509012,mustOut,processHeat_medium
NL,hh0067,0.9628976072283033,mustOut,processHeat_medium
NL,hh0068,0.9721482621092126,mustOut,processHeat_medium
NL,hh0069,0.9683769664665336,mustOut,processHeat_medium
NL,hh0070,0.9631484057641628,mustOut,processHeat_medium
NL,hh0071,0.9612067092328997,mustOut,processHeat_medium
NL,hh0072,0.9599388661748707,mustOut,processHeat_medium
NL,hh0073,0.9612007702125716,mustOut,processHeat_medium
NL,hh0074,0.9618620491321812,mustOut,processHeat_medium
NL,hh0075,0.9627538548364655,mustOut,processHeat_medium
NL,hh0076,0.9526090407295167,mustOut,processHeat_medium
NL,hh0077,0.9563231935086339,mustOut,processHeat_medium
NL,hh0078,0.964314521759941,mustOut,processHeat_medium
NL,hh0079,0.9722281392858381,mustOut,processHeat_medium
NL,hh0080,0.9785716402667543,mustOut,processHeat_medium
NL,hh0081,0.982292602822249,mustOut,processHeat_medium
NL,hh0082,0.9620885005827498,mustOut,processHeat_medium
NL,hh0083,0.9605233875479589,mustOut,processHeat_medium
NL,hh0084,0.977159109062264,mustOut,processHeat_medium
NO,hh0043,0.9697189778526081,mustOut,processHeat_medium
NO,hh0044,0.9658122423952591,mustOut,processHeat_medium
NO,hh0045,0.9549743877828405,mustOut,processHeat_medium
NO,hh0046,0.9607368244046484,mustOut,processHeat_medium
NO,hh0047,0.9564058156179271,mustOut,processHeat_medium
NO,hh0048,0.93572845436438,mustOut,processHeat_medium
NO,hh0049,0.9596204702156683,mustOut,processHeat_medium
NO,hh0050,0.9788044043821174,mustOut,processHeat_medium
NO,hh0051,0.9828409892443233,mustOut,processHeat_medium
NO,hh0052,0.9668271936002384,mustOut,processHeat_medium
NO,hh0053,0.9659447976114279,mustOut,processHeat_medium
NO,hh0054,0.9636676976301715,mustOut,processHeat_medium
NO,hh0055,0.9616060461867164,mustOut,processHeat_medium
NO,hh0056,0.9629696881474956,mustOut,processHeat_medium
NO,hh0057,0.9694687729925135,mustOut,processHeat_medium
NO,hh0058,0.9852383993011244,mustOut,processHeat_medium
NO,hh0059,0.9827997090537792,mustOut,processHeat_medium
NO,hh0060,0.9621516336969762,mustOut,processHeat_medium
NO,hh0061,0.9559945515843538,mustOut,processHeat_medium
NO,hh0062,0.9572913430210974,mustOut,processHeat_medium
NO,hh0063,0.9704658389232463,mustOut,processHeat_medium
NO,hh0064,0.9664014062905153,mustOut,processHeat_medium
NO,hh0065,0.967962440357951,mustOut,processHeat_medium
NO,hh0066,0.9683130683956733,mustOut,processHeat_medium
NO,hh0067,0.9635775236929476,mustOut,processHeat_medium
NO,hh0068,0.9719519066420617,mustOut,processHeat_medium
NO,hh0069,0.9645044782650984,mustOut,processHeat_medium
NO,hh0070,0.9723201630122276,mustOut,processHeat_medium
NO,hh0071,0.9643857229757486,mustOut,processHeat_medium
NO,hh0072,0.950202906190043,mustOut,processHeat_medium
NO,hh0073,0.9571100594489508,mustOut,processHeat_medium
NO,hh0074,0.9581626402541588,mustOut,processHeat_medium
NO,hh0075,0.9493983501479306,mustOut,processHeat_medium
NO,hh0076,0.9426441188015815,mustOut,processHeat_medium
NO,hh0077,0.9524123598489496,mustOut,processHeat_medium
NO,hh0078,0.9664632269709728,mustOut,processHeat_medium
NO,hh0079,0.9691912039766066,mustOut,processHeat_medium
NO,hh0080,0.9704001865216014,mustOut,processHeat_medium
NO,hh0081,0.9748265521466237,mustOut,processHeat_medium
NO,hh0082,0.9625322814181345,mustOut,processHeat_medium
NO,hh0083,0.9656036765327372,mustOut,processHeat_medium
NO,hh0084,0.9706635894876854,mustOut,processHeat_medium
PL,hh0043,0.9831137282487594,mustOut,processHeat_medium
PL,hh0044,0.970496099526884,mustOut,processHeat_medium
PL,hh0045,0.960109117937228,mustOut,processHeat_medium
PL,hh0046,0.9649119416804612,mustOut,processHeat_medium
PL,hh0047,0.962360869565763,mustOut,processHeat_medium
PL,hh0048,0.9412311192478716,mustOut,processHeat_medium
PL,hh0049,0.9668548897210905,mustOut,processHeat_medium
PL,hh0050,0.986668832879038,mustOut,processHeat_medium
PL,hh0051,0.9822260049886251,mustOut,processHeat_medium
PL,hh0052,0.967161017973853,mustOut,processHeat_medium
PL,hh0053,0.9664707349881891,mustOut,processHeat_medium
PL,hh0054,0.9587678707341479,mustOut,processHeat_medium
PL,hh0055,0.9622026645079632,mustOut,processHeat_medium
PL,hh0056,0.9739416457966454,mustOut,processHeat_medium
PL,hh0057,0.9818608648818605,mustOut,processHeat_medium
PL,hh0058,0.9886348445953856,mustOut,processHeat_medium
PL,hh0059,0.9803600396559661,mustOut,processHeat_medium
PL,hh0060,0.9648383199894643,mustOut,processHeat_medium
PL,hh0061,0.9562358647399384,mustOut,processHeat_medium
PL,hh0062,0.9513265545617365,mustOut,processHeat_medium
PL,hh0063,0.9666787575555832,mustOut,processHeat_medium
PL,hh0064,0.9544164833210709,mustOut,processHeat_medium
PL,hh0065,0.9575835895515372,mustOut,processHeat_medium
PL,hh0066,0.9820464406191362,mustOut,processHeat_medium
PL,hh0067,0.9728641773129458,mustOut,processHeat_medium
PL,hh0068,0.9788059801182357,mustOut,processHeat_medium
PL,hh0069,0.9661729358160648,mustOut,processHeat_medium
PL,hh0070,0.9669320348487652,mustOut,processHeat_medium
PL,hh0071,0.9694993600260371,mustOut,processHeat_medium
PL,hh0072,0.9606882646117988,mustOut,processHeat_medium
PL,hh0073,0.9557471586537281,mustOut,processHeat_medium
PL,hh0074,0.9529922961505013,mustOut,processHeat_medium
PL,hh0075,0.9599041478323989,mustOut,processHeat_medium
PL,hh0076,0.9530145005103281,mustOut,processHeat_medium
PL,hh0077,0.9559240116748329,mustOut,processHeat_medium
PL,hh0078,0.9525025425159289,mustOut,processHeat_medium
PL,hh0079,0.9634650270432237,mustOut,processHeat_medium
PL,hh0080,0.9730184794845617,mustOut,processHeat_medium
PL,hh0081,0.9792543667174538,mustOut,processHeat_medium
PL,hh0082,0.9611658331608748,mustOut,processHeat_medium
PL,hh0083,0.956660964597755,mustOut,processHeat_medium
PL,hh0084,0.9741448157564094,mustOut,processHeat_medium
PT,hh0043,0.9787198916883362,mustOut,processHeat_medium
PT,hh0044,0.9661744517505376,mustOut,processHeat_medium
PT,hh0045,0.9600456676947591,mustOut,processHeat_medium
PT,hh0046,0.960335437751969,mustOut,processHeat_medium
PT,hh0047,0.9581126043706495,mustOut,processHeat_medium
PT,hh0048,0.9337294784399242,mustOut,processHeat_medium
PT,hh0049,0.9643184962024572,mustOut,processHeat_medium
PT,hh0050,0.9866765242753971,mustOut,processHeat_medium
PT,hh0051,0.9849182865242627,mustOut,processHeat_medium
PT,hh0052,0.9611590223634755,mustOut,processHeat_medium
PT,hh0053,0.962556848469735,mustOut,processHeat_medium
PT,hh0054,0.9551501097453051,mustOut,processHeat_medium
PT,hh0055,0.9624946256801562,mustOut,processHeat_medium
PT,hh0056,0.9727618953310251,mustOut,processHeat_medium
PT,hh0057,0.9791623083200914,mustOut,processHeat_medium
PT,hh0058,0.986120014550589,mustOut,processHeat_medium
PT,hh0059,0.9815709562151648,mustOut,processHeat_medium
PT,hh0060,0.9616532562852701,mustOut,processHeat_medium
PT,hh0061,0.9552714679894931,mustOut,processHeat_medium
PT,hh0062,0.9485873276079855,mustOut,processHeat_medium
PT,hh0063,0.9631817009879772,mustOut,processHeat_medium
PT,hh0064,0.9562603810461567,mustOut,processHeat_medium
PT,hh0065,0.9623489138534539,mustOut,processHeat_medium
PT,hh0066,0.9792475672992891,mustOut,processHeat_medium
PT,hh0067,0.9723219806258888,mustOut,processHeat_medium
PT,hh0068,0.9775568802410719,mustOut,processHeat_medium
PT,hh0069,0.9629790029185358,mustOut,processHeat_medium
PT,hh0070,0.9692054273936386,mustOut,processHeat_medium
PT,hh0071,0.9700700415014626,mustOut,processHeat_medium
PT,hh0072,0.9563839741017459,mustOut,processHeat_medium
PT,hh0073,0.9511935081819545,mustOut,processHeat_medium
PT,hh0074,0.9488966299736675,mustOut,processHeat_medium
PT,hh0075,0.9546936687430657,mustOut,processHeat_medium
PT,hh0076,0.9478938017384745,mustOut,processHeat_medium
PT,hh0077,0.9536374605175255,mustOut,processHeat_medium
PT,hh0078,0.9519398277824094,mustOut,processHeat_medium
PT,hh0079,0.96009771688901,mustOut,processHeat_medium
PT,hh0080,0.9683657576916596,mustOut,processHeat_medium
PT,hh0081,0.9741267031395974,mustOut,processHeat_medium
PT,hh0082,0.9598837572992004,mustOut,processHeat_medium
PT,hh0083,0.9565888020607209,mustOut,processHeat_medium
PT,hh0084,0.9693036548531571,mustOut,processHeat_medium
RO,hh0043,0.9824054692527148,mustOut,processHeat_medium
RO,hh0044,0.9723800843442196,mustOut,processHeat_medium
RO,hh0045,0.95808373642104,mustOut,processHeat_medium
RO,hh0046,0.9672965822704283,mustOut,processHeat_medium
RO,hh0047,0.9640235528009364,mustOut,processHeat_medium
RO,hh0048,0.9471002442528842,mustOut,processHeat_medium
RO,hh0049,0.9663818733268088,mustOut,processHeat_medium
RO,hh0050,0.9831016726378566,mustOut,processHeat_medium
RO,hh0051,0.978466233063858,mustOut,processHeat_medium
RO,hh0052,0.9719475435864735,mustOut,processHeat_medium
RO,hh0053,0.9691565349116897,mustOut,processHeat_medium
RO,hh0054,0.9628903629360686,mustOut,processHeat_medium
RO,hh0055,0.9609551014054338,mustOut,processHeat_medium
RO,hh0056,0.97087765753138,mustOut,processHeat_medium
RO,hh0057,0.9797365322234098,mustOut,processHeat_medium
RO,hh0058,0.988977705431686,mustOut,processHeat_medium
RO,hh0059,0.9786646123565861,mustOut,processHeat_medium
RO,hh0060,0.9662846928444446,mustOut,processHeat_medium
RO,hh0061,0.9565863679606617,mustOut,processHeat_medium
RO,hh0062,0.95529491051172,mustOut,processHeat_medium
RO,hh0063,0.9701925982935131,mustOut,processHeat_medium
RO,hh0064,0.9554827020155919,mustOut,processHeat_medium
RO,hh0065,0.9553670815691304,mustOut,processHeat_medium
RO,hh0066,0.9796538182381753,mustOut,processHeat_medium
RO,hh0067,0.9696733966142514,mustOut,processHeat_medium
RO,hh0068,0.9768740025864113,mustOut,processHeat_medium
RO,hh0069,0.9678645935851722,mustOut,processHeat_medium
RO,hh0070,0.9652671567042224,mustOut,processHeat_medium
RO,hh0071,0.9664856514597707,mustOut,processHeat_medium
RO,hh0072,0.961209622939704,mustOut,processHeat_medium
RO,hh0073,0.9599294629132,mustOut,processHeat_medium
RO,hh0074,0.9578714415726854,mustOut,processHeat_medium
RO,hh0075,0.9613101483614047,mustOut,processHeat_medium
RO,hh0076,0.9547271778342941,mustOut,processHeat_medium
RO,hh0077,0.9566355666548482,mustOut,processHeat_medium
RO,hh0078,0.9564244364408359,mustOut,processHeat_medium
RO,hh0079,0.967481214754514,mustOut,processHeat_medium
RO,hh0080,0.975734779617162,mustOut,processHeat_medium
RO,hh0081,0.9818976721067142,mustOut,processHeat_medium
RO,hh0082,0.9620392929218144,mustOut,processHeat_medium
RO,hh0083,0.9586271793736418,mustOut,processHeat_medium
RO,hh0084,0.9767988510217334,mustOut,processHeat_medium
RS,hh0043,0.9697189778526081,mustOut,processHeat_medium
RS,hh0044,0.9658122423952591,mustOut,processHeat_medium
RS,hh0045,0.9549743877828405,mustOut,processHeat_medium
RS,hh0046,0.9607368244046484,mustOut,processHeat_medium
RS,hh0047,0.9564058156179271,mustOut,processHeat_medium
RS,hh0048,0.93572845436438,mustOut,processHeat_medium
RS,hh0049,0.9596204702156683,mustOut,processHeat_medium
RS,hh0050,0.9788044043821174,mustOut,processHeat_medium
RS,hh0051,0.9828409892443233,mustOut,processHeat_medium
RS,hh0052,0.9668271936002384,mustOut,processHeat_medium
RS,hh0053,0.9659447976114279,mustOut,processHeat_medium
RS,hh0054,0.9636676976301715,mustOut,processHeat_medium
RS,hh0055,0.9616060461867164,mustOut,processHeat_medium
RS,hh0056,0.9629696881474956,mustOut,processHeat_medium
RS,hh0057,0.9694687729925135,mustOut,processHeat_medium
RS,hh0058,0.9852383993011244,mustOut,processHeat_medium
RS,hh0059,0.9827997090537792,mustOut,processHeat_medium
RS,hh0060,0.9621516336969762,mustOut,processHeat_medium
RS,hh0061,0.9559945515843538,mustOut,processHeat_medium
RS,hh0062,0.9572913430210974,mustOut,processHeat_medium
RS,hh0063,0.9704658389232463,mustOut,processHeat_medium
RS,hh0064,0.9664014062905153,mustOut,processHeat_medium
RS,hh0065,0.967962440357951,mustOut,processHeat_medium
RS,hh0066,0.9683130683956733,mustOut,processHeat_medium
RS,hh0067,0.9635775236929476,mustOut,processHeat_medium
RS,hh0068,0.9719519066420617,mustOut,processHeat_medium
RS,hh0069,0.9645044782650984,mustOut,processHeat_medium
RS,hh0070,0.9723201630122276,mustOut,processHeat_medium
RS,hh0071,0.9643857229757486,mustOut,processHeat_medium
RS,hh0072,0.950202906190043,mustOut,processHeat_medium
RS,hh0073,0.9571100594489508,mustOut,processHeat_medium
RS,hh0074,0.9581626402541588,mustOut,processHeat_medium
RS,hh0075,0.9493983501479306,mustOut,processHeat_medium
RS,hh0076,0.9426441188015815,mustOut,processHeat_medium
RS,hh0077,0.9524123598489496,mustOut,processHeat_medium
RS,hh0078,0.9664632269709728,mustOut,processHeat_medium
RS,hh0079,0.9691912039766066,mustOut,processHeat_medium
RS,hh0080,0.9704001865216014,mustOut,processHeat_medium
RS,hh0081,0.9748265521466237,mustOut,processHeat_medium
RS,hh0082,0.9625322814181345,mustOut,processHeat_medium
RS,hh0083,0.9656036765327372,mustOut,processHeat_medium
RS,hh0084,0.9706635894876854,mustOut,processHeat_medium
SE,hh0043,0.961411878809085,mustOut,processHeat_medium
SE,hh0044,0.9603873863504907,mustOut,processHeat_medium
SE,hh0045,0.9631213918550692,mustOut,processHeat_medium
SE,hh0046,0.9563509218144403,mustOut,processHeat_medium
SE,hh0047,0.9514549139382847,mustOut,processHeat_medium
SE,hh0048,0.9268130860894523,mustOut,processHeat_medium
SE,hh0049,0.9539237055117715,mustOut,processHeat_medium
SE,hh0050,0.9769542926339412,mustOut,processHeat_medium
SE,hh0051,0.9899887155998915,mustOut,processHeat_medium
SE,hh0052,0.9572675190200423,mustOut,processHeat_medium
SE,hh0053,0.9573357546034686,mustOut,processHeat_medium
SE,hh0054,0.9557421834956275,mustOut,processHeat_medium
SE,hh0055,0.9663499074487977,mustOut,processHeat_medium
SE,hh0056,0.9635937534956601,mustOut,processHeat_medium
SE,hh0057,0.9630378039935235,mustOut,processHeat_medium
SE,hh0058,0.97776009322798,mustOut,processHeat_medium
SE,hh0059,0.9848531770894824,mustOut,processHeat_medium
SE,hh0060,0.9609681875761715,mustOut,processHeat_medium
SE,hh0061,0.9608062805584445,mustOut,processHeat_medium
SE,hh0062,0.9603561776069345,mustOut,processHeat_medium
SE,hh0063,0.9672313892614695,mustOut,processHeat_medium
SE,hh0064,0.9743043541995187,mustOut,processHeat_medium
SE,hh0065,0.9820000796020328,mustOut,processHeat_medium
SE,hh0066,0.9648149982908262,mustOut,processHeat_medium
SE,hh0067,0.9672998200061901,mustOut,processHeat_medium
SE,hh0068,0.972183045505282,mustOut,processHeat_medium
SE,hh0069,0.9607188541352557,mustOut,processHeat_medium
SE,hh0070,0.982053881222899,mustOut,processHeat_medium
SE,hh0071,0.9703323787250914,mustOut,processHeat_medium
SE,hh0072,0.944371145907705,mustOut,processHeat_medium
SE,hh0073,0.9542562298695352,mustOut,processHeat_medium
SE,hh0074,0.9548106362264053,mustOut,processHeat_medium
SE,hh0075,0.9392127240598223,mustOut,processHeat_medium
SE,hh0076,0.9386706516715096,mustOut,processHeat_medium
SE,hh0077,0.9521009668723929,mustOut,processHeat_medium
SE,hh0078,0.9668688608972672,mustOut,processHeat_medium
SE,hh0079,0.9639882710726067,mustOut,processHeat_medium
SE,hh0080,0.9601103627134936,mustOut,processHeat_medium
SE,hh0081,0.9648541831546771,mustOut,processHeat_medium
SE,hh0082,0.9641846003952158,mustOut,processHeat_medium
SE,hh0083,0.9709540748114562,mustOut,processHeat_medium
SE,hh0084,0.962545073702843,mustOut,processHeat_medium
SI,hh0043,0.9756402972242872,mustOut,processHeat_medium
SI,hh0044,0.9703271275619614,mustOut,processHeat_medium
SI,hh0045,0.9641198436764478,mustOut,processHeat_medium
SI,hh0046,0.9660669467093401,mustOut,processHeat_medium
SI,hh0047,0.9617358916044143,mustOut,processHeat_medium
SI,hh0048,0.9426259854542893,mustOut,processHeat_medium
SI,hh0049,0.9628994126663826,mustOut,processHeat_medium
SI,hh0050,0.9821118234937236,mustOut,processHeat_medium
SI,hh0051,0.9862430512507044,mustOut,processHeat_medium
SI,hh0052,0.9687825722753662,mustOut,processHeat_medium
SI,hh0053,0.9661535969415781,mustOut,processHeat_medium
SI,hh0054,0.961978647944525,mustOut,processHeat_medium
SI,hh0055,0.9662190760958356,mustOut,processHeat_medium
SI,hh0056,0.9703829056096565,mustOut,processHeat_medium
SI,hh0057,0.9742880293357963,mustOut,processHeat_medium
SI,hh0058,0.9860950644395368,mustOut,processHeat_medium
SI,hh0059,0.9836303652175831,mustOut,processHeat_medium
SI,hh0060,0.9675132732124367,mustOut,processHeat_medium
SI,hh0061,0.9620081954479984,mustOut,processHeat_medium
SI,hh0062,0.9617953063449347,mustOut,processHeat_medium
SI,hh0063,0.9723372942892958,mustOut,processHeat_medium
SI,hh0064,0.9665134857826604,mustOut,processHeat_medium
SI,hh0065,0.9695143986061733,mustOut,processHeat_medium
SI,hh0066,0.9758585104131405,mustOut,processHeat_medium
SI,hh0067,0.9717868905455362,mustOut,processHeat_medium
SI,hh0068,0.9777377851032295,mustOut,processHeat_medium
SI,hh0069,0.9676744359190664,mustOut,processHeat_medium
SI,hh0070,0.9758839030924391,mustOut,processHeat_medium
SI,hh0071,0.9712677385736682,mustOut,processHeat_medium
SI,hh0072,0.9567747845235963,mustOut,processHeat_medium
SI,hh0073,0.9613936349566643,mustOut,processHeat_medium
SI,hh0074,0.9601149698976394,mustOut,processHeat_medium
SI,hh0075,0.9540863264242263,mustOut,processHeat_medium
SI,hh0076,0.9515957357813866,mustOut,processHeat_medium
SI,hh0077,0.9577773171547401,mustOut,processHeat_medium
SI,hh0078,0.9634477043755332,mustOut,processHeat_medium
SI,hh0079,0.9687423513878833,mustOut,processHeat_medium
SI,hh0080,0.971114562233315,mustOut,processHeat_medium
SI,hh0081,0.9771100018133687,mustOut,processHeat_medium
SI,hh0082,0.9660954296034576,mustOut,processHeat_medium
SI,hh0083,0.9673848474300173,mustOut,processHeat_medium
SI,hh0084,0.9734833764294223,mustOut,processHeat_medium
SK,hh0043,0.9805557857213121,mustOut,processHeat_medium
SK,hh0044,0.97810335588286,mustOut,processHeat_medium
SK,hh0045,0.9765523784860052,mustOut,processHeat_medium
SK,hh0046,0.9763662603880758,mustOut,processHeat_medium
SK,hh0047,0.9686488296931692,mustOut,processHeat_medium
SK,hh0048,0.9528270496689695,mustOut,processHeat_medium
SK,hh0049,0.9605018490580541,mustOut,processHeat_medium
SK,hh0050,0.9765668355117868,mustOut,processHeat_medium
SK,hh0051,0.9838307442642882,mustOut,processHeat_medium
SK,hh0052,0.9753863604826227,mustOut,processHeat_medium
SK,hh0053,0.9640431096136857,mustOut,processHeat_medium
SK,hh0054,0.9580651311263116,mustOut,processHeat_medium
SK,hh0055,0.9693836948800365,mustOut,processHeat_medium
SK,hh0056,0.9757924459293293,mustOut,processHeat_medium
SK,hh0057,0.9738319415673897,mustOut,processHeat_medium
SK,hh0058,0.9811724259234264,mustOut,processHeat_medium
SK,hh0059,0.977432068282418,mustOut,processHeat_medium
SK,hh0060,0.9771496759695356,mustOut,processHeat_medium
SK,hh0061,0.9706137965123195,mustOut,processHeat_medium
SK,hh0062,0.9741504169376578,mustOut,processHeat_medium
SK,hh0063,0.978697757689426,mustOut,processHeat_medium
SK,hh0064,0.9652818275248042,mustOut,processHeat_medium
SK,hh0065,0.9665768424444053,mustOut,processHeat_medium
SK,hh0066,0.9826638833576563,mustOut,processHeat_medium
SK,hh0067,0.9802151280892579,mustOut,processHeat_medium
SK,hh0068,0.9828657361089345,mustOut,processHeat_medium
SK,hh0069,0.9718745760686407,mustOut,processHeat_medium
SK,hh0070,0.9790604561715132,mustOut,processHeat_medium
SK,hh0071,0.97743530165855,mustOut,processHeat_medium
SK,hh0072,0.962398095586714,mustOut,processHeat_medium
SK,hh0073,0.9722110999871476,mustOut,processHeat_medium
SK,hh0074,0.966552198017963,mustOut,processHeat_medium
SK,hh0075,0.9556190685907373,mustOut,processHeat_medium
SK,hh0076,0.963269978532396,mustOut,processHeat_medium
SK,hh0077,0.9628624037190565,mustOut,processHeat_medium
SK,hh0078,0.9587921096508231,mustOut,processHeat_medium
SK,hh0079,0.9693694441783156,mustOut,processHeat_medium
SK,hh0080,0.9703197102718524,mustOut,processHeat_medium
SK,hh0081,0.9805687079490364,mustOut,processHeat_medium
SK,hh0082,0.9704772506221827,mustOut,processHeat_medium
SK,hh0083,0.9713951177967739,mustOut,processHeat_medium
SK,hh0084,0.9786333675647301,mustOut,processHeat_medium
UK,hh0043,0.9830774758286908,mustOut,processHeat_medium
UK,hh0044,0.9711840054652153,mustOut,processHeat_medium
UK,hh0045,0.9610275613061412,mustOut,processHeat_medium
UK,hh0046,0.965890983350072,mustOut,processHeat_medium
UK,hh0047,0.9629313177155255,mustOut,processHeat_medium
UK,hh0048,0.9429660540548176,mustOut,processHeat_medium
UK,hh0049,0.9663446809838173,mustOut,processHeat_medium
UK,hh0050,0.98586355905055,mustOut,processHeat_medium
UK,hh0051,0.9820622356215292,mustOut,processHeat_medium
UK,hh0052,0.9681294133895703,mustOut,processHeat_medium
UK,hh0053,0.9664321330685068,mustOut,processHeat_medium
UK,hh0054,0.9589829590227261,mustOut,processHeat_medium
UK,hh0055,0.9625046032329497,mustOut,processHeat_medium
UK,hh0056,0.973794511597551,mustOut,processHeat_medium
UK,hh0057,0.9812431764492193,mustOut,processHeat_medium
UK,hh0058,0.9884622338993743,mustOut,processHeat_medium
UK,hh0059,0.9800684892351659,mustOut,processHeat_medium
UK,hh0060,0.965776412377841,mustOut,processHeat_medium
UK,hh0061,0.9572863667800533,mustOut,processHeat_medium
UK,hh0062,0.9534045203439268,mustOut,processHeat_medium
UK,hh0063,0.9677626608052483,mustOut,processHeat_medium
UK,hh0064,0.955220301215622,mustOut,processHeat_medium
UK,hh0065,0.9579536457483177,mustOut,processHeat_medium
UK,hh0066,0.9820434857858483,mustOut,processHeat_medium
UK,hh0067,0.973060324872355,mustOut,processHeat_medium
UK,hh0068,0.9789743510743828,mustOut,processHeat_medium
UK,hh0069,0.9666584471853464,mustOut,processHeat_medium
UK,hh0070,0.9674936305274549,mustOut,processHeat_medium
UK,hh0071,0.9696958791058317,mustOut,processHeat_medium
UK,hh0072,0.9608164856889859,mustOut,processHeat_medium
UK,hh0073,0.9573038723451708,mustOut,processHeat_medium
UK,hh0074,0.9544280769809422,mustOut,processHeat_medium
UK,hh0075,0.9596434492663115,mustOut,processHeat_medium
UK,hh0076,0.9539889892418952,mustOut,processHeat_medium
UK,hh0077,0.9564624148800802,mustOut,processHeat_medium
UK,hh0078,0.9532500704288793,mustOut,processHeat_medium
UK,hh0079,0.9641802072966863,mustOut,processHeat_medium
UK,hh0080,0.9730454798427048,mustOut,processHeat_medium
UK,hh0081,0.9796833842782408,mustOut,processHeat_medium
UK,hh0082,0.9618349317237977,mustOut,processHeat_medium
UK,hh0083,0.9578295586814017,mustOut,processHeat_medium
UK,hh0084,0.9747070421516516,mustOut,processHeat_medium
