region_4,timestep_5,value,scenario_1,parameter,technology_2
AT,hh0085,4.049374688416719,scr1994,effConv,heatpumpAir
AT,hh0086,4.053542606532574,scr1994,effConv,heatpumpAir
AT,hh0087,4.059999994933605,scr1994,effConv,heatpumpAir
AT,hh0088,4.058543153107166,scr1994,effConv,heatpumpAir
AT,hh0089,4.051459588110447,scr1994,effConv,heatpumpAir
AT,hh0090,4.045367307960987,scr1994,effConv,heatpumpAir
AT,hh0091,4.02818358130753,scr1994,effConv,heatpumpAir
AT,hh0092,4.047055756673217,scr1994,effConv,heatpumpAir
AT,hh0093,4.059999994933605,scr1994,effConv,heatpumpAir
AT,hh0094,4.059999994933605,scr1994,effConv,heatpumpAir
AT,hh0095,4.059999994933605,scr1994,effConv,heatpumpAir
AT,hh0096,4.05687739700079,scr1994,effConv,heatpumpAir
AT,hh0097,4.043526817113161,scr1994,effConv,heatpumpAir
AT,hh0098,4.047907095402479,scr1994,effConv,heatpumpAir
AT,hh0099,4.059791898354888,scr1994,effConv,heatpumpAir
AT,hh0100,4.059999994933605,scr1994,effConv,heatpumpAir
AT,hh0101,4.059791898354888,scr1994,effConv,heatpumpAir
AT,hh0102,4.057502301409841,scr1994,effConv,heatpumpAir
AT,hh0103,4.058959346264601,scr1994,effConv,heatpumpAir
AT,hh0104,4.056668110191822,scr1994,effConv,heatpumpAir
AT,hh0105,4.057709412649274,scr1994,effConv,heatpumpAir
AT,hh0106,4.059999994933605,scr1994,effConv,heatpumpAir
AT,hh0107,4.058126386255026,scr1994,effConv,heatpumpAir
AT,hh0108,4.04056771658361,scr1994,effConv,heatpumpAir
AT,hh0109,4.029007604345679,scr1994,effConv,heatpumpAir
AT,hh0110,4.024884380400181,scr1994,effConv,heatpumpAir
AT,hh0111,4.040901683270931,scr1994,effConv,heatpumpAir
AT,hh0112,4.059791898354888,scr1994,effConv,heatpumpAir
AT,hh0113,4.057918289676309,scr1994,effConv,heatpumpAir
AT,hh0114,4.047703763470054,scr1994,effConv,heatpumpAir
AT,hh0115,3.9486256893724203,scr1994,effConv,heatpumpAir
AT,hh0116,3.9654455836862326,scr1994,effConv,heatpumpAir
AT,hh0117,4.058751005679369,scr1994,effConv,heatpumpAir
AT,hh0118,4.059999994933605,scr1994,effConv,heatpumpAir
AT,hh0119,4.045801034197211,scr1994,effConv,heatpumpAir
AT,hh0120,3.9843186512589455,scr1994,effConv,heatpumpAir
AT,hh0121,3.603238156065345,scr1994,effConv,heatpumpAir
AT,hh0122,3.5964009147137403,scr1994,effConv,heatpumpAir
AT,hh0123,4.011318054050207,scr1994,effConv,heatpumpAir
AT,hh0124,4.056250935420394,scr1994,effConv,heatpumpAir
AT,hh0125,4.055208319798112,scr1994,effConv,heatpumpAir
AT,hh0126,4.029461782425642,scr1994,effConv,heatpumpAir
BE,hh0085,4.060000000004948,scr1994,effConv,heatpumpAir
BE,hh0086,4.060000000004948,scr1994,effConv,heatpumpAir
BE,hh0087,4.060000000004948,scr1994,effConv,heatpumpAir
BE,hh0088,4.060000000004948,scr1994,effConv,heatpumpAir
BE,hh0089,4.060000000004948,scr1994,effConv,heatpumpAir
BE,hh0090,4.060000000004948,scr1994,effConv,heatpumpAir
BE,hh0091,4.060000000004948,scr1994,effConv,heatpumpAir
BE,hh0092,4.060000000004948,scr1994,effConv,heatpumpAir
BE,hh0093,4.060000000004948,scr1994,effConv,heatpumpAir
BE,hh0094,4.060000000004948,scr1994,effConv,heatpumpAir
BE,hh0095,4.060000000004948,scr1994,effConv,heatpumpAir
BE,hh0096,4.060000000004948,scr1994,effConv,heatpumpAir
BE,hh0097,4.060000000004948,scr1994,effConv,heatpumpAir
BE,hh0098,4.060000000004948,scr1994,effConv,heatpumpAir
BE,hh0099,4.060000000004948,scr1994,effConv,heatpumpAir
BE,hh0100,4.060000000004948,scr1994,effConv,heatpumpAir
BE,hh0101,4.060000000004948,scr1994,effConv,heatpumpAir
BE,hh0102,4.060000000004948,scr1994,effConv,heatpumpAir
BE,hh0103,4.060000000004948,scr1994,effConv,heatpumpAir
BE,hh0104,4.060000000004948,scr1994,effConv,heatpumpAir
BE,hh0105,4.060000000004948,scr1994,effConv,heatpumpAir
BE,hh0106,4.060000000004948,scr1994,effConv,heatpumpAir
BE,hh0107,4.060000000004948,scr1994,effConv,heatpumpAir
BE,hh0108,4.060000000004948,scr1994,effConv,heatpumpAir
BE,hh0109,4.060000000004948,scr1994,effConv,heatpumpAir
BE,hh0110,4.060000000004948,scr1994,effConv,heatpumpAir
BE,hh0111,4.060000000004948,scr1994,effConv,heatpumpAir
BE,hh0112,4.060000000004948,scr1994,effConv,heatpumpAir
BE,hh0113,4.060000000004948,scr1994,effConv,heatpumpAir
BE,hh0114,4.060000000004948,scr1994,effConv,heatpumpAir
BE,hh0115,4.060000000004948,scr1994,effConv,heatpumpAir
BE,hh0116,4.060000000004948,scr1994,effConv,heatpumpAir
BE,hh0117,4.060000000004948,scr1994,effConv,heatpumpAir
BE,hh0118,4.060000000004948,scr1994,effConv,heatpumpAir
BE,hh0119,4.060000000004948,scr1994,effConv,heatpumpAir
BE,hh0120,4.059165506521822,scr1994,effConv,heatpumpAir
BE,hh0121,4.009598875081792,scr1994,effConv,heatpumpAir
BE,hh0122,4.0180256342937355,scr1994,effConv,heatpumpAir
BE,hh0123,4.060000000004948,scr1994,effConv,heatpumpAir
BE,hh0124,4.060000000004948,scr1994,effConv,heatpumpAir
BE,hh0125,4.060000000004948,scr1994,effConv,heatpumpAir
BE,hh0126,4.060000000004948,scr1994,effConv,heatpumpAir
BG,hh0085,4.059999999999995,scr1994,effConv,heatpumpAir
BG,hh0086,4.059999999999995,scr1994,effConv,heatpumpAir
BG,hh0087,4.059999999999995,scr1994,effConv,heatpumpAir
BG,hh0088,4.059999999999995,scr1994,effConv,heatpumpAir
BG,hh0089,4.059999999999995,scr1994,effConv,heatpumpAir
BG,hh0090,4.0554034755243755,scr1994,effConv,heatpumpAir
BG,hh0091,4.057702329814216,scr1994,effConv,heatpumpAir
BG,hh0092,4.059999999999995,scr1994,effConv,heatpumpAir
BG,hh0093,4.059999999999995,scr1994,effConv,heatpumpAir
BG,hh0094,4.059999999999995,scr1994,effConv,heatpumpAir
BG,hh0095,4.059999999999995,scr1994,effConv,heatpumpAir
BG,hh0096,4.059999999999995,scr1994,effConv,heatpumpAir
BG,hh0097,4.059999999999995,scr1994,effConv,heatpumpAir
BG,hh0098,4.059999999999995,scr1994,effConv,heatpumpAir
BG,hh0099,4.059999999999995,scr1994,effConv,heatpumpAir
BG,hh0100,4.059999999999995,scr1994,effConv,heatpumpAir
BG,hh0101,4.059999999999995,scr1994,effConv,heatpumpAir
BG,hh0102,4.059999999999995,scr1994,effConv,heatpumpAir
BG,hh0103,4.059999999999995,scr1994,effConv,heatpumpAir
BG,hh0104,4.059999999999995,scr1994,effConv,heatpumpAir
BG,hh0105,4.059999999999995,scr1994,effConv,heatpumpAir
BG,hh0106,4.059999999999995,scr1994,effConv,heatpumpAir
BG,hh0107,4.0592343071313906,scr1994,effConv,heatpumpAir
BG,hh0108,4.045428721321375,scr1994,effConv,heatpumpAir
BG,hh0109,4.0546336330874695,scr1994,effConv,heatpumpAir
BG,hh0110,4.059999999999995,scr1994,effConv,heatpumpAir
BG,hh0111,4.059999999999995,scr1994,effConv,heatpumpAir
BG,hh0112,4.059999999999995,scr1994,effConv,heatpumpAir
BG,hh0113,4.059999999999995,scr1994,effConv,heatpumpAir
BG,hh0114,4.059999999999995,scr1994,effConv,heatpumpAir
BG,hh0115,4.059999999999995,scr1994,effConv,heatpumpAir
BG,hh0116,4.059999999999995,scr1994,effConv,heatpumpAir
BG,hh0117,4.059999999999995,scr1994,effConv,heatpumpAir
BG,hh0118,4.059999999999995,scr1994,effConv,heatpumpAir
BG,hh0119,4.059999999999995,scr1994,effConv,heatpumpAir
BG,hh0120,4.059999999999995,scr1994,effConv,heatpumpAir
BG,hh0121,4.059999999999995,scr1994,effConv,heatpumpAir
BG,hh0122,4.059999999999995,scr1994,effConv,heatpumpAir
BG,hh0123,4.059999999999995,scr1994,effConv,heatpumpAir
BG,hh0124,4.059999999999995,scr1994,effConv,heatpumpAir
BG,hh0125,4.059999999999995,scr1994,effConv,heatpumpAir
BG,hh0126,4.0592343071313906,scr1994,effConv,heatpumpAir
CH,hh0085,4.029042341884633,scr1994,effConv,heatpumpAir
CH,hh0086,4.032545733280131,scr1994,effConv,heatpumpAir
CH,hh0087,4.059999999997672,scr1994,effConv,heatpumpAir
CH,hh0088,4.059649880433426,scr1994,effConv,heatpumpAir
CH,hh0089,4.055312525923,scr1994,effConv,heatpumpAir
CH,hh0090,4.057882992041414,scr1994,effConv,heatpumpAir
CH,hh0091,4.039023304585498,scr1994,effConv,heatpumpAir
CH,hh0092,4.040717899462834,scr1994,effConv,heatpumpAir
CH,hh0093,4.059999999997672,scr1994,effConv,heatpumpAir
CH,hh0094,4.059999999997672,scr1994,effConv,heatpumpAir
CH,hh0095,4.0599124759828555,scr1994,effConv,heatpumpAir
CH,hh0096,4.04923947019779,scr1994,effConv,heatpumpAir
CH,hh0097,4.010394804254247,scr1994,effConv,heatpumpAir
CH,hh0098,4.020013529887365,scr1994,effConv,heatpumpAir
CH,hh0099,4.05849587319608,scr1994,effConv,heatpumpAir
CH,hh0100,4.059999999997672,scr1994,effConv,heatpumpAir
CH,hh0101,4.0599124759828555,scr1994,effConv,heatpumpAir
CH,hh0102,4.057064164744588,scr1994,effConv,heatpumpAir
CH,hh0103,4.0574142764726275,scr1994,effConv,heatpumpAir
CH,hh0104,4.048626730540491,scr1994,effConv,heatpumpAir
CH,hh0105,4.049505176913954,scr1994,effConv,heatpumpAir
CH,hh0106,4.059999999997672,scr1994,effConv,heatpumpAir
CH,hh0107,4.056011185344687,scr1994,effConv,heatpumpAir
CH,hh0108,4.030403637641939,scr1994,effConv,heatpumpAir
CH,hh0109,4.030875072976414,scr1994,effConv,heatpumpAir
CH,hh0110,4.015287211634131,scr1994,effConv,heatpumpAir
CH,hh0111,4.036306182055341,scr1994,effConv,heatpumpAir
CH,hh0112,4.0599124759828555,scr1994,effConv,heatpumpAir
CH,hh0113,4.055309604042122,scr1994,effConv,heatpumpAir
CH,hh0114,4.024784305525827,scr1994,effConv,heatpumpAir
CH,hh0115,3.9071220980713406,scr1994,effConv,heatpumpAir
CH,hh0116,3.91204110882245,scr1994,effConv,heatpumpAir
CH,hh0117,4.036449732124311,scr1994,effConv,heatpumpAir
CH,hh0118,4.05425628714147,scr1994,effConv,heatpumpAir
CH,hh0119,3.9808930625076755,scr1994,effConv,heatpumpAir
CH,hh0120,3.7350084737863654,scr1994,effConv,heatpumpAir
CH,hh0121,3.4399620548410894,scr1994,effConv,heatpumpAir
CH,hh0122,3.4807974610248493,scr1994,effConv,heatpumpAir
CH,hh0123,3.935055855952669,scr1994,effConv,heatpumpAir
CH,hh0124,4.024859352963176,scr1994,effConv,heatpumpAir
CH,hh0125,4.034502708216678,scr1994,effConv,heatpumpAir
CH,hh0126,3.980659140417629,scr1994,effConv,heatpumpAir
CZ,hh0085,4.057603205825217,scr1994,effConv,heatpumpAir
CZ,hh0086,4.059999999997672,scr1994,effConv,heatpumpAir
CZ,hh0087,4.059999999997672,scr1994,effConv,heatpumpAir
CZ,hh0088,4.059999999997672,scr1994,effConv,heatpumpAir
CZ,hh0089,4.059999999997672,scr1994,effConv,heatpumpAir
CZ,hh0090,4.059999999997672,scr1994,effConv,heatpumpAir
CZ,hh0091,4.059999999997672,scr1994,effConv,heatpumpAir
CZ,hh0092,4.059999999997672,scr1994,effConv,heatpumpAir
CZ,hh0093,4.059999999997672,scr1994,effConv,heatpumpAir
CZ,hh0094,4.059999999997672,scr1994,effConv,heatpumpAir
CZ,hh0095,4.059999999997672,scr1994,effConv,heatpumpAir
CZ,hh0096,4.059999999997672,scr1994,effConv,heatpumpAir
CZ,hh0097,4.059999999997672,scr1994,effConv,heatpumpAir
CZ,hh0098,4.059999999997672,scr1994,effConv,heatpumpAir
CZ,hh0099,4.059999999997672,scr1994,effConv,heatpumpAir
CZ,hh0100,4.059999999997672,scr1994,effConv,heatpumpAir
CZ,hh0101,4.059999999997672,scr1994,effConv,heatpumpAir
CZ,hh0102,4.059999999997672,scr1994,effConv,heatpumpAir
CZ,hh0103,4.059999999997672,scr1994,effConv,heatpumpAir
CZ,hh0104,4.059999999997672,scr1994,effConv,heatpumpAir
CZ,hh0105,4.059999999997672,scr1994,effConv,heatpumpAir
CZ,hh0106,4.059999999997672,scr1994,effConv,heatpumpAir
CZ,hh0107,4.059999999997672,scr1994,effConv,heatpumpAir
CZ,hh0108,4.059999999997672,scr1994,effConv,heatpumpAir
CZ,hh0109,4.058957636418199,scr1994,effConv,heatpumpAir
CZ,hh0110,4.059999999997672,scr1994,effConv,heatpumpAir
CZ,hh0111,4.059999999997672,scr1994,effConv,heatpumpAir
CZ,hh0112,4.059999999997672,scr1994,effConv,heatpumpAir
CZ,hh0113,4.059999999997672,scr1994,effConv,heatpumpAir
CZ,hh0114,4.059999999997672,scr1994,effConv,heatpumpAir
CZ,hh0115,4.042030347058244,scr1994,effConv,heatpumpAir
CZ,hh0116,4.05342458690393,scr1994,effConv,heatpumpAir
CZ,hh0117,4.059999999997672,scr1994,effConv,heatpumpAir
CZ,hh0118,4.059999999997672,scr1994,effConv,heatpumpAir
CZ,hh0119,4.059999999997672,scr1994,effConv,heatpumpAir
CZ,hh0120,4.059999999997672,scr1994,effConv,heatpumpAir
CZ,hh0121,3.7157474232226377,scr1994,effConv,heatpumpAir
CZ,hh0122,3.7107008320253954,scr1994,effConv,heatpumpAir
CZ,hh0123,4.041783906570345,scr1994,effConv,heatpumpAir
CZ,hh0124,4.057950450720455,scr1994,effConv,heatpumpAir
CZ,hh0125,4.059999999997672,scr1994,effConv,heatpumpAir
CZ,hh0126,4.056175391027864,scr1994,effConv,heatpumpAir
DE,hh0085,4.058085852639124,scr1994,effConv,heatpumpAir
DE,hh0086,4.05933111489685,scr1994,effConv,heatpumpAir
DE,hh0087,4.060000000004948,scr1994,effConv,heatpumpAir
DE,hh0088,4.060000000004948,scr1994,effConv,heatpumpAir
DE,hh0089,4.0596042283486895,scr1994,effConv,heatpumpAir
DE,hh0090,4.059208388229308,scr1994,effConv,heatpumpAir
DE,hh0091,4.059208422462689,scr1994,effConv,heatpumpAir
DE,hh0092,4.060000000004948,scr1994,effConv,heatpumpAir
DE,hh0093,4.060000000004948,scr1994,effConv,heatpumpAir
DE,hh0094,4.060000000004948,scr1994,effConv,heatpumpAir
DE,hh0095,4.060000000004948,scr1994,effConv,heatpumpAir
DE,hh0096,4.060000000004948,scr1994,effConv,heatpumpAir
DE,hh0097,4.059208388229308,scr1994,effConv,heatpumpAir
DE,hh0098,4.059208388229308,scr1994,effConv,heatpumpAir
DE,hh0099,4.060000000004948,scr1994,effConv,heatpumpAir
DE,hh0100,4.060000000004948,scr1994,effConv,heatpumpAir
DE,hh0101,4.060000000004948,scr1994,effConv,heatpumpAir
DE,hh0102,4.060000000004948,scr1994,effConv,heatpumpAir
DE,hh0103,4.060000000004948,scr1994,effConv,heatpumpAir
DE,hh0104,4.060000000004948,scr1994,effConv,heatpumpAir
DE,hh0105,4.060000000004948,scr1994,effConv,heatpumpAir
DE,hh0106,4.060000000004948,scr1994,effConv,heatpumpAir
DE,hh0107,4.060000000004948,scr1994,effConv,heatpumpAir
DE,hh0108,4.059736152234109,scr1994,effConv,heatpumpAir
DE,hh0109,4.058662204546636,scr1994,effConv,heatpumpAir
DE,hh0110,4.058164400326859,scr1994,effConv,heatpumpAir
DE,hh0111,4.059604211233818,scr1994,effConv,heatpumpAir
DE,hh0112,4.060000000004948,scr1994,effConv,heatpumpAir
DE,hh0113,4.060000000004948,scr1994,effConv,heatpumpAir
DE,hh0114,4.060000000004948,scr1994,effConv,heatpumpAir
DE,hh0115,4.053265815753548,scr1994,effConv,heatpumpAir
DE,hh0116,4.054850924914717,scr1994,effConv,heatpumpAir
DE,hh0117,4.060000000004948,scr1994,effConv,heatpumpAir
DE,hh0118,4.060000000004948,scr1994,effConv,heatpumpAir
DE,hh0119,4.056775998593366,scr1994,effConv,heatpumpAir
DE,hh0120,4.041595742111895,scr1994,effConv,heatpumpAir
DE,hh0121,3.8972753219513834,scr1994,effConv,heatpumpAir
DE,hh0122,3.9004144091504713,scr1994,effConv,heatpumpAir
DE,hh0123,4.052331108990984,scr1994,effConv,heatpumpAir
DE,hh0124,4.060000000004948,scr1994,effConv,heatpumpAir
DE,hh0125,4.059736152234109,scr1994,effConv,heatpumpAir
DE,hh0126,4.055665266827418,scr1994,effConv,heatpumpAir
GR,hh0085,4.059999999997672,scr1994,effConv,heatpumpAir
GR,hh0086,4.059999999997672,scr1994,effConv,heatpumpAir
GR,hh0087,4.059999999997672,scr1994,effConv,heatpumpAir
GR,hh0088,4.059999999997672,scr1994,effConv,heatpumpAir
GR,hh0089,4.059999999997672,scr1994,effConv,heatpumpAir
GR,hh0090,4.059999999997672,scr1994,effConv,heatpumpAir
GR,hh0091,4.059999999997672,scr1994,effConv,heatpumpAir
GR,hh0092,4.059999999997672,scr1994,effConv,heatpumpAir
GR,hh0093,4.059999999997672,scr1994,effConv,heatpumpAir
GR,hh0094,4.059999999997672,scr1994,effConv,heatpumpAir
GR,hh0095,4.059999999997672,scr1994,effConv,heatpumpAir
GR,hh0096,4.059999999997672,scr1994,effConv,heatpumpAir
GR,hh0097,4.059999999997672,scr1994,effConv,heatpumpAir
GR,hh0098,4.059999999997672,scr1994,effConv,heatpumpAir
GR,hh0099,4.059999999997672,scr1994,effConv,heatpumpAir
GR,hh0100,4.059999999997672,scr1994,effConv,heatpumpAir
GR,hh0101,4.059999999997672,scr1994,effConv,heatpumpAir
GR,hh0102,4.059999999997672,scr1994,effConv,heatpumpAir
GR,hh0103,4.059999999997672,scr1994,effConv,heatpumpAir
GR,hh0104,4.059999999997672,scr1994,effConv,heatpumpAir
GR,hh0105,4.059999999997672,scr1994,effConv,heatpumpAir
GR,hh0106,4.059999999997672,scr1994,effConv,heatpumpAir
GR,hh0107,4.059999999997672,scr1994,effConv,heatpumpAir
GR,hh0108,4.059999999997672,scr1994,effConv,heatpumpAir
GR,hh0109,4.059999999997672,scr1994,effConv,heatpumpAir
GR,hh0110,4.059999999997672,scr1994,effConv,heatpumpAir
GR,hh0111,4.059999999997672,scr1994,effConv,heatpumpAir
GR,hh0112,4.059999999997672,scr1994,effConv,heatpumpAir
GR,hh0113,4.059999999997672,scr1994,effConv,heatpumpAir
GR,hh0114,4.059999999997672,scr1994,effConv,heatpumpAir
GR,hh0115,4.059999999997672,scr1994,effConv,heatpumpAir
GR,hh0116,4.059999999997672,scr1994,effConv,heatpumpAir
GR,hh0117,4.059999999997672,scr1994,effConv,heatpumpAir
GR,hh0118,4.059999999997672,scr1994,effConv,heatpumpAir
GR,hh0119,4.059999999997672,scr1994,effConv,heatpumpAir
GR,hh0120,4.059999999997672,scr1994,effConv,heatpumpAir
GR,hh0121,4.059999999997672,scr1994,effConv,heatpumpAir
GR,hh0122,4.059999999997672,scr1994,effConv,heatpumpAir
GR,hh0123,4.059999999997672,scr1994,effConv,heatpumpAir
GR,hh0124,4.059999999997672,scr1994,effConv,heatpumpAir
GR,hh0125,4.059999999997672,scr1994,effConv,heatpumpAir
GR,hh0126,4.059999999997672,scr1994,effConv,heatpumpAir
ES,hh0085,4.059999999997672,scr1994,effConv,heatpumpAir
ES,hh0086,4.059999999997672,scr1994,effConv,heatpumpAir
ES,hh0087,4.059999999997672,scr1994,effConv,heatpumpAir
ES,hh0088,4.059999999997672,scr1994,effConv,heatpumpAir
ES,hh0089,4.059999999997672,scr1994,effConv,heatpumpAir
ES,hh0090,4.059999999997672,scr1994,effConv,heatpumpAir
ES,hh0091,4.059999999997672,scr1994,effConv,heatpumpAir
ES,hh0092,4.059999999997672,scr1994,effConv,heatpumpAir
ES,hh0093,4.059999999997672,scr1994,effConv,heatpumpAir
ES,hh0094,4.059999999997672,scr1994,effConv,heatpumpAir
ES,hh0095,4.059999999997672,scr1994,effConv,heatpumpAir
ES,hh0096,4.059999999997672,scr1994,effConv,heatpumpAir
ES,hh0097,4.059999999997672,scr1994,effConv,heatpumpAir
ES,hh0098,4.059999999997672,scr1994,effConv,heatpumpAir
ES,hh0099,4.059999999997672,scr1994,effConv,heatpumpAir
ES,hh0100,4.059999999997672,scr1994,effConv,heatpumpAir
ES,hh0101,4.059999999997672,scr1994,effConv,heatpumpAir
ES,hh0102,4.059999999997672,scr1994,effConv,heatpumpAir
ES,hh0103,4.059769110483103,scr1994,effConv,heatpumpAir
ES,hh0104,4.059538212730331,scr1994,effConv,heatpumpAir
ES,hh0105,4.059999999997672,scr1994,effConv,heatpumpAir
ES,hh0106,4.059999999997672,scr1994,effConv,heatpumpAir
ES,hh0107,4.059999999997672,scr1994,effConv,heatpumpAir
ES,hh0108,4.059999999997672,scr1994,effConv,heatpumpAir
ES,hh0109,4.059999999997672,scr1994,effConv,heatpumpAir
ES,hh0110,4.059999999997672,scr1994,effConv,heatpumpAir
ES,hh0111,4.059999999997672,scr1994,effConv,heatpumpAir
ES,hh0112,4.059999999997672,scr1994,effConv,heatpumpAir
ES,hh0113,4.059999999997672,scr1994,effConv,heatpumpAir
ES,hh0114,4.059504354976525,scr1994,effConv,heatpumpAir
ES,hh0115,4.055668798740953,scr1994,effConv,heatpumpAir
ES,hh0116,4.056015497904809,scr1994,effConv,heatpumpAir
ES,hh0117,4.059256480095428,scr1994,effConv,heatpumpAir
ES,hh0118,4.059999999997672,scr1994,effConv,heatpumpAir
ES,hh0119,4.057242612459959,scr1994,effConv,heatpumpAir
ES,hh0120,4.030700803101354,scr1994,effConv,heatpumpAir
ES,hh0121,3.9522029211639165,scr1994,effConv,heatpumpAir
ES,hh0122,3.9156454964886507,scr1994,effConv,heatpumpAir
ES,hh0123,4.0391894567073905,scr1994,effConv,heatpumpAir
ES,hh0124,4.058260687112124,scr1994,effConv,heatpumpAir
ES,hh0125,4.058427337531612,scr1994,effConv,heatpumpAir
ES,hh0126,4.056310957786991,scr1994,effConv,heatpumpAir
DK,hh0085,3.9868756949836097,scr1994,effConv,heatpumpAir
DK,hh0086,4.043978447603877,scr1994,effConv,heatpumpAir
DK,hh0087,4.059999999997672,scr1994,effConv,heatpumpAir
DK,hh0088,4.059999999997672,scr1994,effConv,heatpumpAir
DK,hh0089,4.059999999997672,scr1994,effConv,heatpumpAir
DK,hh0090,4.059999999997672,scr1994,effConv,heatpumpAir
DK,hh0091,4.059999999997672,scr1994,effConv,heatpumpAir
DK,hh0092,4.059999999997672,scr1994,effConv,heatpumpAir
DK,hh0093,4.059999999997672,scr1994,effConv,heatpumpAir
DK,hh0094,4.059999999997672,scr1994,effConv,heatpumpAir
DK,hh0095,4.059999999997672,scr1994,effConv,heatpumpAir
DK,hh0096,4.059999999997672,scr1994,effConv,heatpumpAir
DK,hh0097,4.059999999997672,scr1994,effConv,heatpumpAir
DK,hh0098,4.059999999997672,scr1994,effConv,heatpumpAir
DK,hh0099,4.059999999997672,scr1994,effConv,heatpumpAir
DK,hh0100,4.059999999997672,scr1994,effConv,heatpumpAir
DK,hh0101,4.059999999997672,scr1994,effConv,heatpumpAir
DK,hh0102,4.059999999997672,scr1994,effConv,heatpumpAir
DK,hh0103,4.059999999997672,scr1994,effConv,heatpumpAir
DK,hh0104,4.059999999997672,scr1994,effConv,heatpumpAir
DK,hh0105,4.059999999997672,scr1994,effConv,heatpumpAir
DK,hh0106,4.059999999997672,scr1994,effConv,heatpumpAir
DK,hh0107,4.059999999997672,scr1994,effConv,heatpumpAir
DK,hh0108,4.059999999997672,scr1994,effConv,heatpumpAir
DK,hh0109,4.00781134594763,scr1994,effConv,heatpumpAir
DK,hh0110,4.037143280340388,scr1994,effConv,heatpumpAir
DK,hh0111,4.059999999997672,scr1994,effConv,heatpumpAir
DK,hh0112,4.059999999997672,scr1994,effConv,heatpumpAir
DK,hh0113,4.059999999997672,scr1994,effConv,heatpumpAir
DK,hh0114,4.059999999997672,scr1994,effConv,heatpumpAir
DK,hh0115,4.059999999997672,scr1994,effConv,heatpumpAir
DK,hh0116,4.059999999997672,scr1994,effConv,heatpumpAir
DK,hh0117,4.059999999997672,scr1994,effConv,heatpumpAir
DK,hh0118,4.059999999997672,scr1994,effConv,heatpumpAir
DK,hh0119,4.059999999997672,scr1994,effConv,heatpumpAir
DK,hh0120,4.059999999997672,scr1994,effConv,heatpumpAir
DK,hh0121,4.059999999997672,scr1994,effConv,heatpumpAir
DK,hh0122,4.054578618695814,scr1994,effConv,heatpumpAir
DK,hh0123,4.058558726514093,scr1994,effConv,heatpumpAir
DK,hh0124,4.059999999997672,scr1994,effConv,heatpumpAir
DK,hh0125,4.055956240159503,scr1994,effConv,heatpumpAir
DK,hh0126,4.0007990273152245,scr1994,effConv,heatpumpAir
EE,hh0085,4.06,scr1994,effConv,heatpumpAir
EE,hh0086,4.06,scr1994,effConv,heatpumpAir
EE,hh0087,4.06,scr1994,effConv,heatpumpAir
EE,hh0088,4.06,scr1994,effConv,heatpumpAir
EE,hh0089,4.06,scr1994,effConv,heatpumpAir
EE,hh0090,4.06,scr1994,effConv,heatpumpAir
EE,hh0091,4.06,scr1994,effConv,heatpumpAir
EE,hh0092,4.06,scr1994,effConv,heatpumpAir
EE,hh0093,4.06,scr1994,effConv,heatpumpAir
EE,hh0094,4.06,scr1994,effConv,heatpumpAir
EE,hh0095,4.06,scr1994,effConv,heatpumpAir
EE,hh0096,4.06,scr1994,effConv,heatpumpAir
EE,hh0097,4.06,scr1994,effConv,heatpumpAir
EE,hh0098,4.06,scr1994,effConv,heatpumpAir
EE,hh0099,4.06,scr1994,effConv,heatpumpAir
EE,hh0100,4.06,scr1994,effConv,heatpumpAir
EE,hh0101,4.06,scr1994,effConv,heatpumpAir
EE,hh0102,4.06,scr1994,effConv,heatpumpAir
EE,hh0103,4.06,scr1994,effConv,heatpumpAir
EE,hh0104,4.06,scr1994,effConv,heatpumpAir
EE,hh0105,4.06,scr1994,effConv,heatpumpAir
EE,hh0106,4.06,scr1994,effConv,heatpumpAir
EE,hh0107,4.06,scr1994,effConv,heatpumpAir
EE,hh0108,4.06,scr1994,effConv,heatpumpAir
EE,hh0109,4.037222552731429,scr1994,effConv,heatpumpAir
EE,hh0110,4.057469445358224,scr1994,effConv,heatpumpAir
EE,hh0111,4.06,scr1994,effConv,heatpumpAir
EE,hh0112,4.06,scr1994,effConv,heatpumpAir
EE,hh0113,4.011039224445684,scr1994,effConv,heatpumpAir
EE,hh0114,3.7793804659252004,scr1994,effConv,heatpumpAir
EE,hh0115,3.9814572870283405,scr1994,effConv,heatpumpAir
EE,hh0116,4.06,scr1994,effConv,heatpumpAir
EE,hh0117,4.06,scr1994,effConv,heatpumpAir
EE,hh0118,4.06,scr1994,effConv,heatpumpAir
EE,hh0119,4.059156523314574,scr1994,effConv,heatpumpAir
EE,hh0120,3.9646085139269363,scr1994,effConv,heatpumpAir
EE,hh0121,3.9189959373792593,scr1994,effConv,heatpumpAir
EE,hh0122,4.023712450057589,scr1994,effConv,heatpumpAir
EE,hh0123,4.06,scr1994,effConv,heatpumpAir
EE,hh0124,4.06,scr1994,effConv,heatpumpAir
EE,hh0125,4.054095206159032,scr1994,effConv,heatpumpAir
EE,hh0126,4.011061850267926,scr1994,effConv,heatpumpAir
FI,hh0085,4.034292146243406,scr1994,effConv,heatpumpAir
FI,hh0086,4.059261238180356,scr1994,effConv,heatpumpAir
FI,hh0087,4.059999999999999,scr1994,effConv,heatpumpAir
FI,hh0088,4.059893497884978,scr1994,effConv,heatpumpAir
FI,hh0089,4.059467488545613,scr1994,effConv,heatpumpAir
FI,hh0090,4.059041477887224,scr1994,effConv,heatpumpAir
FI,hh0091,4.059680493215296,scr1994,effConv,heatpumpAir
FI,hh0092,4.059999999999999,scr1994,effConv,heatpumpAir
FI,hh0093,4.059999999999999,scr1994,effConv,heatpumpAir
FI,hh0094,4.059999999999999,scr1994,effConv,heatpumpAir
FI,hh0095,4.059893497884978,scr1994,effConv,heatpumpAir
FI,hh0096,4.0568048837768576,scr1994,effConv,heatpumpAir
FI,hh0097,4.058508950161693,scr1994,effConv,heatpumpAir
FI,hh0098,4.059999999999999,scr1994,effConv,heatpumpAir
FI,hh0099,4.059999999999999,scr1994,effConv,heatpumpAir
FI,hh0100,4.059999999999999,scr1994,effConv,heatpumpAir
FI,hh0101,4.059680493215296,scr1994,effConv,heatpumpAir
FI,hh0102,4.057443920657757,scr1994,effConv,heatpumpAir
FI,hh0103,4.0581894486549785,scr1994,effConv,heatpumpAir
FI,hh0104,4.059893497884978,scr1994,effConv,heatpumpAir
FI,hh0105,4.059999999999999,scr1994,effConv,heatpumpAir
FI,hh0106,4.059893497884978,scr1994,effConv,heatpumpAir
FI,hh0107,4.037678334367793,scr1994,effConv,heatpumpAir
FI,hh0108,3.818409487901767,scr1994,effConv,heatpumpAir
FI,hh0109,3.9246133567232304,scr1994,effConv,heatpumpAir
FI,hh0110,4.05597967868394,scr1994,effConv,heatpumpAir
FI,hh0111,4.059999999999999,scr1994,effConv,heatpumpAir
FI,hh0112,4.058828470579257,scr1994,effConv,heatpumpAir
FI,hh0113,3.9970289341892875,scr1994,effConv,heatpumpAir
FI,hh0114,3.655703986319476,scr1994,effConv,heatpumpAir
FI,hh0115,3.850088198084491,scr1994,effConv,heatpumpAir
FI,hh0116,3.9658770589220933,scr1994,effConv,heatpumpAir
FI,hh0117,3.9405594739660645,scr1994,effConv,heatpumpAir
FI,hh0118,4.034687823086587,scr1994,effConv,heatpumpAir
FI,hh0119,4.023671595068869,scr1994,effConv,heatpumpAir
FI,hh0120,3.8001906467763917,scr1994,effConv,heatpumpAir
FI,hh0121,3.718447766696913,scr1994,effConv,heatpumpAir
FI,hh0122,3.806458194893958,scr1994,effConv,heatpumpAir
FI,hh0123,4.0456479423372755,scr1994,effConv,heatpumpAir
FI,hh0124,4.054568257548926,scr1994,effConv,heatpumpAir
FI,hh0125,3.9815393674528634,scr1994,effConv,heatpumpAir
FI,hh0126,3.741117514107076,scr1994,effConv,heatpumpAir
FR,hh0085,4.0592583883353655,scr1994,effConv,heatpumpAir
FR,hh0086,4.059647968091667,scr1994,effConv,heatpumpAir
FR,hh0087,4.059999999997672,scr1994,effConv,heatpumpAir
FR,hh0088,4.059999999997672,scr1994,effConv,heatpumpAir
FR,hh0089,4.059999999997672,scr1994,effConv,heatpumpAir
FR,hh0090,4.059999999997672,scr1994,effConv,heatpumpAir
FR,hh0091,4.056984844313774,scr1994,effConv,heatpumpAir
FR,hh0092,4.0568373619189515,scr1994,effConv,heatpumpAir
FR,hh0093,4.059999999997672,scr1994,effConv,heatpumpAir
FR,hh0094,4.059999999997672,scr1994,effConv,heatpumpAir
FR,hh0095,4.059999999997672,scr1994,effConv,heatpumpAir
FR,hh0096,4.058315375908933,scr1994,effConv,heatpumpAir
FR,hh0097,4.058076770539628,scr1994,effConv,heatpumpAir
FR,hh0098,4.05871790416677,scr1994,effConv,heatpumpAir
FR,hh0099,4.059899421077716,scr1994,effConv,heatpumpAir
FR,hh0100,4.059999999997672,scr1994,effConv,heatpumpAir
FR,hh0101,4.059999999997672,scr1994,effConv,heatpumpAir
FR,hh0102,4.059999999997672,scr1994,effConv,heatpumpAir
FR,hh0103,4.059999999997672,scr1994,effConv,heatpumpAir
FR,hh0104,4.059698256412958,scr1994,effConv,heatpumpAir
FR,hh0105,4.059849128205315,scr1994,effConv,heatpumpAir
FR,hh0106,4.059999999997672,scr1994,effConv,heatpumpAir
FR,hh0107,4.059999999997672,scr1994,effConv,heatpumpAir
FR,hh0108,4.059115736241438,scr1994,effConv,heatpumpAir
FR,hh0109,4.058835007246671,scr1994,effConv,heatpumpAir
FR,hh0110,4.058642033241995,scr1994,effConv,heatpumpAir
FR,hh0111,4.059396469585408,scr1994,effConv,heatpumpAir
FR,hh0112,4.059999999997672,scr1994,effConv,heatpumpAir
FR,hh0113,4.059618691708238,scr1994,effConv,heatpumpAir
FR,hh0114,4.056245095938721,scr1994,effConv,heatpumpAir
FR,hh0115,4.047827595788476,scr1994,effConv,heatpumpAir
FR,hh0116,4.0488726973362645,scr1994,effConv,heatpumpAir
FR,hh0117,4.058365815577417,scr1994,effConv,heatpumpAir
FR,hh0118,4.0594092637293215,scr1994,effConv,heatpumpAir
FR,hh0119,4.051756193748588,scr1994,effConv,heatpumpAir
FR,hh0120,4.019850408863931,scr1994,effConv,heatpumpAir
FR,hh0121,3.8832329886299704,scr1994,effConv,heatpumpAir
FR,hh0122,3.8766505396943103,scr1994,effConv,heatpumpAir
FR,hh0123,4.0361515099830285,scr1994,effConv,heatpumpAir
FR,hh0124,4.055893696093335,scr1994,effConv,heatpumpAir
FR,hh0125,4.0573712670120585,scr1994,effConv,heatpumpAir
FR,hh0126,4.052180057326041,scr1994,effConv,heatpumpAir
IT,hh0085,4.047168376817353,scr1994,effConv,heatpumpAir
IT,hh0086,4.048876794813623,scr1994,effConv,heatpumpAir
IT,hh0087,4.059999999997672,scr1994,effConv,heatpumpAir
IT,hh0088,4.0595728126481845,scr1994,effConv,heatpumpAir
IT,hh0089,4.052732807442226,scr1994,effConv,heatpumpAir
IT,hh0090,4.054442040212962,scr1994,effConv,heatpumpAir
IT,hh0091,4.037303530545614,scr1994,effConv,heatpumpAir
IT,hh0092,4.045872866578065,scr1994,effConv,heatpumpAir
IT,hh0093,4.059999999997672,scr1994,effConv,heatpumpAir
IT,hh0094,4.059999999997672,scr1994,effConv,heatpumpAir
IT,hh0095,4.059999999997672,scr1994,effConv,heatpumpAir
IT,hh0096,4.053587666492604,scr1994,effConv,heatpumpAir
IT,hh0097,4.035154932631485,scr1994,effConv,heatpumpAir
IT,hh0098,4.040730250617344,scr1994,effConv,heatpumpAir
IT,hh0099,4.0591454638906725,scr1994,effConv,heatpumpAir
IT,hh0100,4.059999999997672,scr1994,effConv,heatpumpAir
IT,hh0101,4.059999999997672,scr1994,effConv,heatpumpAir
IT,hh0102,4.05743623014132,scr1994,effConv,heatpumpAir
IT,hh0103,4.058718276541185,scr1994,effConv,heatpumpAir
IT,hh0104,4.05444074697516,scr1994,effConv,heatpumpAir
IT,hh0105,4.05529625141935,scr1994,effConv,heatpumpAir
IT,hh0106,4.059999999997672,scr1994,effConv,heatpumpAir
IT,hh0107,4.056152405908506,scr1994,effConv,heatpumpAir
IT,hh0108,4.0403085989728424,scr1994,effConv,heatpumpAir
IT,hh0109,4.037306299696866,scr1994,effConv,heatpumpAir
IT,hh0110,4.035587651536844,scr1994,effConv,heatpumpAir
IT,hh0111,4.043727678024879,scr1994,effConv,heatpumpAir
IT,hh0112,4.0595728126481845,scr1994,effConv,heatpumpAir
IT,hh0113,4.057435745546172,scr1994,effConv,heatpumpAir
IT,hh0114,4.04202350351261,scr1994,effConv,heatpumpAir
IT,hh0115,4.004978348377335,scr1994,effConv,heatpumpAir
IT,hh0116,4.010590694433631,scr1994,effConv,heatpumpAir
IT,hh0117,4.042025779570395,scr1994,effConv,heatpumpAir
IT,hh0118,4.054868256531336,scr1994,effConv,heatpumpAir
IT,hh0119,4.038120212944705,scr1994,effConv,heatpumpAir
IT,hh0120,3.984196541048732,scr1994,effConv,heatpumpAir
IT,hh0121,3.915915082061474,scr1994,effConv,heatpumpAir
IT,hh0122,3.9307828164401144,scr1994,effConv,heatpumpAir
IT,hh0123,4.005481147220053,scr1994,effConv,heatpumpAir
IT,hh0124,4.043724424276661,scr1994,effConv,heatpumpAir
IT,hh0125,4.050592180383319,scr1994,effConv,heatpumpAir
IT,hh0126,4.033008941236403,scr1994,effConv,heatpumpAir
NL,hh0085,4.059999999999999,scr1994,effConv,heatpumpAir
NL,hh0086,4.059999999999999,scr1994,effConv,heatpumpAir
NL,hh0087,4.059999999999999,scr1994,effConv,heatpumpAir
NL,hh0088,4.059999999999999,scr1994,effConv,heatpumpAir
NL,hh0089,4.059999999999999,scr1994,effConv,heatpumpAir
NL,hh0090,4.059999999999999,scr1994,effConv,heatpumpAir
NL,hh0091,4.059999999999999,scr1994,effConv,heatpumpAir
NL,hh0092,4.059999999999999,scr1994,effConv,heatpumpAir
NL,hh0093,4.059999999999999,scr1994,effConv,heatpumpAir
NL,hh0094,4.059999999999999,scr1994,effConv,heatpumpAir
NL,hh0095,4.059999999999999,scr1994,effConv,heatpumpAir
NL,hh0096,4.059999999999999,scr1994,effConv,heatpumpAir
NL,hh0097,4.059999999999999,scr1994,effConv,heatpumpAir
NL,hh0098,4.059999999999999,scr1994,effConv,heatpumpAir
NL,hh0099,4.059999999999999,scr1994,effConv,heatpumpAir
NL,hh0100,4.059999999999999,scr1994,effConv,heatpumpAir
NL,hh0101,4.059999999999999,scr1994,effConv,heatpumpAir
NL,hh0102,4.059999999999999,scr1994,effConv,heatpumpAir
NL,hh0103,4.059999999999999,scr1994,effConv,heatpumpAir
NL,hh0104,4.059999999999999,scr1994,effConv,heatpumpAir
NL,hh0105,4.059999999999999,scr1994,effConv,heatpumpAir
NL,hh0106,4.059999999999999,scr1994,effConv,heatpumpAir
NL,hh0107,4.059999999999999,scr1994,effConv,heatpumpAir
NL,hh0108,4.059999999999999,scr1994,effConv,heatpumpAir
NL,hh0109,4.059999999999999,scr1994,effConv,heatpumpAir
NL,hh0110,4.059999999999999,scr1994,effConv,heatpumpAir
NL,hh0111,4.059999999999999,scr1994,effConv,heatpumpAir
NL,hh0112,4.059999999999999,scr1994,effConv,heatpumpAir
NL,hh0113,4.059999999999999,scr1994,effConv,heatpumpAir
NL,hh0114,4.059999999999999,scr1994,effConv,heatpumpAir
NL,hh0115,4.059999999999999,scr1994,effConv,heatpumpAir
NL,hh0116,4.059999999999999,scr1994,effConv,heatpumpAir
NL,hh0117,4.059999999999999,scr1994,effConv,heatpumpAir
NL,hh0118,4.059999999999999,scr1994,effConv,heatpumpAir
NL,hh0119,4.059999999999999,scr1994,effConv,heatpumpAir
NL,hh0120,4.059999999999999,scr1994,effConv,heatpumpAir
NL,hh0121,4.05305258324716,scr1994,effConv,heatpumpAir
NL,hh0122,4.05305258324716,scr1994,effConv,heatpumpAir
NL,hh0123,4.059999999999999,scr1994,effConv,heatpumpAir
NL,hh0124,4.059999999999999,scr1994,effConv,heatpumpAir
NL,hh0125,4.059999999999999,scr1994,effConv,heatpumpAir
NL,hh0126,4.056912317610754,scr1994,effConv,heatpumpAir
IE,hh0085,4.055297004058957,scr1994,effConv,heatpumpAir
IE,hh0086,4.060000002384186,scr1994,effConv,heatpumpAir
IE,hh0087,4.060000002384186,scr1994,effConv,heatpumpAir
IE,hh0088,4.060000002384186,scr1994,effConv,heatpumpAir
IE,hh0089,4.060000002384186,scr1994,effConv,heatpumpAir
IE,hh0090,4.060000002384186,scr1994,effConv,heatpumpAir
IE,hh0091,4.060000002384186,scr1994,effConv,heatpumpAir
IE,hh0092,4.060000002384186,scr1994,effConv,heatpumpAir
IE,hh0093,4.060000002384186,scr1994,effConv,heatpumpAir
IE,hh0094,4.060000002384186,scr1994,effConv,heatpumpAir
IE,hh0095,4.060000002384186,scr1994,effConv,heatpumpAir
IE,hh0096,4.060000002384186,scr1994,effConv,heatpumpAir
IE,hh0097,4.057178357616067,scr1994,effConv,heatpumpAir
IE,hh0098,4.0515296552330256,scr1994,effConv,heatpumpAir
IE,hh0099,4.060000002384186,scr1994,effConv,heatpumpAir
IE,hh0100,4.060000002384186,scr1994,effConv,heatpumpAir
IE,hh0101,4.060000002384186,scr1994,effConv,heatpumpAir
IE,hh0102,4.060000002384186,scr1994,effConv,heatpumpAir
IE,hh0103,4.060000002384186,scr1994,effConv,heatpumpAir
IE,hh0104,4.039228171110153,scr1994,effConv,heatpumpAir
IE,hh0105,4.0496140867471695,scr1994,effConv,heatpumpAir
IE,hh0106,4.060000002384186,scr1994,effConv,heatpumpAir
IE,hh0107,4.060000002384186,scr1994,effConv,heatpumpAir
IE,hh0108,4.060000002384186,scr1994,effConv,heatpumpAir
IE,hh0109,4.060000002384186,scr1994,effConv,heatpumpAir
IE,hh0110,4.057179128751159,scr1994,effConv,heatpumpAir
IE,hh0111,4.060000002384186,scr1994,effConv,heatpumpAir
IE,hh0112,4.060000002384186,scr1994,effConv,heatpumpAir
IE,hh0113,4.060000002384186,scr1994,effConv,heatpumpAir
IE,hh0114,4.054355166852474,scr1994,effConv,heatpumpAir
IE,hh0115,4.0297995917499065,scr1994,effConv,heatpumpAir
IE,hh0116,3.954434394836426,scr1994,effConv,heatpumpAir
IE,hh0117,4.044907992705703,scr1994,effConv,heatpumpAir
IE,hh0118,4.060000002384186,scr1994,effConv,heatpumpAir
IE,hh0119,4.060000002384186,scr1994,effConv,heatpumpAir
IE,hh0120,4.01550973393023,scr1994,effConv,heatpumpAir
IE,hh0121,3.830294581130147,scr1994,effConv,heatpumpAir
IE,hh0122,3.804077599197626,scr1994,effConv,heatpumpAir
IE,hh0123,4.057176811620593,scr1994,effConv,heatpumpAir
IE,hh0124,4.060000002384186,scr1994,effConv,heatpumpAir
IE,hh0125,4.060000002384186,scr1994,effConv,heatpumpAir
IE,hh0126,4.060000002384186,scr1994,effConv,heatpumpAir
HR,hh0085,4.059999999997672,scr1994,effConv,heatpumpAir
HR,hh0086,4.059999999997672,scr1994,effConv,heatpumpAir
HR,hh0087,4.059999999997672,scr1994,effConv,heatpumpAir
HR,hh0088,4.059999999997672,scr1994,effConv,heatpumpAir
HR,hh0089,4.059999999997672,scr1994,effConv,heatpumpAir
HR,hh0090,4.059999999997672,scr1994,effConv,heatpumpAir
HR,hh0091,4.059999999997672,scr1994,effConv,heatpumpAir
HR,hh0092,4.059999999997672,scr1994,effConv,heatpumpAir
HR,hh0093,4.059999999997672,scr1994,effConv,heatpumpAir
HR,hh0094,4.059999999997672,scr1994,effConv,heatpumpAir
HR,hh0095,4.059999999997672,scr1994,effConv,heatpumpAir
HR,hh0096,4.059999999997672,scr1994,effConv,heatpumpAir
HR,hh0097,4.059999999997672,scr1994,effConv,heatpumpAir
HR,hh0098,4.059999999997672,scr1994,effConv,heatpumpAir
HR,hh0099,4.059999999997672,scr1994,effConv,heatpumpAir
HR,hh0100,4.059999999997672,scr1994,effConv,heatpumpAir
HR,hh0101,4.059999999997672,scr1994,effConv,heatpumpAir
HR,hh0102,4.059999999997672,scr1994,effConv,heatpumpAir
HR,hh0103,4.059999999997672,scr1994,effConv,heatpumpAir
HR,hh0104,4.059999999997672,scr1994,effConv,heatpumpAir
HR,hh0105,4.059999999997672,scr1994,effConv,heatpumpAir
HR,hh0106,4.059999999997672,scr1994,effConv,heatpumpAir
HR,hh0107,4.059999999997672,scr1994,effConv,heatpumpAir
HR,hh0108,4.059999999997672,scr1994,effConv,heatpumpAir
HR,hh0109,4.059999999997672,scr1994,effConv,heatpumpAir
HR,hh0110,4.059999999997672,scr1994,effConv,heatpumpAir
HR,hh0111,4.059999999997672,scr1994,effConv,heatpumpAir
HR,hh0112,4.059999999997672,scr1994,effConv,heatpumpAir
HR,hh0113,4.059999999997672,scr1994,effConv,heatpumpAir
HR,hh0114,4.059999999997672,scr1994,effConv,heatpumpAir
HR,hh0115,4.059999999997672,scr1994,effConv,heatpumpAir
HR,hh0116,4.059999999997672,scr1994,effConv,heatpumpAir
HR,hh0117,4.059999999997672,scr1994,effConv,heatpumpAir
HR,hh0118,4.059999999997672,scr1994,effConv,heatpumpAir
HR,hh0119,4.059999999997672,scr1994,effConv,heatpumpAir
HR,hh0120,4.059999999997672,scr1994,effConv,heatpumpAir
HR,hh0121,4.049990938296105,scr1994,effConv,heatpumpAir
HR,hh0122,4.041636428801212,scr1994,effConv,heatpumpAir
HR,hh0123,4.058333081107776,scr1994,effConv,heatpumpAir
HR,hh0124,4.059999999997672,scr1994,effConv,heatpumpAir
HR,hh0125,4.059999999997672,scr1994,effConv,heatpumpAir
HR,hh0126,4.059999999997672,scr1994,effConv,heatpumpAir
HU,hh0085,4.059999994933605,scr1994,effConv,heatpumpAir
HU,hh0086,4.059999994933605,scr1994,effConv,heatpumpAir
HU,hh0087,4.059999994933605,scr1994,effConv,heatpumpAir
HU,hh0088,4.059999994933605,scr1994,effConv,heatpumpAir
HU,hh0089,4.059999994933605,scr1994,effConv,heatpumpAir
HU,hh0090,4.059999994933605,scr1994,effConv,heatpumpAir
HU,hh0091,4.059999994933605,scr1994,effConv,heatpumpAir
HU,hh0092,4.059999994933605,scr1994,effConv,heatpumpAir
HU,hh0093,4.059999994933605,scr1994,effConv,heatpumpAir
HU,hh0094,4.059999994933605,scr1994,effConv,heatpumpAir
HU,hh0095,4.059999994933605,scr1994,effConv,heatpumpAir
HU,hh0096,4.059999994933605,scr1994,effConv,heatpumpAir
HU,hh0097,4.059999994933605,scr1994,effConv,heatpumpAir
HU,hh0098,4.059999994933605,scr1994,effConv,heatpumpAir
HU,hh0099,4.059999994933605,scr1994,effConv,heatpumpAir
HU,hh0100,4.059999994933605,scr1994,effConv,heatpumpAir
HU,hh0101,4.059999994933605,scr1994,effConv,heatpumpAir
HU,hh0102,4.059999994933605,scr1994,effConv,heatpumpAir
HU,hh0103,4.059999994933605,scr1994,effConv,heatpumpAir
HU,hh0104,4.059999994933605,scr1994,effConv,heatpumpAir
HU,hh0105,4.059999994933605,scr1994,effConv,heatpumpAir
HU,hh0106,4.059999994933605,scr1994,effConv,heatpumpAir
HU,hh0107,4.059999994933605,scr1994,effConv,heatpumpAir
HU,hh0108,4.059999994933605,scr1994,effConv,heatpumpAir
HU,hh0109,4.059999994933605,scr1994,effConv,heatpumpAir
HU,hh0110,4.059999994933605,scr1994,effConv,heatpumpAir
HU,hh0111,4.059999994933605,scr1994,effConv,heatpumpAir
HU,hh0112,4.059999994933605,scr1994,effConv,heatpumpAir
HU,hh0113,4.059999994933605,scr1994,effConv,heatpumpAir
HU,hh0114,4.059999994933605,scr1994,effConv,heatpumpAir
HU,hh0115,4.059999994933605,scr1994,effConv,heatpumpAir
HU,hh0116,4.059999994933605,scr1994,effConv,heatpumpAir
HU,hh0117,4.059999994933605,scr1994,effConv,heatpumpAir
HU,hh0118,4.059999994933605,scr1994,effConv,heatpumpAir
HU,hh0119,4.059999994933605,scr1994,effConv,heatpumpAir
HU,hh0120,4.059999994933605,scr1994,effConv,heatpumpAir
HU,hh0121,4.027982149273157,scr1994,effConv,heatpumpAir
HU,hh0122,4.018512232229114,scr1994,effConv,heatpumpAir
HU,hh0123,4.059999994933605,scr1994,effConv,heatpumpAir
HU,hh0124,4.059999994933605,scr1994,effConv,heatpumpAir
HU,hh0125,4.059999994933605,scr1994,effConv,heatpumpAir
HU,hh0126,4.059999994933605,scr1994,effConv,heatpumpAir
MK,hh0085,4.059999999997672,scr1994,effConv,heatpumpAir
MK,hh0086,4.059999999997672,scr1994,effConv,heatpumpAir
MK,hh0087,4.059999999997672,scr1994,effConv,heatpumpAir
MK,hh0088,4.059999999997672,scr1994,effConv,heatpumpAir
MK,hh0089,4.059999999997672,scr1994,effConv,heatpumpAir
MK,hh0090,4.059999999997672,scr1994,effConv,heatpumpAir
MK,hh0091,4.059999999997672,scr1994,effConv,heatpumpAir
MK,hh0092,4.059999999997672,scr1994,effConv,heatpumpAir
MK,hh0093,4.059999999997672,scr1994,effConv,heatpumpAir
MK,hh0094,4.059999999997672,scr1994,effConv,heatpumpAir
MK,hh0095,4.059999999997672,scr1994,effConv,heatpumpAir
MK,hh0096,4.059999999997672,scr1994,effConv,heatpumpAir
MK,hh0097,4.059999999997672,scr1994,effConv,heatpumpAir
MK,hh0098,4.059999999997672,scr1994,effConv,heatpumpAir
MK,hh0099,4.059999999997672,scr1994,effConv,heatpumpAir
MK,hh0100,4.059999999997672,scr1994,effConv,heatpumpAir
MK,hh0101,4.059999999997672,scr1994,effConv,heatpumpAir
MK,hh0102,4.059999999997672,scr1994,effConv,heatpumpAir
MK,hh0103,4.059999999997672,scr1994,effConv,heatpumpAir
MK,hh0104,4.059999999997672,scr1994,effConv,heatpumpAir
MK,hh0105,4.059999999997672,scr1994,effConv,heatpumpAir
MK,hh0106,4.059999999997672,scr1994,effConv,heatpumpAir
MK,hh0107,4.059999999997672,scr1994,effConv,heatpumpAir
MK,hh0108,4.059999999997672,scr1994,effConv,heatpumpAir
MK,hh0109,4.059999999997672,scr1994,effConv,heatpumpAir
MK,hh0110,4.059999999997672,scr1994,effConv,heatpumpAir
MK,hh0111,4.059999999997672,scr1994,effConv,heatpumpAir
MK,hh0112,4.059999999997672,scr1994,effConv,heatpumpAir
MK,hh0113,4.059999999997672,scr1994,effConv,heatpumpAir
MK,hh0114,4.059999999997672,scr1994,effConv,heatpumpAir
MK,hh0115,4.059999999997672,scr1994,effConv,heatpumpAir
MK,hh0116,4.059999999997672,scr1994,effConv,heatpumpAir
MK,hh0117,4.059999999997672,scr1994,effConv,heatpumpAir
MK,hh0118,4.059999999997672,scr1994,effConv,heatpumpAir
MK,hh0119,4.059999999997672,scr1994,effConv,heatpumpAir
MK,hh0120,4.059999999997672,scr1994,effConv,heatpumpAir
MK,hh0121,4.057490183167829,scr1994,effConv,heatpumpAir
MK,hh0122,4.044917661954969,scr1994,effConv,heatpumpAir
MK,hh0123,4.054971406716504,scr1994,effConv,heatpumpAir
MK,hh0124,4.059999999997672,scr1994,effConv,heatpumpAir
MK,hh0125,4.059999999997672,scr1994,effConv,heatpumpAir
MK,hh0126,4.059999999997672,scr1994,effConv,heatpumpAir
LV,hh0085,4.05753425963719,scr1994,effConv,heatpumpAir
LV,hh0086,4.059999999999999,scr1994,effConv,heatpumpAir
LV,hh0087,4.059999999999999,scr1994,effConv,heatpumpAir
LV,hh0088,4.059999999999999,scr1994,effConv,heatpumpAir
LV,hh0089,4.059999999999999,scr1994,effConv,heatpumpAir
LV,hh0090,4.059999999999999,scr1994,effConv,heatpumpAir
LV,hh0091,4.059999999999999,scr1994,effConv,heatpumpAir
LV,hh0092,4.059999999999999,scr1994,effConv,heatpumpAir
LV,hh0093,4.059999999999999,scr1994,effConv,heatpumpAir
LV,hh0094,4.059999999999999,scr1994,effConv,heatpumpAir
LV,hh0095,4.059999999999999,scr1994,effConv,heatpumpAir
LV,hh0096,4.059999999999999,scr1994,effConv,heatpumpAir
LV,hh0097,4.059999999999999,scr1994,effConv,heatpumpAir
LV,hh0098,4.059999999999999,scr1994,effConv,heatpumpAir
LV,hh0099,4.059999999999999,scr1994,effConv,heatpumpAir
LV,hh0100,4.059999999999999,scr1994,effConv,heatpumpAir
LV,hh0101,4.059999999999999,scr1994,effConv,heatpumpAir
LV,hh0102,4.059999999999999,scr1994,effConv,heatpumpAir
LV,hh0103,4.059999999999999,scr1994,effConv,heatpumpAir
LV,hh0104,4.059999999999999,scr1994,effConv,heatpumpAir
LV,hh0105,4.059999999999999,scr1994,effConv,heatpumpAir
LV,hh0106,4.059999999999999,scr1994,effConv,heatpumpAir
LV,hh0107,4.059999999999999,scr1994,effConv,heatpumpAir
LV,hh0108,4.059999999999999,scr1994,effConv,heatpumpAir
LV,hh0109,4.055890149187922,scr1994,effConv,heatpumpAir
LV,hh0110,4.05917808654573,scr1994,effConv,heatpumpAir
LV,hh0111,4.059999999999999,scr1994,effConv,heatpumpAir
LV,hh0112,4.059999999999999,scr1994,effConv,heatpumpAir
LV,hh0113,4.056711920730756,scr1994,effConv,heatpumpAir
LV,hh0114,4.041088183293899,scr1994,effConv,heatpumpAir
LV,hh0115,4.055067526317287,scr1994,effConv,heatpumpAir
LV,hh0116,4.059999999999999,scr1994,effConv,heatpumpAir
LV,hh0117,4.059999999999999,scr1994,effConv,heatpumpAir
LV,hh0118,4.059999999999999,scr1994,effConv,heatpumpAir
LV,hh0119,4.059999999999999,scr1994,effConv,heatpumpAir
LV,hh0120,4.045200306104549,scr1994,effConv,heatpumpAir
LV,hh0121,4.036151158245904,scr1994,effConv,heatpumpAir
LV,hh0122,4.056711920730756,scr1994,effConv,heatpumpAir
LV,hh0123,4.059999999999999,scr1994,effConv,heatpumpAir
LV,hh0124,4.059999999999999,scr1994,effConv,heatpumpAir
LV,hh0125,4.059999999999999,scr1994,effConv,heatpumpAir
LV,hh0126,4.057534117866826,scr1994,effConv,heatpumpAir
ME,hh0085,4.059999999997672,scr1994,effConv,heatpumpAir
ME,hh0086,4.059999999997672,scr1994,effConv,heatpumpAir
ME,hh0087,4.059999999997672,scr1994,effConv,heatpumpAir
ME,hh0088,4.059999999997672,scr1994,effConv,heatpumpAir
ME,hh0089,4.059999999997672,scr1994,effConv,heatpumpAir
ME,hh0090,4.059999999997672,scr1994,effConv,heatpumpAir
ME,hh0091,4.059999999997672,scr1994,effConv,heatpumpAir
ME,hh0092,4.059999999997672,scr1994,effConv,heatpumpAir
ME,hh0093,4.059999999997672,scr1994,effConv,heatpumpAir
ME,hh0094,4.059999999997672,scr1994,effConv,heatpumpAir
ME,hh0095,4.059999999997672,scr1994,effConv,heatpumpAir
ME,hh0096,4.059999999997672,scr1994,effConv,heatpumpAir
ME,hh0097,4.059999999997672,scr1994,effConv,heatpumpAir
ME,hh0098,4.059999999997672,scr1994,effConv,heatpumpAir
ME,hh0099,4.059999999997672,scr1994,effConv,heatpumpAir
ME,hh0100,4.059999999997672,scr1994,effConv,heatpumpAir
ME,hh0101,4.059999999997672,scr1994,effConv,heatpumpAir
ME,hh0102,4.059999999997672,scr1994,effConv,heatpumpAir
ME,hh0103,4.059999999997672,scr1994,effConv,heatpumpAir
ME,hh0104,4.059999999997672,scr1994,effConv,heatpumpAir
ME,hh0105,4.059999999997672,scr1994,effConv,heatpumpAir
ME,hh0106,4.059999999997672,scr1994,effConv,heatpumpAir
ME,hh0107,4.059999999997672,scr1994,effConv,heatpumpAir
ME,hh0108,4.051577162947069,scr1994,effConv,heatpumpAir
ME,hh0109,4.050734336109599,scr1994,effConv,heatpumpAir
ME,hh0110,4.059999999997672,scr1994,effConv,heatpumpAir
ME,hh0111,4.059999999997672,scr1994,effConv,heatpumpAir
ME,hh0112,4.059999999997672,scr1994,effConv,heatpumpAir
ME,hh0113,4.059999999997672,scr1994,effConv,heatpumpAir
ME,hh0114,4.059999999997672,scr1994,effConv,heatpumpAir
ME,hh0115,4.059999999997672,scr1994,effConv,heatpumpAir
ME,hh0116,4.059999999997672,scr1994,effConv,heatpumpAir
ME,hh0117,4.059999999997672,scr1994,effConv,heatpumpAir
ME,hh0118,4.059999999997672,scr1994,effConv,heatpumpAir
ME,hh0119,4.059999999997672,scr1994,effConv,heatpumpAir
ME,hh0120,4.059999999997672,scr1994,effConv,heatpumpAir
ME,hh0121,4.059999999997672,scr1994,effConv,heatpumpAir
ME,hh0122,4.0167182377808786,scr1994,effConv,heatpumpAir
ME,hh0123,4.039628710492252,scr1994,effConv,heatpumpAir
ME,hh0124,4.059999999997672,scr1994,effConv,heatpumpAir
ME,hh0125,4.059999999997672,scr1994,effConv,heatpumpAir
ME,hh0126,4.059999999997672,scr1994,effConv,heatpumpAir
LT,hh0085,4.046080189976465,scr1994,effConv,heatpumpAir
LT,hh0086,4.059181580436054,scr1994,effConv,heatpumpAir
LT,hh0087,4.059999999999999,scr1994,effConv,heatpumpAir
LT,hh0088,4.059999999999999,scr1994,effConv,heatpumpAir
LT,hh0089,4.059999999999999,scr1994,effConv,heatpumpAir
LT,hh0090,4.059999999999999,scr1994,effConv,heatpumpAir
LT,hh0091,4.059999999999999,scr1994,effConv,heatpumpAir
LT,hh0092,4.059999999999999,scr1994,effConv,heatpumpAir
LT,hh0093,4.059999999999999,scr1994,effConv,heatpumpAir
LT,hh0094,4.059999999999999,scr1994,effConv,heatpumpAir
LT,hh0095,4.059999999999999,scr1994,effConv,heatpumpAir
LT,hh0096,4.059999999999999,scr1994,effConv,heatpumpAir
LT,hh0097,4.059999999999999,scr1994,effConv,heatpumpAir
LT,hh0098,4.059999999999999,scr1994,effConv,heatpumpAir
LT,hh0099,4.059999999999999,scr1994,effConv,heatpumpAir
LT,hh0100,4.059999999999999,scr1994,effConv,heatpumpAir
LT,hh0101,4.059999999999999,scr1994,effConv,heatpumpAir
LT,hh0102,4.059999999999999,scr1994,effConv,heatpumpAir
LT,hh0103,4.059999999999999,scr1994,effConv,heatpumpAir
LT,hh0104,4.059999999999999,scr1994,effConv,heatpumpAir
LT,hh0105,4.059999999999999,scr1994,effConv,heatpumpAir
LT,hh0106,4.059999999999999,scr1994,effConv,heatpumpAir
LT,hh0107,4.059999999999999,scr1994,effConv,heatpumpAir
LT,hh0108,4.0583631608721085,scr1994,effConv,heatpumpAir
LT,hh0109,4.059181580436054,scr1994,effConv,heatpumpAir
LT,hh0110,4.059999999999999,scr1994,effConv,heatpumpAir
LT,hh0111,4.059999999999999,scr1994,effConv,heatpumpAir
LT,hh0112,4.059999999999999,scr1994,effConv,heatpumpAir
LT,hh0113,4.059999999999999,scr1994,effConv,heatpumpAir
LT,hh0114,4.059999999999999,scr1994,effConv,heatpumpAir
LT,hh0115,4.059999999999999,scr1994,effConv,heatpumpAir
LT,hh0116,4.059999999999999,scr1994,effConv,heatpumpAir
LT,hh0117,4.059999999999999,scr1994,effConv,heatpumpAir
LT,hh0118,4.059999999999999,scr1994,effConv,heatpumpAir
LT,hh0119,4.0575447413081625,scr1994,effConv,heatpumpAir
LT,hh0120,4.059999999999999,scr1994,effConv,heatpumpAir
LT,hh0121,4.050176254281645,scr1994,effConv,heatpumpAir
LT,hh0122,4.057544532877143,scr1994,effConv,heatpumpAir
LT,hh0123,4.059999999999999,scr1994,effConv,heatpumpAir
LT,hh0124,4.059999999999999,scr1994,effConv,heatpumpAir
LT,hh0125,4.059999999999999,scr1994,effConv,heatpumpAir
LT,hh0126,4.059181580436054,scr1994,effConv,heatpumpAir
LU,hh0085,4.060000002384186,scr1994,effConv,heatpumpAir
LU,hh0086,4.060000002384186,scr1994,effConv,heatpumpAir
LU,hh0087,4.060000002384186,scr1994,effConv,heatpumpAir
LU,hh0088,4.060000002384186,scr1994,effConv,heatpumpAir
LU,hh0089,4.060000002384186,scr1994,effConv,heatpumpAir
LU,hh0090,4.060000002384186,scr1994,effConv,heatpumpAir
LU,hh0091,4.060000002384186,scr1994,effConv,heatpumpAir
LU,hh0092,4.060000002384186,scr1994,effConv,heatpumpAir
LU,hh0093,4.060000002384186,scr1994,effConv,heatpumpAir
LU,hh0094,4.060000002384186,scr1994,effConv,heatpumpAir
LU,hh0095,4.060000002384186,scr1994,effConv,heatpumpAir
LU,hh0096,4.060000002384186,scr1994,effConv,heatpumpAir
LU,hh0097,4.060000002384186,scr1994,effConv,heatpumpAir
LU,hh0098,4.060000002384186,scr1994,effConv,heatpumpAir
LU,hh0099,4.060000002384186,scr1994,effConv,heatpumpAir
LU,hh0100,4.060000002384186,scr1994,effConv,heatpumpAir
LU,hh0101,4.060000002384186,scr1994,effConv,heatpumpAir
LU,hh0102,4.060000002384186,scr1994,effConv,heatpumpAir
LU,hh0103,4.060000002384186,scr1994,effConv,heatpumpAir
LU,hh0104,4.060000002384186,scr1994,effConv,heatpumpAir
LU,hh0105,4.060000002384186,scr1994,effConv,heatpumpAir
LU,hh0106,4.060000002384186,scr1994,effConv,heatpumpAir
LU,hh0107,4.060000002384186,scr1994,effConv,heatpumpAir
LU,hh0108,4.060000002384186,scr1994,effConv,heatpumpAir
LU,hh0109,4.060000002384186,scr1994,effConv,heatpumpAir
LU,hh0110,4.060000002384186,scr1994,effConv,heatpumpAir
LU,hh0111,4.060000002384186,scr1994,effConv,heatpumpAir
LU,hh0112,4.060000002384186,scr1994,effConv,heatpumpAir
LU,hh0113,4.060000002384186,scr1994,effConv,heatpumpAir
LU,hh0114,4.060000002384186,scr1994,effConv,heatpumpAir
LU,hh0115,4.060000002384186,scr1994,effConv,heatpumpAir
LU,hh0116,4.060000002384186,scr1994,effConv,heatpumpAir
LU,hh0117,4.060000002384186,scr1994,effConv,heatpumpAir
LU,hh0118,4.060000002384186,scr1994,effConv,heatpumpAir
LU,hh0119,4.060000002384186,scr1994,effConv,heatpumpAir
LU,hh0120,4.060000002384186,scr1994,effConv,heatpumpAir
LU,hh0121,3.9112915750592947,scr1994,effConv,heatpumpAir
LU,hh0122,3.910271903499961,scr1994,effConv,heatpumpAir
LU,hh0123,4.060000002384186,scr1994,effConv,heatpumpAir
LU,hh0124,4.060000002384186,scr1994,effConv,heatpumpAir
LU,hh0125,4.060000002384186,scr1994,effConv,heatpumpAir
LU,hh0126,4.060000002384186,scr1994,effConv,heatpumpAir
NO,hh0085,3.9581533378519786,scr1994,effConv,heatpumpAir
NO,hh0086,4.033945179077192,scr1994,effConv,heatpumpAir
NO,hh0087,4.053529307888852,scr1994,effConv,heatpumpAir
NO,hh0088,4.046906476688655,scr1994,effConv,heatpumpAir
NO,hh0089,4.046613016994712,scr1994,effConv,heatpumpAir
NO,hh0090,4.0446809147332,scr1994,effConv,heatpumpAir
NO,hh0091,4.050987269794504,scr1994,effConv,heatpumpAir
NO,hh0092,4.057712757843608,scr1994,effConv,heatpumpAir
NO,hh0093,4.057886892500864,scr1994,effConv,heatpumpAir
NO,hh0094,4.0598714850559245,scr1994,effConv,heatpumpAir
NO,hh0095,4.058694270427695,scr1994,effConv,heatpumpAir
NO,hh0096,4.038566802257256,scr1994,effConv,heatpumpAir
NO,hh0097,4.049018551919605,scr1994,effConv,heatpumpAir
NO,hh0098,4.0594169700677085,scr1994,effConv,heatpumpAir
NO,hh0099,4.0600000000000005,scr1994,effConv,heatpumpAir
NO,hh0100,4.0600000000000005,scr1994,effConv,heatpumpAir
NO,hh0101,4.056085935149529,scr1994,effConv,heatpumpAir
NO,hh0102,4.007997780500541,scr1994,effConv,heatpumpAir
NO,hh0103,3.9589431074417494,scr1994,effConv,heatpumpAir
NO,hh0104,3.9748781325114457,scr1994,effConv,heatpumpAir
NO,hh0105,3.9295120600418225,scr1994,effConv,heatpumpAir
NO,hh0106,3.990760778306911,scr1994,effConv,heatpumpAir
NO,hh0107,4.036384591695086,scr1994,effConv,heatpumpAir
NO,hh0108,4.008316801574614,scr1994,effConv,heatpumpAir
NO,hh0109,3.9736942126005492,scr1994,effConv,heatpumpAir
NO,hh0110,3.998353742140843,scr1994,effConv,heatpumpAir
NO,hh0111,4.03847719035225,scr1994,effConv,heatpumpAir
NO,hh0112,4.0131426361634315,scr1994,effConv,heatpumpAir
NO,hh0113,3.985306990657912,scr1994,effConv,heatpumpAir
NO,hh0114,3.9404570616307497,scr1994,effConv,heatpumpAir
NO,hh0115,3.8720525032866124,scr1994,effConv,heatpumpAir
NO,hh0116,3.8739285638554084,scr1994,effConv,heatpumpAir
NO,hh0117,3.9675116244832744,scr1994,effConv,heatpumpAir
NO,hh0118,4.0315427391594145,scr1994,effConv,heatpumpAir
NO,hh0119,4.01105822939668,scr1994,effConv,heatpumpAir
NO,hh0120,3.853858534261599,scr1994,effConv,heatpumpAir
NO,hh0121,3.5712063666825196,scr1994,effConv,heatpumpAir
NO,hh0122,3.4928737312174896,scr1994,effConv,heatpumpAir
NO,hh0123,3.85056764467941,scr1994,effConv,heatpumpAir
NO,hh0124,3.9233975146275473,scr1994,effConv,heatpumpAir
NO,hh0125,3.7816782804112297,scr1994,effConv,heatpumpAir
NO,hh0126,3.6206994697404307,scr1994,effConv,heatpumpAir
PL,hh0085,4.03443418443203,scr1994,effConv,heatpumpAir
PL,hh0086,4.055313762277365,scr1994,effConv,heatpumpAir
PL,hh0087,4.060000002384186,scr1994,effConv,heatpumpAir
PL,hh0088,4.060000002384186,scr1994,effConv,heatpumpAir
PL,hh0089,4.060000002384186,scr1994,effConv,heatpumpAir
PL,hh0090,4.060000002384186,scr1994,effConv,heatpumpAir
PL,hh0091,4.060000002384186,scr1994,effConv,heatpumpAir
PL,hh0092,4.060000002384186,scr1994,effConv,heatpumpAir
PL,hh0093,4.060000002384186,scr1994,effConv,heatpumpAir
PL,hh0094,4.060000002384186,scr1994,effConv,heatpumpAir
PL,hh0095,4.060000002384186,scr1994,effConv,heatpumpAir
PL,hh0096,4.060000002384186,scr1994,effConv,heatpumpAir
PL,hh0097,4.060000002384186,scr1994,effConv,heatpumpAir
PL,hh0098,4.060000002384186,scr1994,effConv,heatpumpAir
PL,hh0099,4.060000002384186,scr1994,effConv,heatpumpAir
PL,hh0100,4.060000002384186,scr1994,effConv,heatpumpAir
PL,hh0101,4.060000002384186,scr1994,effConv,heatpumpAir
PL,hh0102,4.060000002384186,scr1994,effConv,heatpumpAir
PL,hh0103,4.060000002384186,scr1994,effConv,heatpumpAir
PL,hh0104,4.060000002384186,scr1994,effConv,heatpumpAir
PL,hh0105,4.060000002384186,scr1994,effConv,heatpumpAir
PL,hh0106,4.060000002384186,scr1994,effConv,heatpumpAir
PL,hh0107,4.060000002384186,scr1994,effConv,heatpumpAir
PL,hh0108,4.058446077629924,scr1994,effConv,heatpumpAir
PL,hh0109,4.01201088540256,scr1994,effConv,heatpumpAir
PL,hh0110,4.045279081910849,scr1994,effConv,heatpumpAir
PL,hh0111,4.060000002384186,scr1994,effConv,heatpumpAir
PL,hh0112,4.060000002384186,scr1994,effConv,heatpumpAir
PL,hh0113,4.060000002384186,scr1994,effConv,heatpumpAir
PL,hh0114,4.060000002384186,scr1994,effConv,heatpumpAir
PL,hh0115,4.05754735507071,scr1994,effConv,heatpumpAir
PL,hh0116,4.059386940672994,scr1994,effConv,heatpumpAir
PL,hh0117,4.060000002384186,scr1994,effConv,heatpumpAir
PL,hh0118,4.060000002384186,scr1994,effConv,heatpumpAir
PL,hh0119,4.060000002384186,scr1994,effConv,heatpumpAir
PL,hh0120,4.060000002384186,scr1994,effConv,heatpumpAir
PL,hh0121,3.918933352455497,scr1994,effConv,heatpumpAir
PL,hh0122,3.913056705147028,scr1994,effConv,heatpumpAir
PL,hh0123,4.054789811372757,scr1994,effConv,heatpumpAir
PL,hh0124,4.058949889615178,scr1994,effConv,heatpumpAir
PL,hh0125,4.060000002384186,scr1994,effConv,heatpumpAir
PL,hh0126,4.055409302935004,scr1994,effConv,heatpumpAir
RO,hh0085,4.054536189883947,scr1994,effConv,heatpumpAir
RO,hh0086,4.0595115814358,scr1994,effConv,heatpumpAir
RO,hh0087,4.059999994933605,scr1994,effConv,heatpumpAir
RO,hh0088,4.059999994933605,scr1994,effConv,heatpumpAir
RO,hh0089,4.059999994933605,scr1994,effConv,heatpumpAir
RO,hh0090,4.059999994933605,scr1994,effConv,heatpumpAir
RO,hh0091,4.059999994933605,scr1994,effConv,heatpumpAir
RO,hh0092,4.059999994933605,scr1994,effConv,heatpumpAir
RO,hh0093,4.059999994933605,scr1994,effConv,heatpumpAir
RO,hh0094,4.059999994933605,scr1994,effConv,heatpumpAir
RO,hh0095,4.059999994933605,scr1994,effConv,heatpumpAir
RO,hh0096,4.059311717748642,scr1994,effConv,heatpumpAir
RO,hh0097,4.057757589966059,scr1994,effConv,heatpumpAir
RO,hh0098,4.059999994933605,scr1994,effConv,heatpumpAir
RO,hh0099,4.059999994933605,scr1994,effConv,heatpumpAir
RO,hh0100,4.059999994933605,scr1994,effConv,heatpumpAir
RO,hh0101,4.059999994933605,scr1994,effConv,heatpumpAir
RO,hh0102,4.059999994933605,scr1994,effConv,heatpumpAir
RO,hh0103,4.059999994933605,scr1994,effConv,heatpumpAir
RO,hh0104,4.059999994933605,scr1994,effConv,heatpumpAir
RO,hh0105,4.059999994933605,scr1994,effConv,heatpumpAir
RO,hh0106,4.059999994933605,scr1994,effConv,heatpumpAir
RO,hh0107,4.056503323838115,scr1994,effConv,heatpumpAir
RO,hh0108,4.00431976467371,scr1994,effConv,heatpumpAir
RO,hh0109,4.008583100512624,scr1994,effConv,heatpumpAir
RO,hh0110,4.057207236066461,scr1994,effConv,heatpumpAir
RO,hh0111,4.059999994933605,scr1994,effConv,heatpumpAir
RO,hh0112,4.059999994933605,scr1994,effConv,heatpumpAir
RO,hh0113,4.059999994933605,scr1994,effConv,heatpumpAir
RO,hh0114,4.059999994933605,scr1994,effConv,heatpumpAir
RO,hh0115,4.018215116113424,scr1994,effConv,heatpumpAir
RO,hh0116,4.0560662262141705,scr1994,effConv,heatpumpAir
RO,hh0117,4.059999994933605,scr1994,effConv,heatpumpAir
RO,hh0118,4.059999994933605,scr1994,effConv,heatpumpAir
RO,hh0119,4.059999994933605,scr1994,effConv,heatpumpAir
RO,hh0120,4.059999994933605,scr1994,effConv,heatpumpAir
RO,hh0121,4.044754944741726,scr1994,effConv,heatpumpAir
RO,hh0122,4.057052252814174,scr1994,effConv,heatpumpAir
RO,hh0123,4.05831803381443,scr1994,effConv,heatpumpAir
RO,hh0124,4.059999994933605,scr1994,effConv,heatpumpAir
RO,hh0125,4.059999994933605,scr1994,effConv,heatpumpAir
RO,hh0126,4.059999994933605,scr1994,effConv,heatpumpAir
PT,hh0085,4.059999999997672,scr1994,effConv,heatpumpAir
PT,hh0086,4.059999999997672,scr1994,effConv,heatpumpAir
PT,hh0087,4.059999999997672,scr1994,effConv,heatpumpAir
PT,hh0088,4.059999999997672,scr1994,effConv,heatpumpAir
PT,hh0089,4.059999999997672,scr1994,effConv,heatpumpAir
PT,hh0090,4.059999999997672,scr1994,effConv,heatpumpAir
PT,hh0091,4.059999999997672,scr1994,effConv,heatpumpAir
PT,hh0092,4.059999999997672,scr1994,effConv,heatpumpAir
PT,hh0093,4.059999999997672,scr1994,effConv,heatpumpAir
PT,hh0094,4.059999999997672,scr1994,effConv,heatpumpAir
PT,hh0095,4.059999999997672,scr1994,effConv,heatpumpAir
PT,hh0096,4.059999999997672,scr1994,effConv,heatpumpAir
PT,hh0097,4.059999999997672,scr1994,effConv,heatpumpAir
PT,hh0098,4.059999999997672,scr1994,effConv,heatpumpAir
PT,hh0099,4.059999999997672,scr1994,effConv,heatpumpAir
PT,hh0100,4.059999999997672,scr1994,effConv,heatpumpAir
PT,hh0101,4.059999999997672,scr1994,effConv,heatpumpAir
PT,hh0102,4.059999999997672,scr1994,effConv,heatpumpAir
PT,hh0103,4.059999999997672,scr1994,effConv,heatpumpAir
PT,hh0104,4.059999999997672,scr1994,effConv,heatpumpAir
PT,hh0105,4.059999999997672,scr1994,effConv,heatpumpAir
PT,hh0106,4.059999999997672,scr1994,effConv,heatpumpAir
PT,hh0107,4.059999999997672,scr1994,effConv,heatpumpAir
PT,hh0108,4.059999999997672,scr1994,effConv,heatpumpAir
PT,hh0109,4.059999999997672,scr1994,effConv,heatpumpAir
PT,hh0110,4.059999999997672,scr1994,effConv,heatpumpAir
PT,hh0111,4.059999999997672,scr1994,effConv,heatpumpAir
PT,hh0112,4.059999999997672,scr1994,effConv,heatpumpAir
PT,hh0113,4.059999999997672,scr1994,effConv,heatpumpAir
PT,hh0114,4.059999999997672,scr1994,effConv,heatpumpAir
PT,hh0115,4.059999999997672,scr1994,effConv,heatpumpAir
PT,hh0116,4.059999999997672,scr1994,effConv,heatpumpAir
PT,hh0117,4.059999999997672,scr1994,effConv,heatpumpAir
PT,hh0118,4.059999999997672,scr1994,effConv,heatpumpAir
PT,hh0119,4.059551602982538,scr1994,effConv,heatpumpAir
PT,hh0120,4.041577827643778,scr1994,effConv,heatpumpAir
PT,hh0121,4.027136420052557,scr1994,effConv,heatpumpAir
PT,hh0122,4.033450160524808,scr1994,effConv,heatpumpAir
PT,hh0123,4.058654623679104,scr1994,effConv,heatpumpAir
PT,hh0124,4.059999999997672,scr1994,effConv,heatpumpAir
PT,hh0125,4.059999999997672,scr1994,effConv,heatpumpAir
PT,hh0126,4.058654623679104,scr1994,effConv,heatpumpAir
SK,hh0085,4.031790936365724,scr1994,effConv,heatpumpAir
SK,hh0086,4.056118845939636,scr1994,effConv,heatpumpAir
SK,hh0087,4.060000002384186,scr1994,effConv,heatpumpAir
SK,hh0088,4.060000002384186,scr1994,effConv,heatpumpAir
SK,hh0089,4.060000002384186,scr1994,effConv,heatpumpAir
SK,hh0090,4.060000002384186,scr1994,effConv,heatpumpAir
SK,hh0091,4.060000002384186,scr1994,effConv,heatpumpAir
SK,hh0092,4.060000002384186,scr1994,effConv,heatpumpAir
SK,hh0093,4.060000002384186,scr1994,effConv,heatpumpAir
SK,hh0094,4.060000002384186,scr1994,effConv,heatpumpAir
SK,hh0095,4.060000002384186,scr1994,effConv,heatpumpAir
SK,hh0096,4.060000002384186,scr1994,effConv,heatpumpAir
SK,hh0097,4.060000002384186,scr1994,effConv,heatpumpAir
SK,hh0098,4.060000002384186,scr1994,effConv,heatpumpAir
SK,hh0099,4.060000002384186,scr1994,effConv,heatpumpAir
SK,hh0100,4.060000002384186,scr1994,effConv,heatpumpAir
SK,hh0101,4.060000002384186,scr1994,effConv,heatpumpAir
SK,hh0102,4.060000002384186,scr1994,effConv,heatpumpAir
SK,hh0103,4.060000002384186,scr1994,effConv,heatpumpAir
SK,hh0104,4.060000002384186,scr1994,effConv,heatpumpAir
SK,hh0105,4.060000002384186,scr1994,effConv,heatpumpAir
SK,hh0106,4.060000002384186,scr1994,effConv,heatpumpAir
SK,hh0107,4.060000002384186,scr1994,effConv,heatpumpAir
SK,hh0108,4.060000002384186,scr1994,effConv,heatpumpAir
SK,hh0109,4.036669850349426,scr1994,effConv,heatpumpAir
SK,hh0110,4.0541762709617615,scr1994,effConv,heatpumpAir
SK,hh0111,4.060000002384186,scr1994,effConv,heatpumpAir
SK,hh0112,4.060000002384186,scr1994,effConv,heatpumpAir
SK,hh0113,4.060000002384186,scr1994,effConv,heatpumpAir
SK,hh0114,4.060000002384186,scr1994,effConv,heatpumpAir
SK,hh0115,4.060000002384186,scr1994,effConv,heatpumpAir
SK,hh0116,4.060000002384186,scr1994,effConv,heatpumpAir
SK,hh0117,4.060000002384186,scr1994,effConv,heatpumpAir
SK,hh0118,4.060000002384186,scr1994,effConv,heatpumpAir
SK,hh0119,4.060000002384186,scr1994,effConv,heatpumpAir
SK,hh0120,4.060000002384186,scr1994,effConv,heatpumpAir
SK,hh0121,3.728815382346511,scr1994,effConv,heatpumpAir
SK,hh0122,3.7277719657868147,scr1994,effConv,heatpumpAir
SK,hh0123,4.053208975121379,scr1994,effConv,heatpumpAir
SK,hh0124,4.058060619980097,scr1994,effConv,heatpumpAir
SK,hh0125,4.0570901315659285,scr1994,effConv,heatpumpAir
SK,hh0126,4.014121828600764,scr1994,effConv,heatpumpAir
SI,hh0085,4.060000002384186,scr1994,effConv,heatpumpAir
SI,hh0086,4.060000002384186,scr1994,effConv,heatpumpAir
SI,hh0087,4.060000002384186,scr1994,effConv,heatpumpAir
SI,hh0088,4.060000002384186,scr1994,effConv,heatpumpAir
SI,hh0089,4.060000002384186,scr1994,effConv,heatpumpAir
SI,hh0090,4.060000002384186,scr1994,effConv,heatpumpAir
SI,hh0091,4.060000002384186,scr1994,effConv,heatpumpAir
SI,hh0092,4.060000002384186,scr1994,effConv,heatpumpAir
SI,hh0093,4.060000002384186,scr1994,effConv,heatpumpAir
SI,hh0094,4.060000002384186,scr1994,effConv,heatpumpAir
SI,hh0095,4.060000002384186,scr1994,effConv,heatpumpAir
SI,hh0096,4.060000002384186,scr1994,effConv,heatpumpAir
SI,hh0097,4.060000002384186,scr1994,effConv,heatpumpAir
SI,hh0098,4.060000002384186,scr1994,effConv,heatpumpAir
SI,hh0099,4.060000002384186,scr1994,effConv,heatpumpAir
SI,hh0100,4.060000002384186,scr1994,effConv,heatpumpAir
SI,hh0101,4.060000002384186,scr1994,effConv,heatpumpAir
SI,hh0102,4.060000002384186,scr1994,effConv,heatpumpAir
SI,hh0103,4.060000002384186,scr1994,effConv,heatpumpAir
SI,hh0104,4.060000002384186,scr1994,effConv,heatpumpAir
SI,hh0105,4.060000002384186,scr1994,effConv,heatpumpAir
SI,hh0106,4.060000002384186,scr1994,effConv,heatpumpAir
SI,hh0107,4.060000002384186,scr1994,effConv,heatpumpAir
SI,hh0108,4.060000002384186,scr1994,effConv,heatpumpAir
SI,hh0109,4.060000002384186,scr1994,effConv,heatpumpAir
SI,hh0110,4.060000002384186,scr1994,effConv,heatpumpAir
SI,hh0111,4.060000002384186,scr1994,effConv,heatpumpAir
SI,hh0112,4.060000002384186,scr1994,effConv,heatpumpAir
SI,hh0113,4.060000002384186,scr1994,effConv,heatpumpAir
SI,hh0114,4.060000002384186,scr1994,effConv,heatpumpAir
SI,hh0115,4.060000002384186,scr1994,effConv,heatpumpAir
SI,hh0116,4.060000002384186,scr1994,effConv,heatpumpAir
SI,hh0117,4.060000002384186,scr1994,effConv,heatpumpAir
SI,hh0118,4.060000002384186,scr1994,effConv,heatpumpAir
SI,hh0119,4.060000002384186,scr1994,effConv,heatpumpAir
SI,hh0120,4.060000002384186,scr1994,effConv,heatpumpAir
SI,hh0121,3.9848942421376705,scr1994,effConv,heatpumpAir
SI,hh0122,3.9319313932210207,scr1994,effConv,heatpumpAir
SI,hh0123,4.055096220225096,scr1994,effConv,heatpumpAir
SI,hh0124,4.060000002384186,scr1994,effConv,heatpumpAir
SI,hh0125,4.060000002384186,scr1994,effConv,heatpumpAir
SI,hh0126,4.060000002384186,scr1994,effConv,heatpumpAir
SE,hh0085,3.977164581694145,scr1994,effConv,heatpumpAir
SE,hh0086,4.040497100575662,scr1994,effConv,heatpumpAir
SE,hh0087,4.059999999999999,scr1994,effConv,heatpumpAir
SE,hh0088,4.059832002159119,scr1994,effConv,heatpumpAir
SE,hh0089,4.059832002159119,scr1994,effConv,heatpumpAir
SE,hh0090,4.056985809372318,scr1994,effConv,heatpumpAir
SE,hh0091,4.058493044571844,scr1994,effConv,heatpumpAir
SE,hh0092,4.059787664036335,scr1994,effConv,heatpumpAir
SE,hh0093,4.059787664036335,scr1994,effConv,heatpumpAir
SE,hh0094,4.059999999999999,scr1994,effConv,heatpumpAir
SE,hh0095,4.059944001053484,scr1994,effConv,heatpumpAir
SE,hh0096,4.055682747483456,scr1994,effConv,heatpumpAir
SE,hh0097,4.0579817085787875,scr1994,effConv,heatpumpAir
SE,hh0098,4.059999999999999,scr1994,effConv,heatpumpAir
SE,hh0099,4.059999999999999,scr1994,effConv,heatpumpAir
SE,hh0100,4.059999999999999,scr1994,effConv,heatpumpAir
SE,hh0101,4.059873221700229,scr1994,effConv,heatpumpAir
SE,hh0102,4.057150163056904,scr1994,effConv,heatpumpAir
SE,hh0103,4.054503109002972,scr1994,effConv,heatpumpAir
SE,hh0104,4.058405233348723,scr1994,effConv,heatpumpAir
SE,hh0105,4.059150623749369,scr1994,effConv,heatpumpAir
SE,hh0106,4.059221412003284,scr1994,effConv,heatpumpAir
SE,hh0107,4.059180184524285,scr1994,effConv,heatpumpAir
SE,hh0108,4.0417112603136784,scr1994,effConv,heatpumpAir
SE,hh0109,4.016787181290333,scr1994,effConv,heatpumpAir
SE,hh0110,4.044977448266884,scr1994,effConv,heatpumpAir
SE,hh0111,4.059835884135149,scr1994,effConv,heatpumpAir
SE,hh0112,4.058358654842555,scr1994,effConv,heatpumpAir
SE,hh0113,4.055789067285501,scr1994,effConv,heatpumpAir
SE,hh0114,4.011649487359586,scr1994,effConv,heatpumpAir
SE,hh0115,4.002299859540779,scr1994,effConv,heatpumpAir
SE,hh0116,4.001332508546698,scr1994,effConv,heatpumpAir
SE,hh0117,4.028531231986349,scr1994,effConv,heatpumpAir
SE,hh0118,4.054882140739126,scr1994,effConv,heatpumpAir
SE,hh0119,4.045168623767084,scr1994,effConv,heatpumpAir
SE,hh0120,3.973959128313651,scr1994,effConv,heatpumpAir
SE,hh0121,3.8910683581491776,scr1994,effConv,heatpumpAir
SE,hh0122,3.8801373507996098,scr1994,effConv,heatpumpAir
SE,hh0123,4.0178479682632435,scr1994,effConv,heatpumpAir
SE,hh0124,4.05433497193837,scr1994,effConv,heatpumpAir
SE,hh0125,4.004739489633135,scr1994,effConv,heatpumpAir
SE,hh0126,3.839161570979951,scr1994,effConv,heatpumpAir
UK,hh0085,4.059613422270559,scr1994,effConv,heatpumpAir
UK,hh0086,4.059871143339478,scr1994,effConv,heatpumpAir
UK,hh0087,4.059999999997672,scr1994,effConv,heatpumpAir
UK,hh0088,4.059999999997672,scr1994,effConv,heatpumpAir
UK,hh0089,4.059999999997672,scr1994,effConv,heatpumpAir
UK,hh0090,4.059999999997672,scr1994,effConv,heatpumpAir
UK,hh0091,4.059999999997672,scr1994,effConv,heatpumpAir
UK,hh0092,4.059999999997672,scr1994,effConv,heatpumpAir
UK,hh0093,4.059999999997672,scr1994,effConv,heatpumpAir
UK,hh0094,4.059999999997672,scr1994,effConv,heatpumpAir
UK,hh0095,4.059999999997672,scr1994,effConv,heatpumpAir
UK,hh0096,4.059999999997672,scr1994,effConv,heatpumpAir
UK,hh0097,4.043443187021694,scr1994,effConv,heatpumpAir
UK,hh0098,4.042487720496865,scr1994,effConv,heatpumpAir
UK,hh0099,4.059999999997672,scr1994,effConv,heatpumpAir
UK,hh0100,4.059999999997672,scr1994,effConv,heatpumpAir
UK,hh0101,4.059999999997672,scr1994,effConv,heatpumpAir
UK,hh0102,4.059999999997672,scr1994,effConv,heatpumpAir
UK,hh0103,4.0597422828050185,scr1994,effConv,heatpumpAir
UK,hh0104,4.057738946456084,scr1994,effConv,heatpumpAir
UK,hh0105,4.058869477103144,scr1994,effConv,heatpumpAir
UK,hh0106,4.059999999997672,scr1994,effConv,heatpumpAir
UK,hh0107,4.059999999997672,scr1994,effConv,heatpumpAir
UK,hh0108,4.0597422828050185,scr1994,effConv,heatpumpAir
UK,hh0109,4.059871143339478,scr1994,effConv,heatpumpAir
UK,hh0110,4.059999999997672,scr1994,effConv,heatpumpAir
UK,hh0111,4.059999999997672,scr1994,effConv,heatpumpAir
UK,hh0112,4.059999999997672,scr1994,effConv,heatpumpAir
UK,hh0113,4.0599570484246215,scr1994,effConv,heatpumpAir
UK,hh0114,4.049084050608144,scr1994,effConv,heatpumpAir
UK,hh0115,4.04638743117539,scr1994,effConv,heatpumpAir
UK,hh0116,4.047935622482328,scr1994,effConv,heatpumpAir
UK,hh0117,4.059122835780727,scr1994,effConv,heatpumpAir
UK,hh0118,4.059871143339478,scr1994,effConv,heatpumpAir
UK,hh0119,4.056608028633491,scr1994,effConv,heatpumpAir
UK,hh0120,4.032142690359251,scr1994,effConv,heatpumpAir
UK,hh0121,3.8631873878384795,scr1994,effConv,heatpumpAir
UK,hh0122,3.8537590119522065,scr1994,effConv,heatpumpAir
UK,hh0123,4.058325353214968,scr1994,effConv,heatpumpAir
UK,hh0124,4.059999999997672,scr1994,effConv,heatpumpAir
UK,hh0125,4.046253909418738,scr1994,effConv,heatpumpAir
UK,hh0126,3.962078670518167,scr1994,effConv,heatpumpAir
RS,hh0085,4.060000000004948,scr1994,effConv,heatpumpAir
RS,hh0086,4.060000000004948,scr1994,effConv,heatpumpAir
RS,hh0087,4.060000000004948,scr1994,effConv,heatpumpAir
RS,hh0088,4.060000000004948,scr1994,effConv,heatpumpAir
RS,hh0089,4.060000000004948,scr1994,effConv,heatpumpAir
RS,hh0090,4.060000000004948,scr1994,effConv,heatpumpAir
RS,hh0091,4.060000000004948,scr1994,effConv,heatpumpAir
RS,hh0092,4.060000000004948,scr1994,effConv,heatpumpAir
RS,hh0093,4.060000000004948,scr1994,effConv,heatpumpAir
RS,hh0094,4.060000000004948,scr1994,effConv,heatpumpAir
RS,hh0095,4.060000000004948,scr1994,effConv,heatpumpAir
RS,hh0096,4.060000000004948,scr1994,effConv,heatpumpAir
RS,hh0097,4.060000000004948,scr1994,effConv,heatpumpAir
RS,hh0098,4.060000000004948,scr1994,effConv,heatpumpAir
RS,hh0099,4.060000000004948,scr1994,effConv,heatpumpAir
RS,hh0100,4.060000000004948,scr1994,effConv,heatpumpAir
RS,hh0101,4.060000000004948,scr1994,effConv,heatpumpAir
RS,hh0102,4.060000000004948,scr1994,effConv,heatpumpAir
RS,hh0103,4.060000000004948,scr1994,effConv,heatpumpAir
RS,hh0104,4.060000000004948,scr1994,effConv,heatpumpAir
RS,hh0105,4.060000000004948,scr1994,effConv,heatpumpAir
RS,hh0106,4.060000000004948,scr1994,effConv,heatpumpAir
RS,hh0107,4.060000000004948,scr1994,effConv,heatpumpAir
RS,hh0108,4.059127597322004,scr1994,effConv,heatpumpAir
RS,hh0109,4.0582551946390595,scr1994,effConv,heatpumpAir
RS,hh0110,4.060000000004948,scr1994,effConv,heatpumpAir
RS,hh0111,4.060000000004948,scr1994,effConv,heatpumpAir
RS,hh0112,4.060000000004948,scr1994,effConv,heatpumpAir
RS,hh0113,4.060000000004948,scr1994,effConv,heatpumpAir
RS,hh0114,4.060000000004948,scr1994,effConv,heatpumpAir
RS,hh0115,4.060000000004948,scr1994,effConv,heatpumpAir
RS,hh0116,4.060000000004948,scr1994,effConv,heatpumpAir
RS,hh0117,4.060000000004948,scr1994,effConv,heatpumpAir
RS,hh0118,4.060000000004948,scr1994,effConv,heatpumpAir
RS,hh0119,4.060000000004948,scr1994,effConv,heatpumpAir
RS,hh0120,4.060000000004948,scr1994,effConv,heatpumpAir
RS,hh0121,4.060000000004948,scr1994,effConv,heatpumpAir
RS,hh0122,4.056508955130994,scr1994,effConv,heatpumpAir
RS,hh0123,4.058254477567971,scr1994,effConv,heatpumpAir
RS,hh0124,4.060000000004948,scr1994,effConv,heatpumpAir
RS,hh0125,4.060000000004948,scr1994,effConv,heatpumpAir
RS,hh0126,4.060000000004948,scr1994,effConv,heatpumpAir
BA,hh0085,4.059999999997672,scr1994,effConv,heatpumpAir
BA,hh0086,4.059999999997672,scr1994,effConv,heatpumpAir
BA,hh0087,4.059999999997672,scr1994,effConv,heatpumpAir
BA,hh0088,4.059999999997672,scr1994,effConv,heatpumpAir
BA,hh0089,4.059999999997672,scr1994,effConv,heatpumpAir
BA,hh0090,4.059999999997672,scr1994,effConv,heatpumpAir
BA,hh0091,4.059999999997672,scr1994,effConv,heatpumpAir
BA,hh0092,4.059999999997672,scr1994,effConv,heatpumpAir
BA,hh0093,4.059999999997672,scr1994,effConv,heatpumpAir
BA,hh0094,4.059999999997672,scr1994,effConv,heatpumpAir
BA,hh0095,4.059999999997672,scr1994,effConv,heatpumpAir
BA,hh0096,4.059999999997672,scr1994,effConv,heatpumpAir
BA,hh0097,4.059999999997672,scr1994,effConv,heatpumpAir
BA,hh0098,4.059999999997672,scr1994,effConv,heatpumpAir
BA,hh0099,4.059999999997672,scr1994,effConv,heatpumpAir
BA,hh0100,4.059999999997672,scr1994,effConv,heatpumpAir
BA,hh0101,4.059999999997672,scr1994,effConv,heatpumpAir
BA,hh0102,4.059999999997672,scr1994,effConv,heatpumpAir
BA,hh0103,4.059999999997672,scr1994,effConv,heatpumpAir
BA,hh0104,4.059999999997672,scr1994,effConv,heatpumpAir
BA,hh0105,4.059999999997672,scr1994,effConv,heatpumpAir
BA,hh0106,4.059999999997672,scr1994,effConv,heatpumpAir
BA,hh0107,4.059999999997672,scr1994,effConv,heatpumpAir
BA,hh0108,4.059217712627287,scr1994,effConv,heatpumpAir
BA,hh0109,4.058435425256903,scr1994,effConv,heatpumpAir
BA,hh0110,4.059999999997672,scr1994,effConv,heatpumpAir
BA,hh0111,4.059999999997672,scr1994,effConv,heatpumpAir
BA,hh0112,4.059999999997672,scr1994,effConv,heatpumpAir
BA,hh0113,4.059999999997672,scr1994,effConv,heatpumpAir
BA,hh0114,4.059999999997672,scr1994,effConv,heatpumpAir
BA,hh0115,4.059999999997672,scr1994,effConv,heatpumpAir
BA,hh0116,4.059999999997672,scr1994,effConv,heatpumpAir
BA,hh0117,4.059999999997672,scr1994,effConv,heatpumpAir
BA,hh0118,4.059999999997672,scr1994,effConv,heatpumpAir
BA,hh0119,4.059999999997672,scr1994,effConv,heatpumpAir
BA,hh0120,4.059999999997672,scr1994,effConv,heatpumpAir
BA,hh0121,4.050601605727934,scr1994,effConv,heatpumpAir
BA,hh0122,4.018275985956279,scr1994,effConv,heatpumpAir
BA,hh0123,4.0474056448474585,scr1994,effConv,heatpumpAir
BA,hh0124,4.059999999997672,scr1994,effConv,heatpumpAir
BA,hh0125,4.059999999997672,scr1994,effConv,heatpumpAir
BA,hh0126,4.059999999997672,scr1994,effConv,heatpumpAir
AL,hh0085,4.060000000004948,scr1994,effConv,heatpumpAir
AL,hh0086,4.060000000004948,scr1994,effConv,heatpumpAir
AL,hh0087,4.060000000004948,scr1994,effConv,heatpumpAir
AL,hh0088,4.060000000004948,scr1994,effConv,heatpumpAir
AL,hh0089,4.060000000004948,scr1994,effConv,heatpumpAir
AL,hh0090,4.060000000004948,scr1994,effConv,heatpumpAir
AL,hh0091,4.060000000004948,scr1994,effConv,heatpumpAir
AL,hh0092,4.060000000004948,scr1994,effConv,heatpumpAir
AL,hh0093,4.060000000004948,scr1994,effConv,heatpumpAir
AL,hh0094,4.060000000004948,scr1994,effConv,heatpumpAir
AL,hh0095,4.060000000004948,scr1994,effConv,heatpumpAir
AL,hh0096,4.060000000004948,scr1994,effConv,heatpumpAir
AL,hh0097,4.060000000004948,scr1994,effConv,heatpumpAir
AL,hh0098,4.060000000004948,scr1994,effConv,heatpumpAir
AL,hh0099,4.060000000004948,scr1994,effConv,heatpumpAir
AL,hh0100,4.060000000004948,scr1994,effConv,heatpumpAir
AL,hh0101,4.060000000004948,scr1994,effConv,heatpumpAir
AL,hh0102,4.060000000004948,scr1994,effConv,heatpumpAir
AL,hh0103,4.060000000004948,scr1994,effConv,heatpumpAir
AL,hh0104,4.060000000004948,scr1994,effConv,heatpumpAir
AL,hh0105,4.060000000004948,scr1994,effConv,heatpumpAir
AL,hh0106,4.060000000004948,scr1994,effConv,heatpumpAir
AL,hh0107,4.060000000004948,scr1994,effConv,heatpumpAir
AL,hh0108,4.059131318175787,scr1994,effConv,heatpumpAir
AL,hh0109,4.058262636346626,scr1994,effConv,heatpumpAir
AL,hh0110,4.060000000004948,scr1994,effConv,heatpumpAir
AL,hh0111,4.060000000004948,scr1994,effConv,heatpumpAir
AL,hh0112,4.060000000004948,scr1994,effConv,heatpumpAir
AL,hh0113,4.060000000004948,scr1994,effConv,heatpumpAir
AL,hh0114,4.060000000004948,scr1994,effConv,heatpumpAir
AL,hh0115,4.060000000004948,scr1994,effConv,heatpumpAir
AL,hh0116,4.060000000004948,scr1994,effConv,heatpumpAir
AL,hh0117,4.060000000004948,scr1994,effConv,heatpumpAir
AL,hh0118,4.060000000004948,scr1994,effConv,heatpumpAir
AL,hh0119,4.060000000004948,scr1994,effConv,heatpumpAir
AL,hh0120,4.060000000004948,scr1994,effConv,heatpumpAir
AL,hh0121,4.060000000004948,scr1994,effConv,heatpumpAir
AL,hh0122,4.051298877962836,scr1994,effConv,heatpumpAir
AL,hh0123,4.055649438983892,scr1994,effConv,heatpumpAir
AL,hh0124,4.060000000004948,scr1994,effConv,heatpumpAir
AL,hh0125,4.060000000004948,scr1994,effConv,heatpumpAir
AL,hh0126,4.060000000004948,scr1994,effConv,heatpumpAir
