region_3,timestep_6,value,scenario_1,parameter,technology_1
al,h0025,0.0,scr2002,avaConv,solar
al,h0026,0.0,scr2002,avaConv,solar
al,h0027,0.0,scr2002,avaConv,solar
al,h0028,0.01212809056191383,scr2002,avaConv,solar
al,h0029,0.1387660741402414,scr2002,avaConv,solar
al,h0030,0.49996101183368913,scr2002,avaConv,solar
al,h0031,0.6050336263756736,scr2002,avaConv,solar
al,h0032,0.5097771692718333,scr2002,avaConv,solar
al,h0033,0.17552758493029633,scr2002,avaConv,solar
al,h0034,0.06630941364835324,scr2002,avaConv,solar
al,h0035,0.003418020742760143,scr2002,avaConv,solar
al,h0036,0.0,scr2002,avaConv,solar
al,h0037,0.0,scr2002,avaConv,solar
al,h0038,0.0,scr2002,avaConv,solar
al,h0039,0.0,scr2002,avaConv,solar
al,h0040,0.029637056369459132,scr2002,avaConv,solar
al,h0041,0.2119811541588094,scr2002,avaConv,solar
al,h0042,0.420971656143676,scr2002,avaConv,solar
al,h0043,0.6563629670211998,scr2002,avaConv,solar
al,h0044,0.4527118540073644,scr2002,avaConv,solar
al,h0045,0.29702832631019577,scr2002,avaConv,solar
al,h0046,0.05448545603862185,scr2002,avaConv,solar
al,h0047,0.0076459388392651085,scr2002,avaConv,solar
al,h0048,0.0,scr2002,avaConv,solar
at,h0025,0.0,scr2002,avaConv,solar
at,h0026,0.0,scr2002,avaConv,solar
at,h0027,0.0,scr2002,avaConv,solar
at,h0028,0.003672404099964903,scr2002,avaConv,solar
at,h0029,0.1123837351765334,scr2002,avaConv,solar
at,h0030,0.4377861837504031,scr2002,avaConv,solar
at,h0031,0.8066239486225772,scr2002,avaConv,solar
at,h0032,0.7090490316222466,scr2002,avaConv,solar
at,h0033,0.3201838586248304,scr2002,avaConv,solar
at,h0034,0.06995557309870183,scr2002,avaConv,solar
at,h0035,0.0031256682661781345,scr2002,avaConv,solar
at,h0036,0.0,scr2002,avaConv,solar
at,h0037,0.0,scr2002,avaConv,solar
at,h0038,0.0,scr2002,avaConv,solar
at,h0039,0.0,scr2002,avaConv,solar
at,h0040,0.01718785510503841,scr2002,avaConv,solar
at,h0041,0.13333264106001866,scr2002,avaConv,solar
at,h0042,0.40930556826222264,scr2002,avaConv,solar
at,h0043,0.5911670037832548,scr2002,avaConv,solar
at,h0044,0.527889310753158,scr2002,avaConv,solar
at,h0045,0.2982474390263894,scr2002,avaConv,solar
at,h0046,0.09926803055154423,scr2002,avaConv,solar
at,h0047,0.01666289455958273,scr2002,avaConv,solar
at,h0048,0.0,scr2002,avaConv,solar
ba,h0025,0.0,scr2002,avaConv,solar
ba,h0026,0.0,scr2002,avaConv,solar
ba,h0027,0.0,scr2002,avaConv,solar
ba,h0028,0.001315536777642632,scr2002,avaConv,solar
ba,h0029,0.06731911390724268,scr2002,avaConv,solar
ba,h0030,0.4086161721278737,scr2002,avaConv,solar
ba,h0031,0.8225477701104841,scr2002,avaConv,solar
ba,h0032,0.7095059869269802,scr2002,avaConv,solar
ba,h0033,0.2418939782789947,scr2002,avaConv,solar
ba,h0034,0.030773025107488812,scr2002,avaConv,solar
ba,h0035,0.0005338888463731533,scr2002,avaConv,solar
ba,h0036,0.0,scr2002,avaConv,solar
ba,h0037,0.0,scr2002,avaConv,solar
ba,h0038,0.0,scr2002,avaConv,solar
ba,h0039,0.0,scr2002,avaConv,solar
ba,h0040,0.025747256919322718,scr2002,avaConv,solar
ba,h0041,0.20309391821009518,scr2002,avaConv,solar
ba,h0042,0.531183569189176,scr2002,avaConv,solar
ba,h0043,0.7196616431562085,scr2002,avaConv,solar
ba,h0044,0.49689434420233314,scr2002,avaConv,solar
ba,h0045,0.24605618008982214,scr2002,avaConv,solar
ba,h0046,0.053034756096639074,scr2002,avaConv,solar
ba,h0047,0.007805665228507363,scr2002,avaConv,solar
ba,h0048,0.0,scr2002,avaConv,solar
be,h0025,0.0,scr2002,avaConv,solar
be,h0026,0.0,scr2002,avaConv,solar
be,h0027,0.0,scr2002,avaConv,solar
be,h0028,0.00016944189953869594,scr2002,avaConv,solar
be,h0029,0.08769291894724256,scr2002,avaConv,solar
be,h0030,0.3189285183705987,scr2002,avaConv,solar
be,h0031,0.6957451898055864,scr2002,avaConv,solar
be,h0032,0.8563720436640951,scr2002,avaConv,solar
be,h0033,0.6295956103657508,scr2002,avaConv,solar
be,h0034,0.26742489722667834,scr2002,avaConv,solar
be,h0035,0.03519159801243961,scr2002,avaConv,solar
be,h0036,0.00019559453010032182,scr2002,avaConv,solar
be,h0037,0.0,scr2002,avaConv,solar
be,h0038,0.0,scr2002,avaConv,solar
be,h0039,0.0,scr2002,avaConv,solar
be,h0040,0.009466559441493926,scr2002,avaConv,solar
be,h0041,0.05864122529536201,scr2002,avaConv,solar
be,h0042,0.3074219274302996,scr2002,avaConv,solar
be,h0043,0.37900876772671327,scr2002,avaConv,solar
be,h0044,0.47415510291674157,scr2002,avaConv,solar
be,h0045,0.3165808708707748,scr2002,avaConv,solar
be,h0046,0.2336643878989698,scr2002,avaConv,solar
be,h0047,0.08378709390714742,scr2002,avaConv,solar
be,h0048,0.004244220800478197,scr2002,avaConv,solar
bg,h0025,0.0,scr2002,avaConv,solar
bg,h0026,0.0,scr2002,avaConv,solar
bg,h0027,0.0,scr2002,avaConv,solar
bg,h0028,0.0035571648544776486,scr2002,avaConv,solar
bg,h0029,0.07709529475640815,scr2002,avaConv,solar
bg,h0030,0.35853823213220104,scr2002,avaConv,solar
bg,h0031,0.7417158630887014,scr2002,avaConv,solar
bg,h0032,0.6006607868321188,scr2002,avaConv,solar
bg,h0033,0.23019996032396353,scr2002,avaConv,solar
bg,h0034,0.020196886933767318,scr2002,avaConv,solar
bg,h0035,0.0003667146183045138,scr2002,avaConv,solar
bg,h0036,0.0,scr2002,avaConv,solar
bg,h0037,0.0,scr2002,avaConv,solar
bg,h0038,0.0,scr2002,avaConv,solar
bg,h0039,0.00014270558931099908,scr2002,avaConv,solar
bg,h0040,0.046318512807889616,scr2002,avaConv,solar
bg,h0041,0.2814337675686945,scr2002,avaConv,solar
bg,h0042,0.649030726344244,scr2002,avaConv,solar
bg,h0043,0.8480661296838468,scr2002,avaConv,solar
bg,h0044,0.6318998980186045,scr2002,avaConv,solar
bg,h0045,0.3057716033163916,scr2002,avaConv,solar
bg,h0046,0.06563665001117239,scr2002,avaConv,solar
bg,h0047,0.0036419048629836846,scr2002,avaConv,solar
bg,h0048,0.0,scr2002,avaConv,solar
ch,h0025,0.0,scr2002,avaConv,solar
ch,h0026,0.0,scr2002,avaConv,solar
ch,h0027,0.0,scr2002,avaConv,solar
ch,h0028,0.0017167379207200795,scr2002,avaConv,solar
ch,h0029,0.09525786662599686,scr2002,avaConv,solar
ch,h0030,0.3657366089060673,scr2002,avaConv,solar
ch,h0031,0.7409095150327218,scr2002,avaConv,solar
ch,h0032,0.8254087785226233,scr2002,avaConv,solar
ch,h0033,0.5731944791740471,scr2002,avaConv,solar
ch,h0034,0.2235279721396741,scr2002,avaConv,solar
ch,h0035,0.03795650441730091,scr2002,avaConv,solar
ch,h0036,0.0,scr2002,avaConv,solar
ch,h0037,0.0,scr2002,avaConv,solar
ch,h0038,0.0,scr2002,avaConv,solar
ch,h0039,0.0,scr2002,avaConv,solar
ch,h0040,0.01044578948956057,scr2002,avaConv,solar
ch,h0041,0.021784401500786338,scr2002,avaConv,solar
ch,h0042,0.23604233503435215,scr2002,avaConv,solar
ch,h0043,0.4533590945503917,scr2002,avaConv,solar
ch,h0044,0.7054937355694286,scr2002,avaConv,solar
ch,h0045,0.4798343224495849,scr2002,avaConv,solar
ch,h0046,0.22425261768261393,scr2002,avaConv,solar
ch,h0047,0.05046668985613817,scr2002,avaConv,solar
ch,h0048,0.001348912849514879,scr2002,avaConv,solar
cz,h0025,0.0,scr2002,avaConv,solar
cz,h0026,0.0,scr2002,avaConv,solar
cz,h0027,0.0,scr2002,avaConv,solar
cz,h0028,0.0025295434016418756,scr2002,avaConv,solar
cz,h0029,0.09331794487095305,scr2002,avaConv,solar
cz,h0030,0.4062214165735545,scr2002,avaConv,solar
cz,h0031,0.8341451489019782,scr2002,avaConv,solar
cz,h0032,0.7267480413784522,scr2002,avaConv,solar
cz,h0033,0.3625932167815128,scr2002,avaConv,solar
cz,h0034,0.06829954701501371,scr2002,avaConv,solar
cz,h0035,0.009229195645780145,scr2002,avaConv,solar
cz,h0036,0.0,scr2002,avaConv,solar
cz,h0037,0.0,scr2002,avaConv,solar
cz,h0038,0.0,scr2002,avaConv,solar
cz,h0039,0.0,scr2002,avaConv,solar
cz,h0040,0.02698475507539243,scr2002,avaConv,solar
cz,h0041,0.1498564156715118,scr2002,avaConv,solar
cz,h0042,0.3717925152048349,scr2002,avaConv,solar
cz,h0043,0.5250258558534863,scr2002,avaConv,solar
cz,h0044,0.4933432104543474,scr2002,avaConv,solar
cz,h0045,0.3394173273774038,scr2002,avaConv,solar
cz,h0046,0.12456836713592002,scr2002,avaConv,solar
cz,h0047,0.023719401412310603,scr2002,avaConv,solar
cz,h0048,0.0,scr2002,avaConv,solar
de,h0025,0.0,scr2002,avaConv,solar
de,h0026,0.0,scr2002,avaConv,solar
de,h0027,0.0,scr2002,avaConv,solar
de,h0028,0.0027278012766534633,scr2002,avaConv,solar
de,h0029,0.08300361063324348,scr2002,avaConv,solar
de,h0030,0.2883076783889493,scr2002,avaConv,solar
de,h0031,0.5864127117377219,scr2002,avaConv,solar
de,h0032,0.6207647024697677,scr2002,avaConv,solar
de,h0033,0.41460280596643334,scr2002,avaConv,solar
de,h0034,0.14183312801674242,scr2002,avaConv,solar
de,h0035,0.02083460048711722,scr2002,avaConv,solar
de,h0036,0.0,scr2002,avaConv,solar
de,h0037,0.0,scr2002,avaConv,solar
de,h0038,0.0,scr2002,avaConv,solar
de,h0039,0.0,scr2002,avaConv,solar
de,h0040,0.01385253354666262,scr2002,avaConv,solar
de,h0041,0.026533598619737038,scr2002,avaConv,solar
de,h0042,0.1745068282140769,scr2002,avaConv,solar
de,h0043,0.334315352317862,scr2002,avaConv,solar
de,h0044,0.4716073257900143,scr2002,avaConv,solar
de,h0045,0.36947924105512464,scr2002,avaConv,solar
de,h0046,0.16757438759421703,scr2002,avaConv,solar
de,h0047,0.05597229916719762,scr2002,avaConv,solar
de,h0048,0.0014916702462911993,scr2002,avaConv,solar
dk_e,h0025,0.0,scr2002,avaConv,solar
dk_e,h0026,0.0,scr2002,avaConv,solar
dk_e,h0027,0.0,scr2002,avaConv,solar
dk_e,h0028,0.0030113525909170823,scr2002,avaConv,solar
dk_e,h0029,0.06832736050304916,scr2002,avaConv,solar
dk_e,h0030,0.29031820157937105,scr2002,avaConv,solar
dk_e,h0031,0.6365686639614689,scr2002,avaConv,solar
dk_e,h0032,0.7418836696341065,scr2002,avaConv,solar
dk_e,h0033,0.49808327077863995,scr2002,avaConv,solar
dk_e,h0034,0.16859090699249804,scr2002,avaConv,solar
dk_e,h0035,0.022323021469229685,scr2002,avaConv,solar
dk_e,h0036,0.0,scr2002,avaConv,solar
dk_e,h0037,0.0,scr2002,avaConv,solar
dk_e,h0038,0.0,scr2002,avaConv,solar
dk_e,h0039,0.0,scr2002,avaConv,solar
dk_e,h0040,0.0062422284191982775,scr2002,avaConv,solar
dk_e,h0041,0.01682699152905934,scr2002,avaConv,solar
dk_e,h0042,0.13940807392746307,scr2002,avaConv,solar
dk_e,h0043,0.39308507599284254,scr2002,avaConv,solar
dk_e,h0044,0.670165696448347,scr2002,avaConv,solar
dk_e,h0045,0.5072539411279626,scr2002,avaConv,solar
dk_e,h0046,0.1917057862517896,scr2002,avaConv,solar
dk_e,h0047,0.02275139082587126,scr2002,avaConv,solar
dk_e,h0048,0.0002650663205068162,scr2002,avaConv,solar
dk_w,h0025,0.0,scr2002,avaConv,solar
dk_w,h0026,0.0,scr2002,avaConv,solar
dk_w,h0027,0.0,scr2002,avaConv,solar
dk_w,h0028,0.0024283251476620274,scr2002,avaConv,solar
dk_w,h0029,0.06871260813163059,scr2002,avaConv,solar
dk_w,h0030,0.25283174016491883,scr2002,avaConv,solar
dk_w,h0031,0.5427164516637487,scr2002,avaConv,solar
dk_w,h0032,0.6242451452299312,scr2002,avaConv,solar
dk_w,h0033,0.4631630934275564,scr2002,avaConv,solar
dk_w,h0034,0.17702188642183989,scr2002,avaConv,solar
dk_w,h0035,0.03202802458915349,scr2002,avaConv,solar
dk_w,h0036,0.0,scr2002,avaConv,solar
dk_w,h0037,0.0,scr2002,avaConv,solar
dk_w,h0038,0.0,scr2002,avaConv,solar
dk_w,h0039,0.0,scr2002,avaConv,solar
dk_w,h0040,0.0007790421089211214,scr2002,avaConv,solar
dk_w,h0041,0.030584069609283664,scr2002,avaConv,solar
dk_w,h0042,0.23814071031261128,scr2002,avaConv,solar
dk_w,h0043,0.5503312901591486,scr2002,avaConv,solar
dk_w,h0044,0.7576116464733543,scr2002,avaConv,solar
dk_w,h0045,0.5160069229979637,scr2002,avaConv,solar
dk_w,h0046,0.21207104610870706,scr2002,avaConv,solar
dk_w,h0047,0.034710851043192624,scr2002,avaConv,solar
dk_w,h0048,0.0007443102732681699,scr2002,avaConv,solar
ee,h0025,0.0,scr2002,avaConv,solar
ee,h0026,0.0,scr2002,avaConv,solar
ee,h0027,0.0,scr2002,avaConv,solar
ee,h0028,0.02217869113730023,scr2002,avaConv,solar
ee,h0029,0.12178821176073702,scr2002,avaConv,solar
ee,h0030,0.35461651609949973,scr2002,avaConv,solar
ee,h0031,0.5746525815663195,scr2002,avaConv,solar
ee,h0032,0.5367648207155183,scr2002,avaConv,solar
ee,h0033,0.27511188225034705,scr2002,avaConv,solar
ee,h0034,0.056418285307601526,scr2002,avaConv,solar
ee,h0035,0.002358053545114116,scr2002,avaConv,solar
ee,h0036,0.0,scr2002,avaConv,solar
ee,h0037,0.0,scr2002,avaConv,solar
ee,h0038,0.0,scr2002,avaConv,solar
ee,h0039,0.0007237930444759751,scr2002,avaConv,solar
ee,h0040,0.01694855914623696,scr2002,avaConv,solar
ee,h0041,0.12887227339282556,scr2002,avaConv,solar
ee,h0042,0.4510989403825415,scr2002,avaConv,solar
ee,h0043,0.8025996512580459,scr2002,avaConv,solar
ee,h0044,0.7391552761262694,scr2002,avaConv,solar
ee,h0045,0.3515255208161591,scr2002,avaConv,solar
ee,h0046,0.07211312185748131,scr2002,avaConv,solar
ee,h0047,0.0052516753741154295,scr2002,avaConv,solar
ee,h0048,0.0,scr2002,avaConv,solar
es,h0025,0.0,scr2002,avaConv,solar
es,h0026,0.0,scr2002,avaConv,solar
es,h0027,0.0,scr2002,avaConv,solar
es,h0028,0.0,scr2002,avaConv,solar
es,h0029,0.026441647315682344,scr2002,avaConv,solar
es,h0030,0.23288693400480517,scr2002,avaConv,solar
es,h0031,0.5631598115928537,scr2002,avaConv,solar
es,h0032,0.6711472744690999,scr2002,avaConv,solar
es,h0033,0.5041554157394446,scr2002,avaConv,solar
es,h0034,0.20189004985591527,scr2002,avaConv,solar
es,h0035,0.06774145962547985,scr2002,avaConv,solar
es,h0036,0.0010726219005204435,scr2002,avaConv,solar
es,h0037,0.0,scr2002,avaConv,solar
es,h0038,0.0,scr2002,avaConv,solar
es,h0039,0.0,scr2002,avaConv,solar
es,h0040,0.00063218739902908,scr2002,avaConv,solar
es,h0041,0.08008185658360223,scr2002,avaConv,solar
es,h0042,0.19935844552761367,scr2002,avaConv,solar
es,h0043,0.42521994065310176,scr2002,avaConv,solar
es,h0044,0.5537710561237315,scr2002,avaConv,solar
es,h0045,0.58738489890963,scr2002,avaConv,solar
es,h0046,0.3549916344671279,scr2002,avaConv,solar
es,h0047,0.09257268570493735,scr2002,avaConv,solar
es,h0048,0.005330085344640669,scr2002,avaConv,solar
fi,h0025,0.0,scr2002,avaConv,solar
fi,h0026,0.0,scr2002,avaConv,solar
fi,h0027,0.0,scr2002,avaConv,solar
fi,h0028,0.013656771610401955,scr2002,avaConv,solar
fi,h0029,0.07490797638027374,scr2002,avaConv,solar
fi,h0030,0.3692032659914006,scr2002,avaConv,solar
fi,h0031,0.38654256714463403,scr2002,avaConv,solar
fi,h0032,0.3575204650871356,scr2002,avaConv,solar
fi,h0033,0.08714142674936241,scr2002,avaConv,solar
fi,h0034,0.03159999614474057,scr2002,avaConv,solar
fi,h0035,0.0016223899901419187,scr2002,avaConv,solar
fi,h0036,0.0,scr2002,avaConv,solar
fi,h0037,0.0,scr2002,avaConv,solar
fi,h0038,0.0,scr2002,avaConv,solar
fi,h0039,0.0003814756363212712,scr2002,avaConv,solar
fi,h0040,0.028287846800549882,scr2002,avaConv,solar
fi,h0041,0.11409766990591233,scr2002,avaConv,solar
fi,h0042,0.44105483695873654,scr2002,avaConv,solar
fi,h0043,0.6696957951825,scr2002,avaConv,solar
fi,h0044,0.6497661046856718,scr2002,avaConv,solar
fi,h0045,0.27257940198597136,scr2002,avaConv,solar
fi,h0046,0.053941329959424036,scr2002,avaConv,solar
fi,h0047,0.004768138545235023,scr2002,avaConv,solar
fi,h0048,0.0,scr2002,avaConv,solar
fr,h0025,0.0,scr2002,avaConv,solar
fr,h0026,0.0,scr2002,avaConv,solar
fr,h0027,0.0,scr2002,avaConv,solar
fr,h0028,0.0,scr2002,avaConv,solar
fr,h0029,0.06107199323119797,scr2002,avaConv,solar
fr,h0030,0.2804610829707833,scr2002,avaConv,solar
fr,h0031,0.5176477454192062,scr2002,avaConv,solar
fr,h0032,0.5584356631923303,scr2002,avaConv,solar
fr,h0033,0.38486948610056854,scr2002,avaConv,solar
fr,h0034,0.18060479266881355,scr2002,avaConv,solar
fr,h0035,0.037748527683928446,scr2002,avaConv,solar
fr,h0036,0.00011497794186038499,scr2002,avaConv,solar
fr,h0037,0.0,scr2002,avaConv,solar
fr,h0038,0.0,scr2002,avaConv,solar
fr,h0039,0.0,scr2002,avaConv,solar
fr,h0040,0.0017437866151947174,scr2002,avaConv,solar
fr,h0041,0.0491928556342923,scr2002,avaConv,solar
fr,h0042,0.253916433238467,scr2002,avaConv,solar
fr,h0043,0.4006105104603904,scr2002,avaConv,solar
fr,h0044,0.558668193010181,scr2002,avaConv,solar
fr,h0045,0.4311315598953492,scr2002,avaConv,solar
fr,h0046,0.2753378972946952,scr2002,avaConv,solar
fr,h0047,0.06260075441649825,scr2002,avaConv,solar
fr,h0048,0.0012782589653103189,scr2002,avaConv,solar
fr_co,h0025,0.0,scr2002,avaConv,solar
fr_co,h0026,0.0,scr2002,avaConv,solar
fr_co,h0027,0.0,scr2002,avaConv,solar
fr_co,h0028,0.0019819544571881694,scr2002,avaConv,solar
fr_co,h0029,0.0673691898284089,scr2002,avaConv,solar
fr_co,h0030,0.29258380808184964,scr2002,avaConv,solar
fr_co,h0031,0.3658090397649366,scr2002,avaConv,solar
fr_co,h0032,0.4157075989746322,scr2002,avaConv,solar
fr_co,h0033,0.189590999938967,scr2002,avaConv,solar
fr_co,h0034,0.11909774082326896,scr2002,avaConv,solar
fr_co,h0035,0.00985914849366931,scr2002,avaConv,solar
fr_co,h0036,0.0,scr2002,avaConv,solar
fr_co,h0037,0.0,scr2002,avaConv,solar
fr_co,h0038,0.0,scr2002,avaConv,solar
fr_co,h0039,0.0,scr2002,avaConv,solar
fr_co,h0040,0.010166673313055614,scr2002,avaConv,solar
fr_co,h0041,0.07234985423329814,scr2002,avaConv,solar
fr_co,h0042,0.2578707081677836,scr2002,avaConv,solar
fr_co,h0043,0.3723147484937712,scr2002,avaConv,solar
fr_co,h0044,0.43883560491948864,scr2002,avaConv,solar
fr_co,h0045,0.2886994101904073,scr2002,avaConv,solar
fr_co,h0046,0.14483843246525405,scr2002,avaConv,solar
fr_co,h0047,0.02663340046169682,scr2002,avaConv,solar
fr_co,h0048,0.0001596992193516094,scr2002,avaConv,solar
gr,h0025,0.0,scr2002,avaConv,solar
gr,h0026,0.0,scr2002,avaConv,solar
gr,h0027,0.0,scr2002,avaConv,solar
gr,h0028,0.012740921336945491,scr2002,avaConv,solar
gr,h0029,0.11523180059617022,scr2002,avaConv,solar
gr,h0030,0.4147644012436958,scr2002,avaConv,solar
gr,h0031,0.5490071460089707,scr2002,avaConv,solar
gr,h0032,0.49321873719315795,scr2002,avaConv,solar
gr,h0033,0.18639359048065718,scr2002,avaConv,solar
gr,h0034,0.06033198991935947,scr2002,avaConv,solar
gr,h0035,0.002576323247623039,scr2002,avaConv,solar
gr,h0036,0.0,scr2002,avaConv,solar
gr,h0037,0.0,scr2002,avaConv,solar
gr,h0038,0.0,scr2002,avaConv,solar
gr,h0039,0.0,scr2002,avaConv,solar
gr,h0040,0.04109684380847689,scr2002,avaConv,solar
gr,h0041,0.24485594565379123,scr2002,avaConv,solar
gr,h0042,0.5309346365407102,scr2002,avaConv,solar
gr,h0043,0.7114862577580652,scr2002,avaConv,solar
gr,h0044,0.5270257041329538,scr2002,avaConv,solar
gr,h0045,0.2847075371986248,scr2002,avaConv,solar
gr,h0046,0.06663463767946518,scr2002,avaConv,solar
gr,h0047,0.006520370489171979,scr2002,avaConv,solar
gr,h0048,0.0,scr2002,avaConv,solar
hr,h0025,0.0,scr2002,avaConv,solar
hr,h0026,0.0,scr2002,avaConv,solar
hr,h0027,0.0,scr2002,avaConv,solar
hr,h0028,0.0039600385002453095,scr2002,avaConv,solar
hr,h0029,0.11309011366495275,scr2002,avaConv,solar
hr,h0030,0.4206127376290276,scr2002,avaConv,solar
hr,h0031,0.7298967744597462,scr2002,avaConv,solar
hr,h0032,0.5983633155752554,scr2002,avaConv,solar
hr,h0033,0.23830349358683786,scr2002,avaConv,solar
hr,h0034,0.04475970856857025,scr2002,avaConv,solar
hr,h0035,0.0007110019858566931,scr2002,avaConv,solar
hr,h0036,0.0,scr2002,avaConv,solar
hr,h0037,0.0,scr2002,avaConv,solar
hr,h0038,0.0,scr2002,avaConv,solar
hr,h0039,0.0,scr2002,avaConv,solar
hr,h0040,0.022755211597126616,scr2002,avaConv,solar
hr,h0041,0.148287182304741,scr2002,avaConv,solar
hr,h0042,0.4046864226221966,scr2002,avaConv,solar
hr,h0043,0.5372690380207621,scr2002,avaConv,solar
hr,h0044,0.44741941903896987,scr2002,avaConv,solar
hr,h0045,0.24290314252460718,scr2002,avaConv,solar
hr,h0046,0.07711842802436739,scr2002,avaConv,solar
hr,h0047,0.012268692313712002,scr2002,avaConv,solar
hr,h0048,0.0,scr2002,avaConv,solar
hu,h0025,0.0,scr2002,avaConv,solar
hu,h0026,0.0,scr2002,avaConv,solar
hu,h0027,0.0,scr2002,avaConv,solar
hu,h0028,0.002756245625155443,scr2002,avaConv,solar
hu,h0029,0.1252815823500264,scr2002,avaConv,solar
hu,h0030,0.4417830242965724,scr2002,avaConv,solar
hu,h0031,0.8327182131339088,scr2002,avaConv,solar
hu,h0032,0.701467554862519,scr2002,avaConv,solar
hu,h0033,0.32191759544736603,scr2002,avaConv,solar
hu,h0034,0.064296503474078,scr2002,avaConv,solar
hu,h0035,0.00184424992078461,scr2002,avaConv,solar
hu,h0036,0.0,scr2002,avaConv,solar
hu,h0037,0.0,scr2002,avaConv,solar
hu,h0038,0.0,scr2002,avaConv,solar
hu,h0039,0.0,scr2002,avaConv,solar
hu,h0040,0.03263736228667184,scr2002,avaConv,solar
hu,h0041,0.2061863040685255,scr2002,avaConv,solar
hu,h0042,0.49197762315556776,scr2002,avaConv,solar
hu,h0043,0.5544208928373517,scr2002,avaConv,solar
hu,h0044,0.44026692537425577,scr2002,avaConv,solar
hu,h0045,0.2188150805882197,scr2002,avaConv,solar
hu,h0046,0.08503084665929869,scr2002,avaConv,solar
hu,h0047,0.008941545626187174,scr2002,avaConv,solar
hu,h0048,0.0,scr2002,avaConv,solar
ie,h0025,0.0,scr2002,avaConv,solar
ie,h0026,0.0,scr2002,avaConv,solar
ie,h0027,0.0,scr2002,avaConv,solar
ie,h0028,0.0,scr2002,avaConv,solar
ie,h0029,0.020424096106479026,scr2002,avaConv,solar
ie,h0030,0.041286018994170254,scr2002,avaConv,solar
ie,h0031,0.27769971495578927,scr2002,avaConv,solar
ie,h0032,0.6445092901414693,scr2002,avaConv,solar
ie,h0033,0.8344805579457538,scr2002,avaConv,solar
ie,h0034,0.4507141167843839,scr2002,avaConv,solar
ie,h0035,0.07865518208918092,scr2002,avaConv,solar
ie,h0036,0.00464229794722829,scr2002,avaConv,solar
ie,h0037,0.0,scr2002,avaConv,solar
ie,h0038,0.0,scr2002,avaConv,solar
ie,h0039,0.0,scr2002,avaConv,solar
ie,h0040,0.0003978334511969893,scr2002,avaConv,solar
ie,h0041,0.05819013204153992,scr2002,avaConv,solar
ie,h0042,0.1947835975176844,scr2002,avaConv,solar
ie,h0043,0.3942498450055656,scr2002,avaConv,solar
ie,h0044,0.5426485366768657,scr2002,avaConv,solar
ie,h0045,0.5198364593422801,scr2002,avaConv,solar
ie,h0046,0.3533971831553572,scr2002,avaConv,solar
ie,h0047,0.09354966026687209,scr2002,avaConv,solar
ie,h0048,0.010913695229300522,scr2002,avaConv,solar
it_s,h0025,0.0,scr2002,avaConv,solar
it_s,h0026,0.0,scr2002,avaConv,solar
it_s,h0027,0.0,scr2002,avaConv,solar
it_s,h0028,0.008669688137494217,scr2002,avaConv,solar
it_s,h0029,0.1334122615086233,scr2002,avaConv,solar
it_s,h0030,0.4437532006608845,scr2002,avaConv,solar
it_s,h0031,0.49113973643377146,scr2002,avaConv,solar
it_s,h0032,0.4695695293525665,scr2002,avaConv,solar
it_s,h0033,0.19716187611447736,scr2002,avaConv,solar
it_s,h0034,0.12741360805195515,scr2002,avaConv,solar
it_s,h0035,0.011800152190914688,scr2002,avaConv,solar
it_s,h0036,0.0,scr2002,avaConv,solar
it_s,h0037,0.0,scr2002,avaConv,solar
it_s,h0038,0.0,scr2002,avaConv,solar
it_s,h0039,0.0,scr2002,avaConv,solar
it_s,h0040,0.03133867006569022,scr2002,avaConv,solar
it_s,h0041,0.2121101824247655,scr2002,avaConv,solar
it_s,h0042,0.46043119252113535,scr2002,avaConv,solar
it_s,h0043,0.6996098753307616,scr2002,avaConv,solar
it_s,h0044,0.5856391932756121,scr2002,avaConv,solar
it_s,h0045,0.39300487510188997,scr2002,avaConv,solar
it_s,h0046,0.11905453374471056,scr2002,avaConv,solar
it_s,h0047,0.019578764118264962,scr2002,avaConv,solar
it_s,h0048,0.0,scr2002,avaConv,solar
it_cn,h0025,0.0,scr2002,avaConv,solar
it_cn,h0026,0.0,scr2002,avaConv,solar
it_cn,h0027,0.0,scr2002,avaConv,solar
it_cn,h0028,0.0030587401049869327,scr2002,avaConv,solar
it_cn,h0029,0.09642209867029093,scr2002,avaConv,solar
it_cn,h0030,0.4033594361558309,scr2002,avaConv,solar
it_cn,h0031,0.6448658822937035,scr2002,avaConv,solar
it_cn,h0032,0.5645838083235644,scr2002,avaConv,solar
it_cn,h0033,0.2207252017971017,scr2002,avaConv,solar
it_cn,h0034,0.06030163966026303,scr2002,avaConv,solar
it_cn,h0035,0.002628034862447892,scr2002,avaConv,solar
it_cn,h0036,0.0,scr2002,avaConv,solar
it_cn,h0037,0.0,scr2002,avaConv,solar
it_cn,h0038,0.0,scr2002,avaConv,solar
it_cn,h0039,0.0,scr2002,avaConv,solar
it_cn,h0040,0.01031675665900809,scr2002,avaConv,solar
it_cn,h0041,0.029791710909239977,scr2002,avaConv,solar
it_cn,h0042,0.20306288450871687,scr2002,avaConv,solar
it_cn,h0043,0.37733974024919953,scr2002,avaConv,solar
it_cn,h0044,0.6012811346208812,scr2002,avaConv,solar
it_cn,h0045,0.4015943859179975,scr2002,avaConv,solar
it_cn,h0046,0.16661640946519757,scr2002,avaConv,solar
it_cn,h0047,0.024198873816385538,scr2002,avaConv,solar
it_cn,h0048,0.0,scr2002,avaConv,solar
it_cs,h0025,0.0,scr2002,avaConv,solar
it_cs,h0026,0.0,scr2002,avaConv,solar
it_cs,h0027,0.0,scr2002,avaConv,solar
it_cs,h0028,0.006866362148818669,scr2002,avaConv,solar
it_cs,h0029,0.12176031107684224,scr2002,avaConv,solar
it_cs,h0030,0.4427373331625567,scr2002,avaConv,solar
it_cs,h0031,0.5606360886551317,scr2002,avaConv,solar
it_cs,h0032,0.5548363546765865,scr2002,avaConv,solar
it_cs,h0033,0.2366114279277727,scr2002,avaConv,solar
it_cs,h0034,0.1225915723483058,scr2002,avaConv,solar
it_cs,h0035,0.00852726336623171,scr2002,avaConv,solar
it_cs,h0036,0.0,scr2002,avaConv,solar
it_cs,h0037,0.0,scr2002,avaConv,solar
it_cs,h0038,0.0,scr2002,avaConv,solar
it_cs,h0039,0.0,scr2002,avaConv,solar
it_cs,h0040,0.024547171483524075,scr2002,avaConv,solar
it_cs,h0041,0.062082310713833626,scr2002,avaConv,solar
it_cs,h0042,0.17075400120120218,scr2002,avaConv,solar
it_cs,h0043,0.3292967953784335,scr2002,avaConv,solar
it_cs,h0044,0.4765036055656672,scr2002,avaConv,solar
it_cs,h0045,0.4121888859314077,scr2002,avaConv,solar
it_cs,h0046,0.16289459067359743,scr2002,avaConv,solar
it_cs,h0047,0.02889670495464407,scr2002,avaConv,solar
it_cs,h0048,0.0,scr2002,avaConv,solar
it_n,h0025,0.0,scr2002,avaConv,solar
it_n,h0026,0.0,scr2002,avaConv,solar
it_n,h0027,0.0,scr2002,avaConv,solar
it_n,h0028,0.000656263805560231,scr2002,avaConv,solar
it_n,h0029,0.05906374483498361,scr2002,avaConv,solar
it_n,h0030,0.3669847484390771,scr2002,avaConv,solar
it_n,h0031,0.7441174724833214,scr2002,avaConv,solar
it_n,h0032,0.5482991686350845,scr2002,avaConv,solar
it_n,h0033,0.16598966864971013,scr2002,avaConv,solar
it_n,h0034,0.016078936890870393,scr2002,avaConv,solar
it_n,h0035,0.0008805758226260277,scr2002,avaConv,solar
it_n,h0036,0.0,scr2002,avaConv,solar
it_n,h0037,0.0,scr2002,avaConv,solar
it_n,h0038,0.0,scr2002,avaConv,solar
it_n,h0039,0.0,scr2002,avaConv,solar
it_n,h0040,0.0036023087867235407,scr2002,avaConv,solar
it_n,h0041,0.012265612497146115,scr2002,avaConv,solar
it_n,h0042,0.22555180085974072,scr2002,avaConv,solar
it_n,h0043,0.4091523490101127,scr2002,avaConv,solar
it_n,h0044,0.6713788402391245,scr2002,avaConv,solar
it_n,h0045,0.33566767127021535,scr2002,avaConv,solar
it_n,h0046,0.13126965342185137,scr2002,avaConv,solar
it_n,h0047,0.017771260679379598,scr2002,avaConv,solar
it_n,h0048,0.0,scr2002,avaConv,solar
it_sar,h0025,0.0,scr2002,avaConv,solar
it_sar,h0026,0.0,scr2002,avaConv,solar
it_sar,h0027,0.0,scr2002,avaConv,solar
it_sar,h0028,0.003991969646626522,scr2002,avaConv,solar
it_sar,h0029,0.12017346563696978,scr2002,avaConv,solar
it_sar,h0030,0.41558863132006374,scr2002,avaConv,solar
it_sar,h0031,0.5195930074898928,scr2002,avaConv,solar
it_sar,h0032,0.5645770051186763,scr2002,avaConv,solar
it_sar,h0033,0.31173387112455625,scr2002,avaConv,solar
it_sar,h0034,0.20438573376670183,scr2002,avaConv,solar
it_sar,h0035,0.029106335712111592,scr2002,avaConv,solar
it_sar,h0036,0.0,scr2002,avaConv,solar
it_sar,h0037,0.0,scr2002,avaConv,solar
it_sar,h0038,0.0,scr2002,avaConv,solar
it_sar,h0039,0.0,scr2002,avaConv,solar
it_sar,h0040,0.01660481507945855,scr2002,avaConv,solar
it_sar,h0041,0.1258703272004884,scr2002,avaConv,solar
it_sar,h0042,0.3292427902249672,scr2002,avaConv,solar
it_sar,h0043,0.5670211137550282,scr2002,avaConv,solar
it_sar,h0044,0.6720151052961464,scr2002,avaConv,solar
it_sar,h0045,0.5282158554572012,scr2002,avaConv,solar
it_sar,h0046,0.2423106997624589,scr2002,avaConv,solar
it_sar,h0047,0.041774653180675046,scr2002,avaConv,solar
it_sar,h0048,0.0002125471869212493,scr2002,avaConv,solar
it_sic,h0025,0.0,scr2002,avaConv,solar
it_sic,h0026,0.0,scr2002,avaConv,solar
it_sic,h0027,0.0,scr2002,avaConv,solar
it_sic,h0028,0.008584052450801814,scr2002,avaConv,solar
it_sic,h0029,0.12425932246473897,scr2002,avaConv,solar
it_sic,h0030,0.3957808434169911,scr2002,avaConv,solar
it_sic,h0031,0.5200070075746227,scr2002,avaConv,solar
it_sic,h0032,0.5438851447821877,scr2002,avaConv,solar
it_sic,h0033,0.3038020725522578,scr2002,avaConv,solar
it_sic,h0034,0.16848203180979782,scr2002,avaConv,solar
it_sic,h0035,0.022482073114670913,scr2002,avaConv,solar
it_sic,h0036,0.0,scr2002,avaConv,solar
it_sic,h0037,0.0,scr2002,avaConv,solar
it_sic,h0038,0.0,scr2002,avaConv,solar
it_sic,h0039,0.0,scr2002,avaConv,solar
it_sic,h0040,0.026345431320142883,scr2002,avaConv,solar
it_sic,h0041,0.15623738647890123,scr2002,avaConv,solar
it_sic,h0042,0.4406015242708173,scr2002,avaConv,solar
it_sic,h0043,0.7082074589906076,scr2002,avaConv,solar
it_sic,h0044,0.7491900327913648,scr2002,avaConv,solar
it_sic,h0045,0.4923029907316235,scr2002,avaConv,solar
it_sic,h0046,0.18466087180881527,scr2002,avaConv,solar
it_sic,h0047,0.027659742863064447,scr2002,avaConv,solar
it_sic,h0048,0.0,scr2002,avaConv,solar
lt,h0025,0.0,scr2002,avaConv,solar
lt,h0026,0.0,scr2002,avaConv,solar
lt,h0027,0.0,scr2002,avaConv,solar
lt,h0028,0.006125910186556535,scr2002,avaConv,solar
lt,h0029,0.09562333393456149,scr2002,avaConv,solar
lt,h0030,0.30283419351081853,scr2002,avaConv,solar
lt,h0031,0.6913484672053593,scr2002,avaConv,solar
lt,h0032,0.5725709186849487,scr2002,avaConv,solar
lt,h0033,0.3070262692318816,scr2002,avaConv,solar
lt,h0034,0.03706549118520247,scr2002,avaConv,solar
lt,h0035,0.001692461372062363,scr2002,avaConv,solar
lt,h0036,0.0,scr2002,avaConv,solar
lt,h0037,0.0,scr2002,avaConv,solar
lt,h0038,0.0,scr2002,avaConv,solar
lt,h0039,0.00031706734028238477,scr2002,avaConv,solar
lt,h0040,0.02722759850088892,scr2002,avaConv,solar
lt,h0041,0.193250724016311,scr2002,avaConv,solar
lt,h0042,0.5046197752483806,scr2002,avaConv,solar
lt,h0043,0.816445230988703,scr2002,avaConv,solar
lt,h0044,0.6916638640593545,scr2002,avaConv,solar
lt,h0045,0.3351137567193521,scr2002,avaConv,solar
lt,h0046,0.06176252912567081,scr2002,avaConv,solar
lt,h0047,0.00134376250439171,scr2002,avaConv,solar
lt,h0048,0.0,scr2002,avaConv,solar
lu,h0025,0.0,scr2002,avaConv,solar
lu,h0026,0.0,scr2002,avaConv,solar
lu,h0027,0.0,scr2002,avaConv,solar
lu,h0028,0.00206202117744624,scr2002,avaConv,solar
lu,h0029,0.12034299117465076,scr2002,avaConv,solar
lu,h0030,0.3890039102938761,scr2002,avaConv,solar
lu,h0031,0.7432079990952999,scr2002,avaConv,solar
lu,h0032,0.8651169356219462,scr2002,avaConv,solar
lu,h0033,0.5812981514916759,scr2002,avaConv,solar
lu,h0034,0.24625005900071942,scr2002,avaConv,solar
lu,h0035,0.02246793732991107,scr2002,avaConv,solar
lu,h0036,0.00044427866863802276,scr2002,avaConv,solar
lu,h0037,0.0,scr2002,avaConv,solar
lu,h0038,0.0,scr2002,avaConv,solar
lu,h0039,0.0,scr2002,avaConv,solar
lu,h0040,0.005287797101434163,scr2002,avaConv,solar
lu,h0041,0.04957902780969529,scr2002,avaConv,solar
lu,h0042,0.2938078613641445,scr2002,avaConv,solar
lu,h0043,0.48607055255670895,scr2002,avaConv,solar
lu,h0044,0.4914125248018883,scr2002,avaConv,solar
lu,h0045,0.3285624425232797,scr2002,avaConv,solar
lu,h0046,0.15511640704527443,scr2002,avaConv,solar
lu,h0047,0.08707421329772093,scr2002,avaConv,solar
lu,h0048,0.004724242967703273,scr2002,avaConv,solar
lv,h0025,0.0,scr2002,avaConv,solar
lv,h0026,0.0,scr2002,avaConv,solar
lv,h0027,0.0,scr2002,avaConv,solar
lv,h0028,0.015485223394859313,scr2002,avaConv,solar
lv,h0029,0.12358170541537848,scr2002,avaConv,solar
lv,h0030,0.3068483814757211,scr2002,avaConv,solar
lv,h0031,0.5965697858629093,scr2002,avaConv,solar
lv,h0032,0.5286275732104211,scr2002,avaConv,solar
lv,h0033,0.31626253418584643,scr2002,avaConv,solar
lv,h0034,0.055926122117304446,scr2002,avaConv,solar
lv,h0035,0.002247729569653775,scr2002,avaConv,solar
lv,h0036,0.0,scr2002,avaConv,solar
lv,h0037,0.0,scr2002,avaConv,solar
lv,h0038,0.0,scr2002,avaConv,solar
lv,h0039,0.0006914934624717889,scr2002,avaConv,solar
lv,h0040,0.028020328540260812,scr2002,avaConv,solar
lv,h0041,0.1857666725683697,scr2002,avaConv,solar
lv,h0042,0.486619642405307,scr2002,avaConv,solar
lv,h0043,0.7999650372904608,scr2002,avaConv,solar
lv,h0044,0.673679231614223,scr2002,avaConv,solar
lv,h0045,0.3369266775096986,scr2002,avaConv,solar
lv,h0046,0.06348720531573493,scr2002,avaConv,solar
lv,h0047,0.0029191409247210872,scr2002,avaConv,solar
lv,h0048,0.0,scr2002,avaConv,solar
me,h0025,0.0,scr2002,avaConv,solar
me,h0026,0.0,scr2002,avaConv,solar
me,h0027,0.0,scr2002,avaConv,solar
me,h0028,0.017018339255390817,scr2002,avaConv,solar
me,h0029,0.1865956414089384,scr2002,avaConv,solar
me,h0030,0.5748189618397923,scr2002,avaConv,solar
me,h0031,0.7864341278165817,scr2002,avaConv,solar
me,h0032,0.6576169301415705,scr2002,avaConv,solar
me,h0033,0.26090934609229605,scr2002,avaConv,solar
me,h0034,0.07616455187057927,scr2002,avaConv,solar
me,h0035,0.0018076541770673733,scr2002,avaConv,solar
me,h0036,0.0,scr2002,avaConv,solar
me,h0037,0.0,scr2002,avaConv,solar
me,h0038,0.0,scr2002,avaConv,solar
me,h0039,0.0,scr2002,avaConv,solar
me,h0040,0.035489975640328415,scr2002,avaConv,solar
me,h0041,0.2287366211730121,scr2002,avaConv,solar
me,h0042,0.47052597250202816,scr2002,avaConv,solar
me,h0043,0.6693572829750118,scr2002,avaConv,solar
me,h0044,0.46578924282856937,scr2002,avaConv,solar
me,h0045,0.29024102800249735,scr2002,avaConv,solar
me,h0046,0.06598369836952107,scr2002,avaConv,solar
me,h0047,0.013092092147992347,scr2002,avaConv,solar
me,h0048,0.0,scr2002,avaConv,solar
mk,h0025,0.0,scr2002,avaConv,solar
mk,h0026,0.0,scr2002,avaConv,solar
mk,h0027,0.0,scr2002,avaConv,solar
mk,h0028,0.006977056067163553,scr2002,avaConv,solar
mk,h0029,0.12896306941865338,scr2002,avaConv,solar
mk,h0030,0.4463366483777352,scr2002,avaConv,solar
mk,h0031,0.7654421682911996,scr2002,avaConv,solar
mk,h0032,0.614385319517629,scr2002,avaConv,solar
mk,h0033,0.24300383449598306,scr2002,avaConv,solar
mk,h0034,0.04069996971692947,scr2002,avaConv,solar
mk,h0035,0.0002969698216550765,scr2002,avaConv,solar
mk,h0036,0.0,scr2002,avaConv,solar
mk,h0037,0.0,scr2002,avaConv,solar
mk,h0038,0.0,scr2002,avaConv,solar
mk,h0039,0.0,scr2002,avaConv,solar
mk,h0040,0.04132769936145559,scr2002,avaConv,solar
mk,h0041,0.2669283147370885,scr2002,avaConv,solar
mk,h0042,0.5906597309423934,scr2002,avaConv,solar
mk,h0043,0.751716852457989,scr2002,avaConv,solar
mk,h0044,0.4883468056545802,scr2002,avaConv,solar
mk,h0045,0.25203740643846634,scr2002,avaConv,solar
mk,h0046,0.05036732041366936,scr2002,avaConv,solar
mk,h0047,0.0067765458279674525,scr2002,avaConv,solar
mk,h0048,0.0,scr2002,avaConv,solar
nl,h0025,0.0,scr2002,avaConv,solar
nl,h0026,0.0,scr2002,avaConv,solar
nl,h0027,0.0,scr2002,avaConv,solar
nl,h0028,0.0013485440007292922,scr2002,avaConv,solar
nl,h0029,0.10873227134696777,scr2002,avaConv,solar
nl,h0030,0.3636167537255772,scr2002,avaConv,solar
nl,h0031,0.7186680790571379,scr2002,avaConv,solar
nl,h0032,0.8248247054250101,scr2002,avaConv,solar
nl,h0033,0.5798101168671232,scr2002,avaConv,solar
nl,h0034,0.24208809140946222,scr2002,avaConv,solar
nl,h0035,0.03347905487490579,scr2002,avaConv,solar
nl,h0036,0.0,scr2002,avaConv,solar
nl,h0037,0.0,scr2002,avaConv,solar
nl,h0038,0.0,scr2002,avaConv,solar
nl,h0039,0.0,scr2002,avaConv,solar
nl,h0040,0.016786200454719347,scr2002,avaConv,solar
nl,h0041,0.04257537188242389,scr2002,avaConv,solar
nl,h0042,0.18439722377601622,scr2002,avaConv,solar
nl,h0043,0.3331408177606192,scr2002,avaConv,solar
nl,h0044,0.4230039973141714,scr2002,avaConv,solar
nl,h0045,0.3744866943201969,scr2002,avaConv,solar
nl,h0046,0.19631633994592415,scr2002,avaConv,solar
nl,h0047,0.08810914518949264,scr2002,avaConv,solar
nl,h0048,0.005130072428303559,scr2002,avaConv,solar
no_m,h0025,0.0,scr2002,avaConv,solar
no_m,h0026,0.0,scr2002,avaConv,solar
no_m,h0027,0.0,scr2002,avaConv,solar
no_m,h0028,0.0,scr2002,avaConv,solar
no_m,h0029,0.016631424381748437,scr2002,avaConv,solar
no_m,h0030,0.30096698187320214,scr2002,avaConv,solar
no_m,h0031,0.6391951738776895,scr2002,avaConv,solar
no_m,h0032,0.5898186471486488,scr2002,avaConv,solar
no_m,h0033,0.23994421985424433,scr2002,avaConv,solar
no_m,h0034,0.05153926870096764,scr2002,avaConv,solar
no_m,h0035,0.021329415213939912,scr2002,avaConv,solar
no_m,h0036,0.0,scr2002,avaConv,solar
no_m,h0037,0.0,scr2002,avaConv,solar
no_m,h0038,0.0,scr2002,avaConv,solar
no_m,h0039,0.0,scr2002,avaConv,solar
no_m,h0040,0.006925644634067951,scr2002,avaConv,solar
no_m,h0041,0.0973904443852877,scr2002,avaConv,solar
no_m,h0042,0.5315342507546724,scr2002,avaConv,solar
no_m,h0043,0.8278804025888551,scr2002,avaConv,solar
no_m,h0044,0.6978827201344507,scr2002,avaConv,solar
no_m,h0045,0.2561143844819444,scr2002,avaConv,solar
no_m,h0046,0.0625626270032115,scr2002,avaConv,solar
no_m,h0047,0.009906411113434944,scr2002,avaConv,solar
no_m,h0048,0.0,scr2002,avaConv,solar
no_n,h0025,0.0,scr2002,avaConv,solar
no_n,h0026,0.0,scr2002,avaConv,solar
no_n,h0027,0.0,scr2002,avaConv,solar
no_n,h0028,0.002037786637719362,scr2002,avaConv,solar
no_n,h0029,0.010571363756197544,scr2002,avaConv,solar
no_n,h0030,0.21267642697926673,scr2002,avaConv,solar
no_n,h0031,0.3353872896166706,scr2002,avaConv,solar
no_n,h0032,0.41222257539739177,scr2002,avaConv,solar
no_n,h0033,0.13553734880150042,scr2002,avaConv,solar
no_n,h0034,0.04378549777732444,scr2002,avaConv,solar
no_n,h0035,0.006592809412323754,scr2002,avaConv,solar
no_n,h0036,0.0,scr2002,avaConv,solar
no_n,h0037,0.0,scr2002,avaConv,solar
no_n,h0038,0.0,scr2002,avaConv,solar
no_n,h0039,0.00038892163829575856,scr2002,avaConv,solar
no_n,h0040,0.029582362494124936,scr2002,avaConv,solar
no_n,h0041,0.14533358892465784,scr2002,avaConv,solar
no_n,h0042,0.2798368279727737,scr2002,avaConv,solar
no_n,h0043,0.43714527780899337,scr2002,avaConv,solar
no_n,h0044,0.3526547036970142,scr2002,avaConv,solar
no_n,h0045,0.2593849533414868,scr2002,avaConv,solar
no_n,h0046,0.0654800775906755,scr2002,avaConv,solar
no_n,h0047,0.013373751072694628,scr2002,avaConv,solar
no_n,h0048,0.0005414514074842805,scr2002,avaConv,solar
no_s,h0025,0.0,scr2002,avaConv,solar
no_s,h0026,0.0,scr2002,avaConv,solar
no_s,h0027,0.0,scr2002,avaConv,solar
no_s,h0028,0.000561467556382161,scr2002,avaConv,solar
no_s,h0029,0.04695981795701914,scr2002,avaConv,solar
no_s,h0030,0.24909004402939908,scr2002,avaConv,solar
no_s,h0031,0.47033469931829697,scr2002,avaConv,solar
no_s,h0032,0.5561497449256,scr2002,avaConv,solar
no_s,h0033,0.3471305259888484,scr2002,avaConv,solar
no_s,h0034,0.14812625389566517,scr2002,avaConv,solar
no_s,h0035,0.023549163904949127,scr2002,avaConv,solar
no_s,h0036,0.0,scr2002,avaConv,solar
no_s,h0037,0.0,scr2002,avaConv,solar
no_s,h0038,0.0,scr2002,avaConv,solar
no_s,h0039,0.0,scr2002,avaConv,solar
no_s,h0040,0.0006411558019074071,scr2002,avaConv,solar
no_s,h0041,0.10711631308945116,scr2002,avaConv,solar
no_s,h0042,0.40293446958885043,scr2002,avaConv,solar
no_s,h0043,0.7732278192542961,scr2002,avaConv,solar
no_s,h0044,0.815757305359263,scr2002,avaConv,solar
no_s,h0045,0.5446103135780617,scr2002,avaConv,solar
no_s,h0046,0.23087475132903618,scr2002,avaConv,solar
no_s,h0047,0.04046608595097389,scr2002,avaConv,solar
no_s,h0048,0.0007793676192033162,scr2002,avaConv,solar
pl,h0025,0.0,scr2002,avaConv,solar
pl,h0026,0.0,scr2002,avaConv,solar
pl,h0027,0.0,scr2002,avaConv,solar
pl,h0028,0.003418415300457881,scr2002,avaConv,solar
pl,h0029,0.09278292069018151,scr2002,avaConv,solar
pl,h0030,0.4025211644008482,scr2002,avaConv,solar
pl,h0031,0.8267089209098825,scr2002,avaConv,solar
pl,h0032,0.7726144963746701,scr2002,avaConv,solar
pl,h0033,0.39744651583079776,scr2002,avaConv,solar
pl,h0034,0.08180784255060199,scr2002,avaConv,solar
pl,h0035,0.008303930687602592,scr2002,avaConv,solar
pl,h0036,0.0,scr2002,avaConv,solar
pl,h0037,0.0,scr2002,avaConv,solar
pl,h0038,0.0,scr2002,avaConv,solar
pl,h0039,0.0,scr2002,avaConv,solar
pl,h0040,0.0381140331439944,scr2002,avaConv,solar
pl,h0041,0.22531758022210546,scr2002,avaConv,solar
pl,h0042,0.46254773675441585,scr2002,avaConv,solar
pl,h0043,0.6481892652540128,scr2002,avaConv,solar
pl,h0044,0.48624895798642803,scr2002,avaConv,solar
pl,h0045,0.30074328762444114,scr2002,avaConv,solar
pl,h0046,0.07777857436503172,scr2002,avaConv,solar
pl,h0047,0.01247372500153525,scr2002,avaConv,solar
pl,h0048,0.0,scr2002,avaConv,solar
pt,h0025,0.0,scr2002,avaConv,solar
pt,h0026,0.0,scr2002,avaConv,solar
pt,h0027,0.0,scr2002,avaConv,solar
pt,h0028,0.0,scr2002,avaConv,solar
pt,h0029,0.016982074781345065,scr2002,avaConv,solar
pt,h0030,0.19265582190857894,scr2002,avaConv,solar
pt,h0031,0.5282368280662825,scr2002,avaConv,solar
pt,h0032,0.7437613007883596,scr2002,avaConv,solar
pt,h0033,0.5783586792012028,scr2002,avaConv,solar
pt,h0034,0.25066935514564576,scr2002,avaConv,solar
pt,h0035,0.06584164686698055,scr2002,avaConv,solar
pt,h0036,0.002616768474705957,scr2002,avaConv,solar
pt,h0037,0.0,scr2002,avaConv,solar
pt,h0038,0.0,scr2002,avaConv,solar
pt,h0039,0.0,scr2002,avaConv,solar
pt,h0040,0.0,scr2002,avaConv,solar
pt,h0041,0.05492200290311185,scr2002,avaConv,solar
pt,h0042,0.21256344756971826,scr2002,avaConv,solar
pt,h0043,0.4673662990765616,scr2002,avaConv,solar
pt,h0044,0.5435144683191503,scr2002,avaConv,solar
pt,h0045,0.5412045305879348,scr2002,avaConv,solar
pt,h0046,0.3248525725267828,scr2002,avaConv,solar
pt,h0047,0.12265236035201621,scr2002,avaConv,solar
pt,h0048,0.009690172006164918,scr2002,avaConv,solar
ro,h0025,0.0,scr2002,avaConv,solar
ro,h0026,0.0,scr2002,avaConv,solar
ro,h0027,0.0,scr2002,avaConv,solar
ro,h0028,0.0035176304302285866,scr2002,avaConv,solar
ro,h0029,0.13723398456036445,scr2002,avaConv,solar
ro,h0030,0.4621206233668236,scr2002,avaConv,solar
ro,h0031,0.7509832354204535,scr2002,avaConv,solar
ro,h0032,0.6217592460993991,scr2002,avaConv,solar
ro,h0033,0.26528022975976717,scr2002,avaConv,solar
ro,h0034,0.06528585204215763,scr2002,avaConv,solar
ro,h0035,0.0020623898363133475,scr2002,avaConv,solar
ro,h0036,0.0,scr2002,avaConv,solar
ro,h0037,0.0,scr2002,avaConv,solar
ro,h0038,0.0,scr2002,avaConv,solar
ro,h0039,0.00046487877580114306,scr2002,avaConv,solar
ro,h0040,0.053595749086704614,scr2002,avaConv,solar
ro,h0041,0.2722345652609697,scr2002,avaConv,solar
ro,h0042,0.5940007071471354,scr2002,avaConv,solar
ro,h0043,0.7790098524083222,scr2002,avaConv,solar
ro,h0044,0.6614394450821964,scr2002,avaConv,solar
ro,h0045,0.3586743583067314,scr2002,avaConv,solar
ro,h0046,0.10869022036062138,scr2002,avaConv,solar
ro,h0047,0.007330997638061067,scr2002,avaConv,solar
ro,h0048,0.0,scr2002,avaConv,solar
rs,h0025,0.0,scr2002,avaConv,solar
rs,h0026,0.0,scr2002,avaConv,solar
rs,h0027,0.0,scr2002,avaConv,solar
rs,h0028,0.0033954819596906795,scr2002,avaConv,solar
rs,h0029,0.13067920832533286,scr2002,avaConv,solar
rs,h0030,0.44911139362948893,scr2002,avaConv,solar
rs,h0031,0.7919659776714116,scr2002,avaConv,solar
rs,h0032,0.6603248648941865,scr2002,avaConv,solar
rs,h0033,0.29212655636669255,scr2002,avaConv,solar
rs,h0034,0.05564299754494077,scr2002,avaConv,solar
rs,h0035,0.0009934921848719401,scr2002,avaConv,solar
rs,h0036,0.0,scr2002,avaConv,solar
rs,h0037,0.0,scr2002,avaConv,solar
rs,h0038,0.0,scr2002,avaConv,solar
rs,h0039,0.0,scr2002,avaConv,solar
rs,h0040,0.051774685552107624,scr2002,avaConv,solar
rs,h0041,0.25764690630894116,scr2002,avaConv,solar
rs,h0042,0.556930490550608,scr2002,avaConv,solar
rs,h0043,0.7261218289776602,scr2002,avaConv,solar
rs,h0044,0.5713252112290702,scr2002,avaConv,solar
rs,h0045,0.3203324938226719,scr2002,avaConv,solar
rs,h0046,0.08960515790391885,scr2002,avaConv,solar
rs,h0047,0.012467008287855732,scr2002,avaConv,solar
rs,h0048,0.0,scr2002,avaConv,solar
se_1,h0025,0.0,scr2002,avaConv,solar
se_1,h0026,0.0,scr2002,avaConv,solar
se_1,h0027,0.0,scr2002,avaConv,solar
se_1,h0028,0.0005700558036369715,scr2002,avaConv,solar
se_1,h0029,0.047548537973778324,scr2002,avaConv,solar
se_1,h0030,0.32362979202950615,scr2002,avaConv,solar
se_1,h0031,0.4197979879787499,scr2002,avaConv,solar
se_1,h0032,0.40076459422282745,scr2002,avaConv,solar
se_1,h0033,0.10500009777623813,scr2002,avaConv,solar
se_1,h0034,0.04911024584337063,scr2002,avaConv,solar
se_1,h0035,0.002096111060373014,scr2002,avaConv,solar
se_1,h0036,0.0,scr2002,avaConv,solar
se_1,h0037,0.0,scr2002,avaConv,solar
se_1,h0038,0.0,scr2002,avaConv,solar
se_1,h0039,0.0001437850640939897,scr2002,avaConv,solar
se_1,h0040,0.014949425044260304,scr2002,avaConv,solar
se_1,h0041,0.2247601596156381,scr2002,avaConv,solar
se_1,h0042,0.48539179563404766,scr2002,avaConv,solar
se_1,h0043,0.8613466816994546,scr2002,avaConv,solar
se_1,h0044,0.5110586208069149,scr2002,avaConv,solar
se_1,h0045,0.2872562018156182,scr2002,avaConv,solar
se_1,h0046,0.04184902017802582,scr2002,avaConv,solar
se_1,h0047,0.0056446357056202,scr2002,avaConv,solar
se_1,h0048,0.00019244323109492893,scr2002,avaConv,solar
se_2,h0025,0.0,scr2002,avaConv,solar
se_2,h0026,0.0,scr2002,avaConv,solar
se_2,h0027,0.0,scr2002,avaConv,solar
se_2,h0028,0.0032777540336756555,scr2002,avaConv,solar
se_2,h0029,0.08133640689679021,scr2002,avaConv,solar
se_2,h0030,0.2893792979052148,scr2002,avaConv,solar
se_2,h0031,0.46325164911311534,scr2002,avaConv,solar
se_2,h0032,0.4535971125967747,scr2002,avaConv,solar
se_2,h0033,0.24739382479884112,scr2002,avaConv,solar
se_2,h0034,0.0967378889459188,scr2002,avaConv,solar
se_2,h0035,0.011189202840617496,scr2002,avaConv,solar
se_2,h0036,0.0,scr2002,avaConv,solar
se_2,h0037,0.0,scr2002,avaConv,solar
se_2,h0038,0.0,scr2002,avaConv,solar
se_2,h0039,0.0,scr2002,avaConv,solar
se_2,h0040,0.02257223527047616,scr2002,avaConv,solar
se_2,h0041,0.16154342103550004,scr2002,avaConv,solar
se_2,h0042,0.5085723202902556,scr2002,avaConv,solar
se_2,h0043,0.8271086321022959,scr2002,avaConv,solar
se_2,h0044,0.7273816160069897,scr2002,avaConv,solar
se_2,h0045,0.39582973203693006,scr2002,avaConv,solar
se_2,h0046,0.10095348522017965,scr2002,avaConv,solar
se_2,h0047,0.017923811176327683,scr2002,avaConv,solar
se_2,h0048,0.00010262490194635441,scr2002,avaConv,solar
se_3,h0025,0.0,scr2002,avaConv,solar
se_3,h0026,0.0,scr2002,avaConv,solar
se_3,h0027,0.0,scr2002,avaConv,solar
se_3,h0028,0.005657330547758299,scr2002,avaConv,solar
se_3,h0029,0.09792925066871484,scr2002,avaConv,solar
se_3,h0030,0.2919908693395884,scr2002,avaConv,solar
se_3,h0031,0.49055678204661823,scr2002,avaConv,solar
se_3,h0032,0.48904636691652215,scr2002,avaConv,solar
se_3,h0033,0.3125225642553076,scr2002,avaConv,solar
se_3,h0034,0.12268159254741855,scr2002,avaConv,solar
se_3,h0035,0.017522859925008558,scr2002,avaConv,solar
se_3,h0036,0.0,scr2002,avaConv,solar
se_3,h0037,0.0,scr2002,avaConv,solar
se_3,h0038,0.0,scr2002,avaConv,solar
se_3,h0039,0.0,scr2002,avaConv,solar
se_3,h0040,0.004934282109447299,scr2002,avaConv,solar
se_3,h0041,0.04644621980997977,scr2002,avaConv,solar
se_3,h0042,0.302059890682798,scr2002,avaConv,solar
se_3,h0043,0.649000555566261,scr2002,avaConv,solar
se_3,h0044,0.8162209227164255,scr2002,avaConv,solar
se_3,h0045,0.5050067082361707,scr2002,avaConv,solar
se_3,h0046,0.17722646312102858,scr2002,avaConv,solar
se_3,h0047,0.02768182337731278,scr2002,avaConv,solar
se_3,h0048,0.000710185141765276,scr2002,avaConv,solar
se_4,h0025,0.0,scr2002,avaConv,solar
se_4,h0026,0.0,scr2002,avaConv,solar
se_4,h0027,0.0,scr2002,avaConv,solar
se_4,h0028,0.004379721539110209,scr2002,avaConv,solar
se_4,h0029,0.089316002101399,scr2002,avaConv,solar
se_4,h0030,0.3649123653700532,scr2002,avaConv,solar
se_4,h0031,0.7218061401444971,scr2002,avaConv,solar
se_4,h0032,0.7321496579949748,scr2002,avaConv,solar
se_4,h0033,0.43337129414002473,scr2002,avaConv,solar
se_4,h0034,0.12774585242066588,scr2002,avaConv,solar
se_4,h0035,0.01802610004122398,scr2002,avaConv,solar
se_4,h0036,0.0,scr2002,avaConv,solar
se_4,h0037,0.0,scr2002,avaConv,solar
se_4,h0038,0.0,scr2002,avaConv,solar
se_4,h0039,0.0,scr2002,avaConv,solar
se_4,h0040,0.011004208327648484,scr2002,avaConv,solar
se_4,h0041,0.028211230455959774,scr2002,avaConv,solar
se_4,h0042,0.20819339312153962,scr2002,avaConv,solar
se_4,h0043,0.5016129108645465,scr2002,avaConv,solar
se_4,h0044,0.7923669775812519,scr2002,avaConv,solar
se_4,h0045,0.4750347561980721,scr2002,avaConv,solar
se_4,h0046,0.14664656950685667,scr2002,avaConv,solar
se_4,h0047,0.005912698998800684,scr2002,avaConv,solar
se_4,h0048,0.0003820941531968762,scr2002,avaConv,solar
si,h0025,0.0,scr2002,avaConv,solar
si,h0026,0.0,scr2002,avaConv,solar
si,h0027,0.0,scr2002,avaConv,solar
si,h0028,0.0031825200457193835,scr2002,avaConv,solar
si,h0029,0.10464507799542645,scr2002,avaConv,solar
si,h0030,0.4334605351090191,scr2002,avaConv,solar
si,h0031,0.8331226449593209,scr2002,avaConv,solar
si,h0032,0.7112924038675837,scr2002,avaConv,solar
si,h0033,0.27714549900219854,scr2002,avaConv,solar
si,h0034,0.04492067778654682,scr2002,avaConv,solar
si,h0035,0.00021155917929940345,scr2002,avaConv,solar
si,h0036,0.0,scr2002,avaConv,solar
si,h0037,0.0,scr2002,avaConv,solar
si,h0038,0.0,scr2002,avaConv,solar
si,h0039,0.0,scr2002,avaConv,solar
si,h0040,0.00917240912452691,scr2002,avaConv,solar
si,h0041,0.06439833740505428,scr2002,avaConv,solar
si,h0042,0.3134021949608455,scr2002,avaConv,solar
si,h0043,0.5595615198904627,scr2002,avaConv,solar
si,h0044,0.6014984747471159,scr2002,avaConv,solar
si,h0045,0.32303649913212734,scr2002,avaConv,solar
si,h0046,0.08601785744708211,scr2002,avaConv,solar
si,h0047,0.011357497818134554,scr2002,avaConv,solar
si,h0048,0.0,scr2002,avaConv,solar
sk,h0025,0.0,scr2002,avaConv,solar
sk,h0026,0.0,scr2002,avaConv,solar
sk,h0027,0.0,scr2002,avaConv,solar
sk,h0028,0.005522169471511123,scr2002,avaConv,solar
sk,h0029,0.1395097103029466,scr2002,avaConv,solar
sk,h0030,0.45161404537836974,scr2002,avaConv,solar
sk,h0031,0.8016280691810634,scr2002,avaConv,solar
sk,h0032,0.6816265954455739,scr2002,avaConv,solar
sk,h0033,0.3419735007410192,scr2002,avaConv,solar
sk,h0034,0.08113178667933464,scr2002,avaConv,solar
sk,h0035,0.006169603983772377,scr2002,avaConv,solar
sk,h0036,0.0,scr2002,avaConv,solar
sk,h0037,0.0,scr2002,avaConv,solar
sk,h0038,0.0,scr2002,avaConv,solar
sk,h0039,0.0,scr2002,avaConv,solar
sk,h0040,0.036823493725974876,scr2002,avaConv,solar
sk,h0041,0.2125313605070457,scr2002,avaConv,solar
sk,h0042,0.4885720483663913,scr2002,avaConv,solar
sk,h0043,0.570863220503021,scr2002,avaConv,solar
sk,h0044,0.4391362645340482,scr2002,avaConv,solar
sk,h0045,0.22905971307101594,scr2002,avaConv,solar
sk,h0046,0.08315745795542337,scr2002,avaConv,solar
sk,h0047,0.012745132281716077,scr2002,avaConv,solar
sk,h0048,0.0,scr2002,avaConv,solar
uk,h0025,0.0,scr2002,avaConv,solar
uk,h0026,0.0,scr2002,avaConv,solar
uk,h0027,0.0,scr2002,avaConv,solar
uk,h0028,0.0,scr2002,avaConv,solar
uk,h0029,0.042561169336973646,scr2002,avaConv,solar
uk,h0030,0.09841431469053531,scr2002,avaConv,solar
uk,h0031,0.4660216138403629,scr2002,avaConv,solar
uk,h0032,0.8248991926320023,scr2002,avaConv,solar
uk,h0033,0.8254843254989016,scr2002,avaConv,solar
uk,h0034,0.32411627417507227,scr2002,avaConv,solar
uk,h0035,0.020729676453308605,scr2002,avaConv,solar
uk,h0036,0.0006325073699268902,scr2002,avaConv,solar
uk,h0037,0.0,scr2002,avaConv,solar
uk,h0038,0.0,scr2002,avaConv,solar
uk,h0039,0.0,scr2002,avaConv,solar
uk,h0040,0.0015410093880652246,scr2002,avaConv,solar
uk,h0041,0.045167634864964674,scr2002,avaConv,solar
uk,h0042,0.11728551554457943,scr2002,avaConv,solar
uk,h0043,0.23471176025549023,scr2002,avaConv,solar
uk,h0044,0.15209344574767056,scr2002,avaConv,solar
uk,h0045,0.23889484456782412,scr2002,avaConv,solar
uk,h0046,0.1254770640490024,scr2002,avaConv,solar
uk,h0047,0.08503134647541018,scr2002,avaConv,solar
uk,h0048,0.002298686315161561,scr2002,avaConv,solar
ni,h0025,0.0,scr2002,avaConv,solar
ni,h0026,0.0,scr2002,avaConv,solar
ni,h0027,0.0,scr2002,avaConv,solar
ni,h0028,0.0,scr2002,avaConv,solar
ni,h0029,0.013981567390296516,scr2002,avaConv,solar
ni,h0030,0.05905824818859571,scr2002,avaConv,solar
ni,h0031,0.35289877647778206,scr2002,avaConv,solar
ni,h0032,0.8348208445339013,scr2002,avaConv,solar
ni,h0033,0.8400695243656113,scr2002,avaConv,solar
ni,h0034,0.37674957113828567,scr2002,avaConv,solar
ni,h0035,0.031088968379174086,scr2002,avaConv,solar
ni,h0036,0.0022653681776150197,scr2002,avaConv,solar
ni,h0037,0.0,scr2002,avaConv,solar
ni,h0038,0.0,scr2002,avaConv,solar
ni,h0039,0.0,scr2002,avaConv,solar
ni,h0040,0.00020937836554942667,scr2002,avaConv,solar
ni,h0041,0.0560976576502568,scr2002,avaConv,solar
ni,h0042,0.18485166951482573,scr2002,avaConv,solar
ni,h0043,0.46273298885799063,scr2002,avaConv,solar
ni,h0044,0.3727824074071146,scr2002,avaConv,solar
ni,h0045,0.3409847778369368,scr2002,avaConv,solar
ni,h0046,0.1578617693009331,scr2002,avaConv,solar
ni,h0047,0.062481314189093196,scr2002,avaConv,solar
ni,h0048,0.006704339001917888,scr2002,avaConv,solar
