timestep_1,timestep_2,region_2,region_4,carrier_1,carrier_2,technology_1,technology_2,technology_3,parameter,value,comment
,2050,,,gasFuel,naturalGas,,,,trdBuyUp,0,prohibits use of fossil fuels in 2050
,2050,,,liquidFuel,oilLiquid,,,,trdBuyUp,0,
,2050,,,hardcoal,,,,,trdBuyUp,0,
,2050,,,lignite,,,,,trdBuyUp,0,
10th,,,,,,,,,expConvFix,0,deactivates investment in 2020
10th,,,,,,,,,expStInFix,0,
10th,,,,,,,,,expStOutFix,0,
10th,,,,,,,,,expStSizeFix,0,
10th,,,,,,,,,expExcFix,0,
20th,,,,,,powerToX,synthFuel,fischerTropsch,expConvFix,0,
20th,,,,,,powerToX,synthFuel,methanation,expConvFix,0,
20th,,,,,,powerToX,synthFuel,steamReforming,expConvFix,0,
,all,ES,01ES,,,solar,openspace_a,cspOpenspace_a,capaConvLow,0.0224,lower limits on renewables based on residual values
,all,ES,02ES,,,solar,openspace_a,cspOpenspace_a,capaConvLow,0.0372,
,all,ES,03ES,,,solar,openspace_a,cspOpenspace_a,capaConvLow,0.0136,
,all,ES,04ES,,,solar,openspace_a,cspOpenspace_a,capaConvLow,0.0189,
,all,ES,05ES,,,solar,openspace_a,cspOpenspace_a,capaConvLow,0.1331,
,all,ES,06ES,,,solar,openspace_a,cspOpenspace_a,capaConvLow,0.055,
,all,ES,08ES,,,solar,openspace_a,cspOpenspace_a,capaConvLow,0.216,
,all,ES,09ES,,,solar,openspace_a,cspOpenspace_a,capaConvLow,0.0789,
,all,ES,10ES,,,solar,openspace_a,cspOpenspace_a,capaConvLow,0.0712,
,all,ES,11ES,,,solar,openspace_a,cspOpenspace_a,capaConvLow,0.0637,
,all,GR,68GR,,,solar,openspace_a,cspOpenspace_a,capaConvLow,0.0115,
,all,GR,69GR,,,solar,openspace_a,cspOpenspace_a,capaConvLow,0.0124,
,all,HR,62HR,,,solar,openspace_a,cspOpenspace_a,capaConvLow,0.0113,
,all,IT,52IT,,,solar,openspace_a,cspOpenspace_a,capaConvLow,0.0113,
,all,IT,53IT,,,solar,openspace_a,cspOpenspace_a,capaConvLow,0.0078,
,all,IT,54IT,,,solar,openspace_a,cspOpenspace_a,capaConvLow,0.0069,
,all,IT,56IT,,,solar,openspace_a,cspOpenspace_a,capaConvLow,0.0075,
,all,ES,01ES,,,solar,openspace_b,cspOpenspace_b,capaConvLow,0.0215,
,all,ES,02ES,,,solar,openspace_b,cspOpenspace_b,capaConvLow,0.1593,
,all,ES,03ES,,,solar,openspace_b,cspOpenspace_b,capaConvLow,0.1872,
,all,ES,04ES,,,solar,openspace_b,cspOpenspace_b,capaConvLow,0.0409,
,all,ES,05ES,,,solar,openspace_b,cspOpenspace_b,capaConvLow,0.074,
,all,ES,06ES,,,solar,openspace_b,cspOpenspace_b,capaConvLow,0.012,
,all,ES,07ES,,,solar,openspace_b,cspOpenspace_b,capaConvLow,0.018,
,all,ES,08ES,,,solar,openspace_b,cspOpenspace_b,capaConvLow,0.0244,
,all,ES,09ES,,,solar,openspace_b,cspOpenspace_b,capaConvLow,0.1136,
,all,ES,10ES,,,solar,openspace_b,cspOpenspace_b,capaConvLow,0.0672,
,all,ES,11ES,,,solar,openspace_b,cspOpenspace_b,capaConvLow,0.0383,
,all,GR,68GR,,,solar,openspace_b,cspOpenspace_b,capaConvLow,0.0362,
,all,GR,69GR,,,solar,openspace_b,cspOpenspace_b,capaConvLow,0.0099,
,all,IT,55IT,,,solar,openspace_b,cspOpenspace_b,capaConvLow,0.0064,
,all,ES,01ES,,,solar,openspace_c,cspOpenspace_c,capaConvLow,0.0411,
,all,ES,02ES,,,solar,openspace_c,cspOpenspace_c,capaConvLow,0.0076,
,all,ES,03ES,,,solar,openspace_c,cspOpenspace_c,capaConvLow,0.1382,
,all,ES,04ES,,,solar,openspace_c,cspOpenspace_c,capaConvLow,0.0152,
,all,ES,05ES,,,solar,openspace_c,cspOpenspace_c,capaConvLow,0.0075,
,all,ES,06ES,,,solar,openspace_c,cspOpenspace_c,capaConvLow,0.0375,
,all,ES,08ES,,,solar,openspace_c,cspOpenspace_c,capaConvLow,0.2179,
,all,ES,09ES,,,solar,openspace_c,cspOpenspace_c,capaConvLow,0.0145,
,all,ES,10ES,,,solar,openspace_c,cspOpenspace_c,capaConvLow,0.12,
,all,ES,11ES,,,solar,openspace_c,cspOpenspace_c,capaConvLow,0.2304,
,all,GR,68GR,,,solar,openspace_c,cspOpenspace_c,capaConvLow,0.0054,
,all,GR,69GR,,,solar,openspace_c,cspOpenspace_c,capaConvLow,0.0249,
,all,IT,52IT,,,solar,openspace_c,cspOpenspace_c,capaConvLow,0.0301,
,all,IT,54IT,,,solar,openspace_c,cspOpenspace_c,capaConvLow,0.0095,
,all,IT,55IT,,,solar,openspace_c,cspOpenspace_c,capaConvLow,0.0159,
,all,IT,56IT,,,solar,openspace_c,cspOpenspace_c,capaConvLow,0.0052,
,all,AT,49AT,,,solar,rooftopInd_a,pvInd_a,capaConvLow,0.1287,
,all,AT,50AT,,,solar,rooftopInd_a,pvInd_a,capaConvLow,0.2022,
,all,AT,51AT,,,solar,rooftopInd_a,pvInd_a,capaConvLow,0.1991,
,all,BE,28BE,,,solar,rooftopInd_a,pvInd_a,capaConvLow,1.4669,
,all,BG,66BG,,,solar,rooftopInd_a,pvInd_a,capaConvLow,0.012,
,all,CH,47CH,,,solar,rooftopInd_a,pvInd_a,capaConvLow,0.2826,
,all,CH,48CH,,,solar,rooftopInd_a,pvInd_a,capaConvLow,0.0184,
,all,CZ,39CZ,,,solar,rooftopInd_a,pvInd_a,capaConvLow,0.0427,
,all,CZ,40CZ,,,solar,rooftopInd_a,pvInd_a,capaConvLow,0.0228,
,all,DE,31DE,,,solar,rooftopInd_a,pvInd_a,capaConvLow,0.9816,
,all,DE,32DE,,,solar,rooftopInd_a,pvInd_a,capaConvLow,0.4425,
,all,DE,33DE,,,solar,rooftopInd_a,pvInd_a,capaConvLow,0.8236,
,all,DE,34DE,,,solar,rooftopInd_a,pvInd_a,capaConvLow,0.7457,
,all,DE,35DE,,,solar,rooftopInd_a,pvInd_a,capaConvLow,0.4579,
,all,DE,36DE,,,solar,rooftopInd_a,pvInd_a,capaConvLow,0.4478,
,all,DE,37DE,,,solar,rooftopInd_a,pvInd_a,capaConvLow,0.5627,
,all,DK,38DK,,,solar,rooftopInd_a,pvInd_a,capaConvLow,0.1987,
,all,DK,72DK,,,solar,rooftopInd_a,pvInd_a,capaConvLow,0.1244,
,all,ES,01ES,,,solar,rooftopInd_a,pvInd_a,capaConvLow,0.0085,
,all,ES,02ES,,,solar,rooftopInd_a,pvInd_a,capaConvLow,0.0102,
,all,ES,04ES,,,solar,rooftopInd_a,pvInd_a,capaConvLow,0.0064,
,all,ES,06ES,,,solar,rooftopInd_a,pvInd_a,capaConvLow,0.0198,
,all,ES,07ES,,,solar,rooftopInd_a,pvInd_a,capaConvLow,0.0178,
,all,ES,08ES,,,solar,rooftopInd_a,pvInd_a,capaConvLow,0.0119,
,all,ES,10ES,,,solar,rooftopInd_a,pvInd_a,capaConvLow,0.0068,
,all,ES,11ES,,,solar,rooftopInd_a,pvInd_a,capaConvLow,0.0236,
,all,FI,75FI,,,solar,rooftopInd_a,pvInd_a,capaConvLow,0.0053,
,all,FR,14FR,,,solar,rooftopInd_a,pvInd_a,capaConvLow,0.0923,
,all,FR,15FR,,,solar,rooftopInd_a,pvInd_a,capaConvLow,0.0462,
,all,FR,16FR,,,solar,rooftopInd_a,pvInd_a,capaConvLow,0.1108,
,all,FR,17FR,,,solar,rooftopInd_a,pvInd_a,capaConvLow,0.1032,
,all,FR,18FR,,,solar,rooftopInd_a,pvInd_a,capaConvLow,0.0733,
,all,FR,19FR,,,solar,rooftopInd_a,pvInd_a,capaConvLow,0.0733,
,all,FR,20FR,,,solar,rooftopInd_a,pvInd_a,capaConvLow,0.1266,
,all,FR,21FR,,,solar,rooftopInd_a,pvInd_a,capaConvLow,0.123,
,all,FR,22FR,,,solar,rooftopInd_a,pvInd_a,capaConvLow,0.0608,
,all,FR,23FR,,,solar,rooftopInd_a,pvInd_a,capaConvLow,0.0158,
,all,FR,24FR,,,solar,rooftopInd_a,pvInd_a,capaConvLow,0.0457,
,all,FR,25FR,,,solar,rooftopInd_a,pvInd_a,capaConvLow,0.1195,
,all,FR,26FR,,,solar,rooftopInd_a,pvInd_a,capaConvLow,0.1328,
,all,FR,27FR,,,solar,rooftopInd_a,pvInd_a,capaConvLow,0.0095,
,all,FR,99FR,,,solar,rooftopInd_a,pvInd_a,capaConvLow,0.0101,
,all,GR,68GR,,,solar,rooftopInd_a,pvInd_a,capaConvLow,0.0987,
,all,GR,69GR,,,solar,rooftopInd_a,pvInd_a,capaConvLow,0.0778,
,all,HU,58HU,,,solar,rooftopInd_a,pvInd_a,capaConvLow,0.0806,
,all,IE,96IE,,,solar,rooftopInd_a,pvInd_a,capaConvLow,0.0064,
,all,IT,52IT,,,solar,rooftopInd_a,pvInd_a,capaConvLow,0.2294,
,all,IT,53IT,,,solar,rooftopInd_a,pvInd_a,capaConvLow,0.2175,
,all,IT,54IT,,,solar,rooftopInd_a,pvInd_a,capaConvLow,0.1743,
,all,IT,55IT,,,solar,rooftopInd_a,pvInd_a,capaConvLow,0.1171,
,all,IT,56IT,,,solar,rooftopInd_a,pvInd_a,capaConvLow,0.1538,
,all,IT,98IT,,,solar,rooftopInd_a,pvInd_a,capaConvLow,0.0962,
,all,LT,77LT,,,solar,rooftopInd_a,pvInd_a,capaConvLow,0.008,
,all,LU,29LU,,,solar,rooftopInd_a,pvInd_a,capaConvLow,0.0089,
,all,NL,30NL,,,solar,rooftopInd_a,pvInd_a,capaConvLow,1.6434,
,all,PL,41PL,,,solar,rooftopInd_a,pvInd_a,capaConvLow,0.0079,
,all,PL,42PL,,,solar,rooftopInd_a,pvInd_a,capaConvLow,0.007,
,all,PL,43PL,,,solar,rooftopInd_a,pvInd_a,capaConvLow,0.0098,
,all,PL,44PL,,,solar,rooftopInd_a,pvInd_a,capaConvLow,0.0105,
,all,PT,12PT,,,solar,rooftopInd_a,pvInd_a,capaConvLow,0.1173,
,all,PT,13PT,,,solar,rooftopInd_a,pvInd_a,capaConvLow,0.0767,
,all,RO,60RO,,,solar,rooftopInd_a,pvInd_a,capaConvLow,0.0057,
,all,SE,88SE,,,solar,rooftopInd_a,pvInd_a,capaConvLow,0.0473,
,all,SE,89SE,,,solar,rooftopInd_a,pvInd_a,capaConvLow,0.0185,
,all,SI,57SI,,,solar,rooftopInd_a,pvInd_a,capaConvLow,0.0098,
,all,SK,46SK,,,solar,rooftopInd_a,pvInd_a,capaConvLow,0.0096,
,all,UK,90UK,,,solar,rooftopInd_a,pvInd_a,capaConvLow,0.7988,
,all,UK,91UK,,,solar,rooftopInd_a,pvInd_a,capaConvLow,0.1734,
,all,UK,92UK,,,solar,rooftopInd_a,pvInd_a,capaConvLow,0.3252,
,all,UK,93UK,,,solar,rooftopInd_a,pvInd_a,capaConvLow,0.2077,
,all,UK,94UK,,,solar,rooftopInd_a,pvInd_a,capaConvLow,0.085,
,all,UK,95UK,,,solar,rooftopInd_a,pvInd_a,capaConvLow,0.0835,
,all,AT,49AT,,,solar,rooftopInd_b,pvInd_b,capaConvLow,0.1155,
,all,AT,50AT,,,solar,rooftopInd_b,pvInd_b,capaConvLow,0.1283,
,all,AT,51AT,,,solar,rooftopInd_b,pvInd_b,capaConvLow,0.1665,
,all,BE,28BE,,,solar,rooftopInd_b,pvInd_b,capaConvLow,1.0002,
,all,CH,47CH,,,solar,rooftopInd_b,pvInd_b,capaConvLow,0.1184,
,all,CH,48CH,,,solar,rooftopInd_b,pvInd_b,capaConvLow,0.0573,
,all,CZ,39CZ,,,solar,rooftopInd_b,pvInd_b,capaConvLow,0.0184,
,all,CZ,40CZ,,,solar,rooftopInd_b,pvInd_b,capaConvLow,0.0329,
,all,DE,31DE,,,solar,rooftopInd_b,pvInd_b,capaConvLow,0.2945,
,all,DE,32DE,,,solar,rooftopInd_b,pvInd_b,capaConvLow,0.2875,
,all,DE,33DE,,,solar,rooftopInd_b,pvInd_b,capaConvLow,0.3856,
,all,DE,34DE,,,solar,rooftopInd_b,pvInd_b,capaConvLow,0.2268,
,all,DE,35DE,,,solar,rooftopInd_b,pvInd_b,capaConvLow,0.4269,
,all,DE,36DE,,,solar,rooftopInd_b,pvInd_b,capaConvLow,0.3396,
,all,DE,37DE,,,solar,rooftopInd_b,pvInd_b,capaConvLow,0.4378,
,all,DK,38DK,,,solar,rooftopInd_b,pvInd_b,capaConvLow,0.1435,
,all,DK,72DK,,,solar,rooftopInd_b,pvInd_b,capaConvLow,0.0536,
,all,ES,01ES,,,solar,rooftopInd_b,pvInd_b,capaConvLow,0.0064,
,all,ES,02ES,,,solar,rooftopInd_b,pvInd_b,capaConvLow,0.0081,
,all,ES,03ES,,,solar,rooftopInd_b,pvInd_b,capaConvLow,0.0142,
,all,ES,06ES,,,solar,rooftopInd_b,pvInd_b,capaConvLow,0.0116,
,all,ES,08ES,,,solar,rooftopInd_b,pvInd_b,capaConvLow,0.0066,
,all,ES,09ES,,,solar,rooftopInd_b,pvInd_b,capaConvLow,0.023,
,all,ES,10ES,,,solar,rooftopInd_b,pvInd_b,capaConvLow,0.0077,
,all,ES,11ES,,,solar,rooftopInd_b,pvInd_b,capaConvLow,0.0208,
,all,FI,75FI,,,solar,rooftopInd_b,pvInd_b,capaConvLow,0.0126,
,all,FR,14FR,,,solar,rooftopInd_b,pvInd_b,capaConvLow,0.1294,
,all,FR,15FR,,,solar,rooftopInd_b,pvInd_b,capaConvLow,0.0582,
,all,FR,16FR,,,solar,rooftopInd_b,pvInd_b,capaConvLow,0.0451,
,all,FR,17FR,,,solar,rooftopInd_b,pvInd_b,capaConvLow,0.1008,
,all,FR,18FR,,,solar,rooftopInd_b,pvInd_b,capaConvLow,0.0874,
,all,FR,19FR,,,solar,rooftopInd_b,pvInd_b,capaConvLow,0.0281,
,all,FR,20FR,,,solar,rooftopInd_b,pvInd_b,capaConvLow,0.0058,
,all,FR,21FR,,,solar,rooftopInd_b,pvInd_b,capaConvLow,0.0684,
,all,FR,22FR,,,solar,rooftopInd_b,pvInd_b,capaConvLow,0.0221,
,all,FR,23FR,,,solar,rooftopInd_b,pvInd_b,capaConvLow,0.117,
,all,FR,24FR,,,solar,rooftopInd_b,pvInd_b,capaConvLow,0.0536,
,all,FR,25FR,,,solar,rooftopInd_b,pvInd_b,capaConvLow,0.0697,
,all,FR,26FR,,,solar,rooftopInd_b,pvInd_b,capaConvLow,0.078,
,all,FR,27FR,,,solar,rooftopInd_b,pvInd_b,capaConvLow,0.021,
,all,GR,68GR,,,solar,rooftopInd_b,pvInd_b,capaConvLow,0.0727,
,all,GR,69GR,,,solar,rooftopInd_b,pvInd_b,capaConvLow,0.129,
,all,HU,58HU,,,solar,rooftopInd_b,pvInd_b,capaConvLow,0.062,
,all,IE,96IE,,,solar,rooftopInd_b,pvInd_b,capaConvLow,0.0066,
,all,IT,52IT,,,solar,rooftopInd_b,pvInd_b,capaConvLow,1.7727,
,all,IT,53IT,,,solar,rooftopInd_b,pvInd_b,capaConvLow,0.1839,
,all,IT,54IT,,,solar,rooftopInd_b,pvInd_b,capaConvLow,0.4261,
,all,IT,55IT,,,solar,rooftopInd_b,pvInd_b,capaConvLow,0.3295,
,all,IT,56IT,,,solar,rooftopInd_b,pvInd_b,capaConvLow,0.2148,
,all,IT,98IT,,,solar,rooftopInd_b,pvInd_b,capaConvLow,0.0661,
,all,LU,29LU,,,solar,rooftopInd_b,pvInd_b,capaConvLow,0.0169,
,all,NL,30NL,,,solar,rooftopInd_b,pvInd_b,capaConvLow,0.676,
,all,PL,41PL,,,solar,rooftopInd_b,pvInd_b,capaConvLow,0.0105,
,all,PL,42PL,,,solar,rooftopInd_b,pvInd_b,capaConvLow,0.0102,
,all,PL,43PL,,,solar,rooftopInd_b,pvInd_b,capaConvLow,0.0067,
,all,PL,44PL,,,solar,rooftopInd_b,pvInd_b,capaConvLow,0.007,
,all,PL,45PL,,,solar,rooftopInd_b,pvInd_b,capaConvLow,0.0068,
,all,PT,12PT,,,solar,rooftopInd_b,pvInd_b,capaConvLow,0.0597,
,all,PT,13PT,,,solar,rooftopInd_b,pvInd_b,capaConvLow,0.0788,
,all,SE,88SE,,,solar,rooftopInd_b,pvInd_b,capaConvLow,0.052,
,all,SE,89SE,,,solar,rooftopInd_b,pvInd_b,capaConvLow,0.0117,
,all,SI,57SI,,,solar,rooftopInd_b,pvInd_b,capaConvLow,0.0097,
,all,SK,46SK,,,solar,rooftopInd_b,pvInd_b,capaConvLow,0.0182,
,all,UK,90UK,,,solar,rooftopInd_b,pvInd_b,capaConvLow,0.1769,
,all,UK,91UK,,,solar,rooftopInd_b,pvInd_b,capaConvLow,0.1009,
,all,UK,92UK,,,solar,rooftopInd_b,pvInd_b,capaConvLow,0.6938,
,all,UK,93UK,,,solar,rooftopInd_b,pvInd_b,capaConvLow,0.0892,
,all,UK,94UK,,,solar,rooftopInd_b,pvInd_b,capaConvLow,0.1073,
,all,UK,95UK,,,solar,rooftopInd_b,pvInd_b,capaConvLow,0.0182,
,all,AT,49AT,,,solar,openspace_a,pvOpenspace_a,capaConvLow,0.0088,
,all,AT,50AT,,,solar,openspace_a,pvOpenspace_a,capaConvLow,0.0189,
,all,AT,51AT,,,solar,openspace_a,pvOpenspace_a,capaConvLow,0.0311,
,all,BG,66BG,,,solar,openspace_a,pvOpenspace_a,capaConvLow,0.1036,
,all,CH,47CH,,,solar,openspace_a,pvOpenspace_a,capaConvLow,0.2843,
,all,CH,48CH,,,solar,openspace_a,pvOpenspace_a,capaConvLow,0.0524,
,all,CZ,39CZ,,,solar,openspace_a,pvOpenspace_a,capaConvLow,0.3951,
,all,CZ,40CZ,,,solar,openspace_a,pvOpenspace_a,capaConvLow,0.2868,
,all,DE,31DE,,,solar,openspace_a,pvOpenspace_a,capaConvLow,1.2656,
,all,DE,32DE,,,solar,openspace_a,pvOpenspace_a,capaConvLow,0.387,
,all,DE,33DE,,,solar,openspace_a,pvOpenspace_a,capaConvLow,0.0988,
,all,DE,34DE,,,solar,openspace_a,pvOpenspace_a,capaConvLow,1.0356,
,all,DE,35DE,,,solar,openspace_a,pvOpenspace_a,capaConvLow,0.2586,
,all,DE,36DE,,,solar,openspace_a,pvOpenspace_a,capaConvLow,0.5292,
,all,DE,37DE,,,solar,openspace_a,pvOpenspace_a,capaConvLow,1.108,
,all,DK,38DK,,,solar,openspace_a,pvOpenspace_a,capaConvLow,0.0433,
,all,DK,72DK,,,solar,openspace_a,pvOpenspace_a,capaConvLow,0.0388,
,all,ES,01ES,,,solar,openspace_a,pvOpenspace_a,capaConvLow,0.0454,
,all,ES,02ES,,,solar,openspace_a,pvOpenspace_a,capaConvLow,0.0756,
,all,ES,03ES,,,solar,openspace_a,pvOpenspace_a,capaConvLow,0.0276,
,all,ES,04ES,,,solar,openspace_a,pvOpenspace_a,capaConvLow,0.0384,
,all,ES,05ES,,,solar,openspace_a,pvOpenspace_a,capaConvLow,0.2705,
,all,ES,06ES,,,solar,openspace_a,pvOpenspace_a,capaConvLow,0.1118,
,all,ES,08ES,,,solar,openspace_a,pvOpenspace_a,capaConvLow,0.4391,
,all,ES,09ES,,,solar,openspace_a,pvOpenspace_a,capaConvLow,0.1603,
,all,ES,10ES,,,solar,openspace_a,pvOpenspace_a,capaConvLow,0.1446,
,all,ES,11ES,,,solar,openspace_a,pvOpenspace_a,capaConvLow,0.1294,
,all,FI,75FI,,,solar,openspace_a,pvOpenspace_a,capaConvLow,0.0115,
,all,FR,14FR,,,solar,openspace_a,pvOpenspace_a,capaConvLow,0.2828,
,all,FR,15FR,,,solar,openspace_a,pvOpenspace_a,capaConvLow,0.1437,
,all,FR,17FR,,,solar,openspace_a,pvOpenspace_a,capaConvLow,0.1316,
,all,FR,18FR,,,solar,openspace_a,pvOpenspace_a,capaConvLow,0.3072,
,all,FR,19FR,,,solar,openspace_a,pvOpenspace_a,capaConvLow,0.1076,
,all,FR,20FR,,,solar,openspace_a,pvOpenspace_a,capaConvLow,0.087,
,all,FR,21FR,,,solar,openspace_a,pvOpenspace_a,capaConvLow,0.2329,
,all,FR,22FR,,,solar,openspace_a,pvOpenspace_a,capaConvLow,0.1236,
,all,FR,23FR,,,solar,openspace_a,pvOpenspace_a,capaConvLow,0.0054,
,all,FR,24FR,,,solar,openspace_a,pvOpenspace_a,capaConvLow,0.1476,
,all,FR,25FR,,,solar,openspace_a,pvOpenspace_a,capaConvLow,0.1182,
,all,FR,26FR,,,solar,openspace_a,pvOpenspace_a,capaConvLow,0.2472,
,all,FR,27FR,,,solar,openspace_a,pvOpenspace_a,capaConvLow,0.1696,
,all,GR,68GR,,,solar,openspace_a,pvOpenspace_a,capaConvLow,0.0838,
,all,GR,69GR,,,solar,openspace_a,pvOpenspace_a,capaConvLow,0.0901,
,all,HR,62HR,,,solar,openspace_a,pvOpenspace_a,capaConvLow,0.0079,
,all,HU,58HU,,,solar,openspace_a,pvOpenspace_a,capaConvLow,0.0298,
,all,IT,52IT,,,solar,openspace_a,pvOpenspace_a,capaConvLow,0.3767,
,all,IT,53IT,,,solar,openspace_a,pvOpenspace_a,capaConvLow,0.2601,
,all,IT,54IT,,,solar,openspace_a,pvOpenspace_a,capaConvLow,0.2311,
,all,IT,55IT,,,solar,openspace_a,pvOpenspace_a,capaConvLow,0.1529,
,all,IT,56IT,,,solar,openspace_a,pvOpenspace_a,capaConvLow,0.2487,
,all,IT,98IT,,,solar,openspace_a,pvOpenspace_a,capaConvLow,0.1567,
,all,LU,29LU,,,solar,openspace_a,pvOpenspace_a,capaConvLow,0.0244,
,all,NL,30NL,,,solar,openspace_a,pvOpenspace_a,capaConvLow,0.3482,
,all,PL,41PL,,,solar,openspace_a,pvOpenspace_a,capaConvLow,0.0062,
,all,PL,42PL,,,solar,openspace_a,pvOpenspace_a,capaConvLow,0.0073,
,all,PT,12PT,,,solar,openspace_a,pvOpenspace_a,capaConvLow,0.2168,
,all,PT,13PT,,,solar,openspace_a,pvOpenspace_a,capaConvLow,0.3422,
,all,RO,59RO,,,solar,openspace_a,pvOpenspace_a,capaConvLow,0.1413,
,all,RO,60RO,,,solar,openspace_a,pvOpenspace_a,capaConvLow,0.3427,
,all,RO,61RO,,,solar,openspace_a,pvOpenspace_a,capaConvLow,0.0859,
,all,SE,88SE,,,solar,openspace_a,pvOpenspace_a,capaConvLow,0.1435,
,all,SE,89SE,,,solar,openspace_a,pvOpenspace_a,capaConvLow,0.0444,
,all,UK,90UK,,,solar,openspace_a,pvOpenspace_a,capaConvLow,1.665,
,all,UK,91UK,,,solar,openspace_a,pvOpenspace_a,capaConvLow,0.7708,
,all,UK,92UK,,,solar,openspace_a,pvOpenspace_a,capaConvLow,0.1603,
,all,UK,93UK,,,solar,openspace_a,pvOpenspace_a,capaConvLow,1.6596,
,all,UK,94UK,,,solar,openspace_a,pvOpenspace_a,capaConvLow,0.6238,
,all,UK,95UK,,,solar,openspace_a,pvOpenspace_a,capaConvLow,0.2895,
,all,AT,49AT,,,solar,openspace_b,pvOpenspace_b,capaConvLow,0.0065,
,all,BG,66BG,,,solar,openspace_b,pvOpenspace_b,capaConvLow,0.2297,
,all,CH,47CH,,,solar,openspace_b,pvOpenspace_b,capaConvLow,0.0246,
,all,CH,48CH,,,solar,openspace_b,pvOpenspace_b,capaConvLow,0.0175,
,all,CZ,39CZ,,,solar,openspace_b,pvOpenspace_b,capaConvLow,0.1104,
,all,CZ,40CZ,,,solar,openspace_b,pvOpenspace_b,capaConvLow,0.3033,
,all,DE,31DE,,,solar,openspace_b,pvOpenspace_b,capaConvLow,0.5165,
,all,DE,32DE,,,solar,openspace_b,pvOpenspace_b,capaConvLow,1.1201,
,all,DE,33DE,,,solar,openspace_b,pvOpenspace_b,capaConvLow,0.7379,
,all,DE,34DE,,,solar,openspace_b,pvOpenspace_b,capaConvLow,0.1125,
,all,DE,35DE,,,solar,openspace_b,pvOpenspace_b,capaConvLow,0.4326,
,all,DE,36DE,,,solar,openspace_b,pvOpenspace_b,capaConvLow,0.201,
,all,DE,37DE,,,solar,openspace_b,pvOpenspace_b,capaConvLow,0.5039,
,all,DK,38DK,,,solar,openspace_b,pvOpenspace_b,capaConvLow,0.1252,
,all,DK,72DK,,,solar,openspace_b,pvOpenspace_b,capaConvLow,0.0158,
,all,ES,01ES,,,solar,openspace_b,pvOpenspace_b,capaConvLow,0.0437,
,all,ES,02ES,,,solar,openspace_b,pvOpenspace_b,capaConvLow,0.3237,
,all,ES,03ES,,,solar,openspace_b,pvOpenspace_b,capaConvLow,0.3804,
,all,ES,04ES,,,solar,openspace_b,pvOpenspace_b,capaConvLow,0.0831,
,all,ES,05ES,,,solar,openspace_b,pvOpenspace_b,capaConvLow,0.1504,
,all,ES,06ES,,,solar,openspace_b,pvOpenspace_b,capaConvLow,0.0243,
,all,ES,07ES,,,solar,openspace_b,pvOpenspace_b,capaConvLow,0.0366,
,all,ES,08ES,,,solar,openspace_b,pvOpenspace_b,capaConvLow,0.0496,
,all,ES,09ES,,,solar,openspace_b,pvOpenspace_b,capaConvLow,0.2308,
,all,ES,10ES,,,solar,openspace_b,pvOpenspace_b,capaConvLow,0.1364,
,all,ES,11ES,,,solar,openspace_b,pvOpenspace_b,capaConvLow,0.0778,
,all,FR,14FR,,,solar,openspace_b,pvOpenspace_b,capaConvLow,0.0323,
,all,FR,15FR,,,solar,openspace_b,pvOpenspace_b,capaConvLow,0.1801,
,all,FR,16FR,,,solar,openspace_b,pvOpenspace_b,capaConvLow,0.085,
,all,FR,17FR,,,solar,openspace_b,pvOpenspace_b,capaConvLow,0.2377,
,all,FR,18FR,,,solar,openspace_b,pvOpenspace_b,capaConvLow,0.3298,
,all,FR,19FR,,,solar,openspace_b,pvOpenspace_b,capaConvLow,0.0334,
,all,FR,20FR,,,solar,openspace_b,pvOpenspace_b,capaConvLow,0.0125,
,all,FR,21FR,,,solar,openspace_b,pvOpenspace_b,capaConvLow,0.1796,
,all,FR,22FR,,,solar,openspace_b,pvOpenspace_b,capaConvLow,0.1506,
,all,FR,23FR,,,solar,openspace_b,pvOpenspace_b,capaConvLow,0.0238,
,all,FR,24FR,,,solar,openspace_b,pvOpenspace_b,capaConvLow,0.1884,
,all,FR,25FR,,,solar,openspace_b,pvOpenspace_b,capaConvLow,0.1457,
,all,FR,26FR,,,solar,openspace_b,pvOpenspace_b,capaConvLow,0.0549,
,all,FR,27FR,,,solar,openspace_b,pvOpenspace_b,capaConvLow,0.0117,
,all,FR,99FR,,,solar,openspace_b,pvOpenspace_b,capaConvLow,0.006,
,all,GR,68GR,,,solar,openspace_b,pvOpenspace_b,capaConvLow,0.2634,
,all,GR,69GR,,,solar,openspace_b,pvOpenspace_b,capaConvLow,0.0717,
,all,HU,58HU,,,solar,openspace_b,pvOpenspace_b,capaConvLow,0.0254,
,all,IE,96IE,,,solar,openspace_b,pvOpenspace_b,capaConvLow,0.0141,
,all,IT,52IT,,,solar,openspace_b,pvOpenspace_b,capaConvLow,0.0166,
,all,IT,53IT,,,solar,openspace_b,pvOpenspace_b,capaConvLow,0.1465,
,all,IT,54IT,,,solar,openspace_b,pvOpenspace_b,capaConvLow,0.0452,
,all,IT,55IT,,,solar,openspace_b,pvOpenspace_b,capaConvLow,0.2113,
,all,IT,56IT,,,solar,openspace_b,pvOpenspace_b,capaConvLow,0.0391,
,all,IT,98IT,,,solar,openspace_b,pvOpenspace_b,capaConvLow,0.1239,
,all,LT,77LT,,,solar,openspace_b,pvOpenspace_b,capaConvLow,0.0146,
,all,MK,67MK,,,solar,openspace_b,pvOpenspace_b,capaConvLow,0.006,
,all,NL,30NL,,,solar,openspace_b,pvOpenspace_b,capaConvLow,0.2919,
,all,PL,43PL,,,solar,openspace_b,pvOpenspace_b,capaConvLow,0.0063,
,all,PL,44PL,,,solar,openspace_b,pvOpenspace_b,capaConvLow,0.0068,
,all,PL,45PL,,,solar,openspace_b,pvOpenspace_b,capaConvLow,0.0057,
,all,PT,12PT,,,solar,openspace_b,pvOpenspace_b,capaConvLow,0.1025,
,all,PT,13PT,,,solar,openspace_b,pvOpenspace_b,capaConvLow,0.1467,
,all,RO,59RO,,,solar,openspace_b,pvOpenspace_b,capaConvLow,0.305,
,all,RO,60RO,,,solar,openspace_b,pvOpenspace_b,capaConvLow,0.0719,
,all,RO,61RO,,,solar,openspace_b,pvOpenspace_b,capaConvLow,0.3011,
,all,SE,88SE,,,solar,openspace_b,pvOpenspace_b,capaConvLow,0.0212,
,all,SE,89SE,,,solar,openspace_b,pvOpenspace_b,capaConvLow,0.0101,
,all,UK,90UK,,,solar,openspace_b,pvOpenspace_b,capaConvLow,0.1712,
,all,UK,91UK,,,solar,openspace_b,pvOpenspace_b,capaConvLow,1.2818,
,all,UK,92UK,,,solar,openspace_b,pvOpenspace_b,capaConvLow,0.3514,
,all,UK,93UK,,,solar,openspace_b,pvOpenspace_b,capaConvLow,0.1599,
,all,UK,94UK,,,solar,openspace_b,pvOpenspace_b,capaConvLow,0.4108,
,all,UK,95UK,,,solar,openspace_b,pvOpenspace_b,capaConvLow,0.0402,
,all,AT,50AT,,,solar,openspace_c,pvOpenspace_c,capaConvLow,0.03,
,all,AT,51AT,,,solar,openspace_c,pvOpenspace_c,capaConvLow,0.0177,
,all,BG,66BG,,,solar,openspace_c,pvOpenspace_c,capaConvLow,0.8629,
,all,CH,47CH,,,solar,openspace_c,pvOpenspace_c,capaConvLow,0.5073,
,all,CH,48CH,,,solar,openspace_c,pvOpenspace_c,capaConvLow,0.0264,
,all,CZ,39CZ,,,solar,openspace_c,pvOpenspace_c,capaConvLow,0.3416,
,all,CZ,40CZ,,,solar,openspace_c,pvOpenspace_c,capaConvLow,0.0626,
,all,DE,31DE,,,solar,openspace_c,pvOpenspace_c,capaConvLow,1.0616,
,all,DE,32DE,,,solar,openspace_c,pvOpenspace_c,capaConvLow,0.9183,
,all,DE,33DE,,,solar,openspace_c,pvOpenspace_c,capaConvLow,0.308,
,all,DE,34DE,,,solar,openspace_c,pvOpenspace_c,capaConvLow,0.5097,
,all,DE,35DE,,,solar,openspace_c,pvOpenspace_c,capaConvLow,0.536,
,all,DE,36DE,,,solar,openspace_c,pvOpenspace_c,capaConvLow,0.3144,
,all,DE,37DE,,,solar,openspace_c,pvOpenspace_c,capaConvLow,0.7856,
,all,DK,38DK,,,solar,openspace_c,pvOpenspace_c,capaConvLow,0.1072,
,all,DK,72DK,,,solar,openspace_c,pvOpenspace_c,capaConvLow,0.0058,
,all,EE,73EE,,,solar,openspace_c,pvOpenspace_c,capaConvLow,0.0055,
,all,ES,01ES,,,solar,openspace_c,pvOpenspace_c,capaConvLow,0.0835,
,all,ES,02ES,,,solar,openspace_c,pvOpenspace_c,capaConvLow,0.0154,
,all,ES,03ES,,,solar,openspace_c,pvOpenspace_c,capaConvLow,0.2809,
,all,ES,04ES,,,solar,openspace_c,pvOpenspace_c,capaConvLow,0.0308,
,all,ES,05ES,,,solar,openspace_c,pvOpenspace_c,capaConvLow,0.0152,
,all,ES,06ES,,,solar,openspace_c,pvOpenspace_c,capaConvLow,0.0762,
,all,ES,07ES,,,solar,openspace_c,pvOpenspace_c,capaConvLow,0.0086,
,all,ES,08ES,,,solar,openspace_c,pvOpenspace_c,capaConvLow,0.4428,
,all,ES,09ES,,,solar,openspace_c,pvOpenspace_c,capaConvLow,0.0295,
,all,ES,10ES,,,solar,openspace_c,pvOpenspace_c,capaConvLow,0.2439,
,all,ES,11ES,,,solar,openspace_c,pvOpenspace_c,capaConvLow,0.4683,
,all,FI,75FI,,,solar,openspace_c,pvOpenspace_c,capaConvLow,0.0192,
,all,FR,14FR,,,solar,openspace_c,pvOpenspace_c,capaConvLow,0.2442,
,all,FR,15FR,,,solar,openspace_c,pvOpenspace_c,capaConvLow,0.07,
,all,FR,16FR,,,solar,openspace_c,pvOpenspace_c,capaConvLow,0.0513,
,all,FR,17FR,,,solar,openspace_c,pvOpenspace_c,capaConvLow,0.3213,
,all,FR,18FR,,,solar,openspace_c,pvOpenspace_c,capaConvLow,0.105,
,all,FR,19FR,,,solar,openspace_c,pvOpenspace_c,capaConvLow,0.0338,
,all,FR,20FR,,,solar,openspace_c,pvOpenspace_c,capaConvLow,0.0946,
,all,FR,21FR,,,solar,openspace_c,pvOpenspace_c,capaConvLow,0.0968,
,all,FR,22FR,,,solar,openspace_c,pvOpenspace_c,capaConvLow,0.0325,
,all,FR,23FR,,,solar,openspace_c,pvOpenspace_c,capaConvLow,0.0075,
,all,FR,24FR,,,solar,openspace_c,pvOpenspace_c,capaConvLow,0.078,
,all,FR,25FR,,,solar,openspace_c,pvOpenspace_c,capaConvLow,0.0842,
,all,FR,26FR,,,solar,openspace_c,pvOpenspace_c,capaConvLow,0.0832,
,all,FR,27FR,,,solar,openspace_c,pvOpenspace_c,capaConvLow,0.0143,
,all,FR,99FR,,,solar,openspace_c,pvOpenspace_c,capaConvLow,0.006,
,all,GR,68GR,,,solar,openspace_c,pvOpenspace_c,capaConvLow,0.0391,
,all,GR,69GR,,,solar,openspace_c,pvOpenspace_c,capaConvLow,0.1813,
,all,HU,58HU,,,solar,openspace_c,pvOpenspace_c,capaConvLow,0.0425,
,all,IE,96IE,,,solar,openspace_c,pvOpenspace_c,capaConvLow,0.0091,
,all,IT,52IT,,,solar,openspace_c,pvOpenspace_c,capaConvLow,1.0071,
,all,IT,53IT,,,solar,openspace_c,pvOpenspace_c,capaConvLow,0.1393,
,all,IT,54IT,,,solar,openspace_c,pvOpenspace_c,capaConvLow,0.317,
,all,IT,55IT,,,solar,openspace_c,pvOpenspace_c,capaConvLow,0.5317,
,all,IT,56IT,,,solar,openspace_c,pvOpenspace_c,capaConvLow,0.172,
,all,IT,98IT,,,solar,openspace_c,pvOpenspace_c,capaConvLow,0.0155,
,all,LT,77LT,,,solar,openspace_c,pvOpenspace_c,capaConvLow,0.0065,
,all,LU,29LU,,,solar,openspace_c,pvOpenspace_c,capaConvLow,0.02,
,all,NL,30NL,,,solar,openspace_c,pvOpenspace_c,capaConvLow,0.104,
,all,PL,41PL,,,solar,openspace_c,pvOpenspace_c,capaConvLow,0.0092,
,all,PL,42PL,,,solar,openspace_c,pvOpenspace_c,capaConvLow,0.0055,
,all,PL,44PL,,,solar,openspace_c,pvOpenspace_c,capaConvLow,0.009,
,all,PL,45PL,,,solar,openspace_c,pvOpenspace_c,capaConvLow,0.0061,
,all,PT,12PT,,,solar,openspace_c,pvOpenspace_c,capaConvLow,0.1019,
,all,PT,13PT,,,solar,openspace_c,pvOpenspace_c,capaConvLow,0.187,
,all,RO,59RO,,,solar,openspace_c,pvOpenspace_c,capaConvLow,0.0224,
,all,RO,60RO,,,solar,openspace_c,pvOpenspace_c,capaConvLow,0.0214,
,all,RO,61RO,,,solar,openspace_c,pvOpenspace_c,capaConvLow,0.168,
,all,SE,88SE,,,solar,openspace_c,pvOpenspace_c,capaConvLow,0.0212,
,all,SE,89SE,,,solar,openspace_c,pvOpenspace_c,capaConvLow,0.0092,
,all,UK,90UK,,,solar,openspace_c,pvOpenspace_c,capaConvLow,0.5704,
,all,UK,91UK,,,solar,openspace_c,pvOpenspace_c,capaConvLow,0.1193,
,all,UK,92UK,,,solar,openspace_c,pvOpenspace_c,capaConvLow,1.5883,
,all,UK,93UK,,,solar,openspace_c,pvOpenspace_c,capaConvLow,0.6585,
,all,UK,94UK,,,solar,openspace_c,pvOpenspace_c,capaConvLow,0.0392,
,all,UK,95UK,,,solar,openspace_c,pvOpenspace_c,capaConvLow,0.0376,
,all,AT,49AT,,,solar,rooftopResi_a,pvResi_a,capaConvLow,0.1211,
,all,AT,50AT,,,solar,rooftopResi_a,pvResi_a,capaConvLow,0.2022,
,all,AT,51AT,,,solar,rooftopResi_a,pvResi_a,capaConvLow,0.1991,
,all,BE,28BE,,,solar,rooftopResi_a,pvResi_a,capaConvLow,0.6438,
,all,BG,66BG,,,solar,rooftopResi_a,pvResi_a,capaConvLow,0.0262,
,all,CH,47CH,,,solar,rooftopResi_a,pvResi_a,capaConvLow,0.3009,
,all,CH,48CH,,,solar,rooftopResi_a,pvResi_a,capaConvLow,0.1455,
,all,CZ,39CZ,,,solar,rooftopResi_a,pvResi_a,capaConvLow,0.2773,
,all,CZ,40CZ,,,solar,rooftopResi_a,pvResi_a,capaConvLow,0.2142,
,all,DE,31DE,,,solar,rooftopResi_a,pvResi_a,capaConvLow,1.3207,
,all,DE,32DE,,,solar,rooftopResi_a,pvResi_a,capaConvLow,1.2461,
,all,DE,33DE,,,solar,rooftopResi_a,pvResi_a,capaConvLow,3.5297,
,all,DE,34DE,,,solar,rooftopResi_a,pvResi_a,capaConvLow,2.9967,
,all,DE,35DE,,,solar,rooftopResi_a,pvResi_a,capaConvLow,1.8382,
,all,DE,36DE,,,solar,rooftopResi_a,pvResi_a,capaConvLow,1.4551,
,all,DE,37DE,,,solar,rooftopResi_a,pvResi_a,capaConvLow,2.4115,
,all,DK,38DK,,,solar,rooftopResi_a,pvResi_a,capaConvLow,0.0765,
,all,DK,72DK,,,solar,rooftopResi_a,pvResi_a,capaConvLow,0.0526,
,all,EE,73EE,,,solar,rooftopResi_a,pvResi_a,capaConvLow,0.0111,
,all,ES,01ES,,,solar,rooftopResi_a,pvResi_a,capaConvLow,0.0347,
,all,ES,02ES,,,solar,rooftopResi_a,pvResi_a,capaConvLow,0.0331,
,all,ES,03ES,,,solar,rooftopResi_a,pvResi_a,capaConvLow,0.058,
,all,ES,04ES,,,solar,rooftopResi_a,pvResi_a,capaConvLow,0.0176,
,all,ES,06ES,,,solar,rooftopResi_a,pvResi_a,capaConvLow,0.0474,
,all,ES,07ES,,,solar,rooftopResi_a,pvResi_a,capaConvLow,0.0728,
,all,ES,08ES,,,solar,rooftopResi_a,pvResi_a,capaConvLow,0.0486,
,all,ES,09ES,,,solar,rooftopResi_a,pvResi_a,capaConvLow,0.0944,
,all,ES,10ES,,,solar,rooftopResi_a,pvResi_a,capaConvLow,0.0281,
,all,ES,11ES,,,solar,rooftopResi_a,pvResi_a,capaConvLow,0.0852,
,all,FI,75FI,,,solar,rooftopResi_a,pvResi_a,capaConvLow,0.0407,
,all,FR,14FR,,,solar,rooftopResi_a,pvResi_a,capaConvLow,0.2845,
,all,FR,15FR,,,solar,rooftopResi_a,pvResi_a,capaConvLow,0.1016,
,all,FR,16FR,,,solar,rooftopResi_a,pvResi_a,capaConvLow,0.2436,
,all,FR,17FR,,,solar,rooftopResi_a,pvResi_a,capaConvLow,0.2269,
,all,FR,18FR,,,solar,rooftopResi_a,pvResi_a,capaConvLow,0.1618,
,all,FR,19FR,,,solar,rooftopResi_a,pvResi_a,capaConvLow,0.0618,
,all,FR,20FR,,,solar,rooftopResi_a,pvResi_a,capaConvLow,0.1181,
,all,FR,21FR,,,solar,rooftopResi_a,pvResi_a,capaConvLow,0.1505,
,all,FR,22FR,,,solar,rooftopResi_a,pvResi_a,capaConvLow,0.1338,
,all,FR,23FR,,,solar,rooftopResi_a,pvResi_a,capaConvLow,0.2572,
,all,FR,24FR,,,solar,rooftopResi_a,pvResi_a,capaConvLow,0.0882,
,all,FR,25FR,,,solar,rooftopResi_a,pvResi_a,capaConvLow,0.1533,
,all,FR,26FR,,,solar,rooftopResi_a,pvResi_a,capaConvLow,0.1715,
,all,FR,27FR,,,solar,rooftopResi_a,pvResi_a,capaConvLow,0.02,
,all,FR,99FR,,,solar,rooftopResi_a,pvResi_a,capaConvLow,0.0145,
,all,GR,68GR,,,solar,rooftopResi_a,pvResi_a,capaConvLow,0.3061,
,all,GR,69GR,,,solar,rooftopResi_a,pvResi_a,capaConvLow,0.5436,
,all,HR,62HR,,,solar,rooftopResi_a,pvResi_a,capaConvLow,0.0102,
,all,HU,58HU,,,solar,rooftopResi_a,pvResi_a,capaConvLow,0.2276,
,all,IE,96IE,,,solar,rooftopResi_a,pvResi_a,capaConvLow,0.0161,
,all,IT,52IT,,,solar,rooftopResi_a,pvResi_a,capaConvLow,0.7363,
,all,IT,53IT,,,solar,rooftopResi_a,pvResi_a,capaConvLow,0.5911,
,all,IT,54IT,,,solar,rooftopResi_a,pvResi_a,capaConvLow,1.368,
,all,IT,55IT,,,solar,rooftopResi_a,pvResi_a,capaConvLow,1.0579,
,all,IT,56IT,,,solar,rooftopResi_a,pvResi_a,capaConvLow,0.6932,
,all,IT,98IT,,,solar,rooftopResi_a,pvResi_a,capaConvLow,0.2305,
,all,LT,77LT,,,solar,rooftopResi_a,pvResi_a,capaConvLow,0.0124,
,all,LU,29LU,,,solar,rooftopResi_a,pvResi_a,capaConvLow,0.0428,
,all,MK,67MK,,,solar,rooftopResi_a,pvResi_a,capaConvLow,0.0065,
,all,NL,30NL,,,solar,rooftopResi_a,pvResi_a,capaConvLow,0.9302,
,all,PL,41PL,,,solar,rooftopResi_a,pvResi_a,capaConvLow,0.0253,
,all,PL,42PL,,,solar,rooftopResi_a,pvResi_a,capaConvLow,0.0245,
,all,PL,43PL,,,solar,rooftopResi_a,pvResi_a,capaConvLow,0.0232,
,all,PL,44PL,,,solar,rooftopResi_a,pvResi_a,capaConvLow,0.0255,
,all,PL,45PL,,,solar,rooftopResi_a,pvResi_a,capaConvLow,0.0164,
,all,PT,12PT,,,solar,rooftopResi_a,pvResi_a,capaConvLow,0.1365,
,all,PT,13PT,,,solar,rooftopResi_a,pvResi_a,capaConvLow,0.0921,
,all,SE,88SE,,,solar,rooftopResi_a,pvResi_a,capaConvLow,0.1202,
,all,SE,89SE,,,solar,rooftopResi_a,pvResi_a,capaConvLow,0.0469,
,all,SI,57SI,,,solar,rooftopResi_a,pvResi_a,capaConvLow,0.2349,
,all,SK,46SK,,,solar,rooftopResi_a,pvResi_a,capaConvLow,0.1814,
,all,UK,90UK,,,solar,rooftopResi_a,pvResi_a,capaConvLow,0.2079,
,all,UK,91UK,,,solar,rooftopResi_a,pvResi_a,capaConvLow,0.1187,
,all,UK,92UK,,,solar,rooftopResi_a,pvResi_a,capaConvLow,0.3604,
,all,UK,93UK,,,solar,rooftopResi_a,pvResi_a,capaConvLow,0.105,
,all,UK,94UK,,,solar,rooftopResi_a,pvResi_a,capaConvLow,0.1267,
,all,UK,95UK,,,solar,rooftopResi_a,pvResi_a,capaConvLow,0.0832,
,all,AT,49AT,,,solar,rooftopResi_b,pvResi_b,capaConvLow,0.1232,
,all,AT,50AT,,,solar,rooftopResi_b,pvResi_b,capaConvLow,0.1283,
,all,AT,51AT,,,solar,rooftopResi_b,pvResi_b,capaConvLow,0.1665,
,all,BE,28BE,,,solar,rooftopResi_b,pvResi_b,capaConvLow,0.9335,
,all,BG,66BG,,,solar,rooftopResi_b,pvResi_b,capaConvLow,0.061,
,all,CH,47CH,,,solar,rooftopResi_b,pvResi_b,capaConvLow,0.7181,
,all,CH,48CH,,,solar,rooftopResi_b,pvResi_b,capaConvLow,0.0468,
,all,CZ,39CZ,,,solar,rooftopResi_b,pvResi_b,capaConvLow,0.1227,
,all,CZ,40CZ,,,solar,rooftopResi_b,pvResi_b,capaConvLow,0.15,
,all,DE,31DE,,,solar,rooftopResi_b,pvResi_b,capaConvLow,1.8,
,all,DE,32DE,,,solar,rooftopResi_b,pvResi_b,capaConvLow,1.8824,
,all,DE,33DE,,,solar,rooftopResi_b,pvResi_b,capaConvLow,1.6525,
,all,DE,34DE,,,solar,rooftopResi_b,pvResi_b,capaConvLow,1.1709,
,all,DE,35DE,,,solar,rooftopResi_b,pvResi_b,capaConvLow,1.9535,
,all,DE,36DE,,,solar,rooftopResi_b,pvResi_b,capaConvLow,1.9191,
,all,DE,37DE,,,solar,rooftopResi_b,pvResi_b,capaConvLow,1.8763,
,all,DK,38DK,,,solar,rooftopResi_b,pvResi_b,capaConvLow,0.0732,
,all,DK,72DK,,,solar,rooftopResi_b,pvResi_b,capaConvLow,0.0253,
,all,ES,01ES,,,solar,rooftopResi_b,pvResi_b,capaConvLow,0.0261,
,all,ES,02ES,,,solar,rooftopResi_b,pvResi_b,capaConvLow,0.0416,
,all,ES,03ES,,,solar,rooftopResi_b,pvResi_b,capaConvLow,0.0057,
,all,ES,04ES,,,solar,rooftopResi_b,pvResi_b,capaConvLow,0.026,
,all,ES,05ES,,,solar,rooftopResi_b,pvResi_b,capaConvLow,0.0274,
,all,ES,06ES,,,solar,rooftopResi_b,pvResi_b,capaConvLow,0.0811,
,all,ES,07ES,,,solar,rooftopResi_b,pvResi_b,capaConvLow,0.0109,
,all,ES,08ES,,,solar,rooftopResi_b,pvResi_b,capaConvLow,0.027,
,all,ES,09ES,,,solar,rooftopResi_b,pvResi_b,capaConvLow,0.0124,
,all,ES,10ES,,,solar,rooftopResi_b,pvResi_b,capaConvLow,0.0313,
,all,ES,11ES,,,solar,rooftopResi_b,pvResi_b,capaConvLow,0.0967,
,all,FR,14FR,,,solar,rooftopResi_b,pvResi_b,capaConvLow,0.2031,
,all,FR,15FR,,,solar,rooftopResi_b,pvResi_b,capaConvLow,0.128,
,all,FR,16FR,,,solar,rooftopResi_b,pvResi_b,capaConvLow,0.0991,
,all,FR,17FR,,,solar,rooftopResi_b,pvResi_b,capaConvLow,0.2218,
,all,FR,18FR,,,solar,rooftopResi_b,pvResi_b,capaConvLow,0.1916,
,all,FR,19FR,,,solar,rooftopResi_b,pvResi_b,capaConvLow,0.1611,
,all,FR,20FR,,,solar,rooftopResi_b,pvResi_b,capaConvLow,0.1,
,all,FR,21FR,,,solar,rooftopResi_b,pvResi_b,capaConvLow,0.2704,
,all,FR,22FR,,,solar,rooftopResi_b,pvResi_b,capaConvLow,0.0485,
,all,FR,23FR,,,solar,rooftopResi_b,pvResi_b,capaConvLow,0.0347,
,all,FR,24FR,,,solar,rooftopResi_b,pvResi_b,capaConvLow,0.1299,
,all,FR,25FR,,,solar,rooftopResi_b,pvResi_b,capaConvLow,0.2629,
,all,FR,26FR,,,solar,rooftopResi_b,pvResi_b,capaConvLow,0.2921,
,all,FR,27FR,,,solar,rooftopResi_b,pvResi_b,capaConvLow,0.0469,
,all,FR,99FR,,,solar,rooftopResi_b,pvResi_b,capaConvLow,0.0171,
,all,GR,68GR,,,solar,rooftopResi_b,pvResi_b,capaConvLow,0.4158,
,all,GR,69GR,,,solar,rooftopResi_b,pvResi_b,capaConvLow,0.3277,
,all,HU,58HU,,,solar,rooftopResi_b,pvResi_b,capaConvLow,0.2825,
,all,IE,96IE,,,solar,rooftopResi_b,pvResi_b,capaConvLow,0.0166,
,all,IT,52IT,,,solar,rooftopResi_b,pvResi_b,capaConvLow,5.6913,
,all,IT,53IT,,,solar,rooftopResi_b,pvResi_b,capaConvLow,0.6972,
,all,IT,54IT,,,solar,rooftopResi_b,pvResi_b,capaConvLow,0.5595,
,all,IT,55IT,,,solar,rooftopResi_b,pvResi_b,capaConvLow,0.3758,
,all,IT,56IT,,,solar,rooftopResi_b,pvResi_b,capaConvLow,0.4902,
,all,IT,98IT,,,solar,rooftopResi_b,pvResi_b,capaConvLow,0.2905,
,all,LT,77LT,,,solar,rooftopResi_b,pvResi_b,capaConvLow,0.0204,
,all,LU,29LU,,,solar,rooftopResi_b,pvResi_b,capaConvLow,0.0225,
,all,MK,67MK,,,solar,rooftopResi_b,pvResi_b,capaConvLow,0.0086,
,all,NL,30NL,,,solar,rooftopResi_b,pvResi_b,capaConvLow,0.3827,
,all,PL,41PL,,,solar,rooftopResi_b,pvResi_b,capaConvLow,0.0184,
,all,PL,42PL,,,solar,rooftopResi_b,pvResi_b,capaConvLow,0.0164,
,all,PL,43PL,,,solar,rooftopResi_b,pvResi_b,capaConvLow,0.016,
,all,PL,44PL,,,solar,rooftopResi_b,pvResi_b,capaConvLow,0.0162,
,all,PL,45PL,,,solar,rooftopResi_b,pvResi_b,capaConvLow,0.011,
,all,PT,12PT,,,solar,rooftopResi_b,pvResi_b,capaConvLow,0.0694,
,all,PT,13PT,,,solar,rooftopResi_b,pvResi_b,capaConvLow,0.089,
,all,SE,88SE,,,solar,rooftopResi_b,pvResi_b,capaConvLow,0.1321,
,all,SE,89SE,,,solar,rooftopResi_b,pvResi_b,capaConvLow,0.0297,
,all,SI,57SI,,,solar,rooftopResi_b,pvResi_b,capaConvLow,0.0228,
,all,SK,46SK,,,solar,rooftopResi_b,pvResi_b,capaConvLow,0.3454,
,all,UK,90UK,,,solar,rooftopResi_b,pvResi_b,capaConvLow,0.9399,
,all,UK,91UK,,,solar,rooftopResi_b,pvResi_b,capaConvLow,0.204,
,all,UK,92UK,,,solar,rooftopResi_b,pvResi_b,capaConvLow,0.8383,
,all,UK,93UK,,,solar,rooftopResi_b,pvResi_b,capaConvLow,0.2444,
,all,UK,94UK,,,solar,rooftopResi_b,pvResi_b,capaConvLow,0.0996,
,all,UK,95UK,,,solar,rooftopResi_b,pvResi_b,capaConvLow,0.0365,
,all,BE,28BE,,,wind,offshore,offshore_a,capaConvLow,1.155,
,all,DE,32DE,,,wind,offshore,offshore_a,capaConvLow,7.2589,
,all,DK,72DK,,,wind,offshore,offshore_a,capaConvLow,2.0787,
,all,FI,74FI,,,wind,offshore,offshore_a,capaConvLow,0.1525,
,all,FI,75FI,,,wind,offshore,offshore_a,capaConvLow,0.1525,
,all,FR,14FR,,,wind,offshore,offshore_a,capaConvLow,0.1103,
,all,FR,15FR,,,wind,offshore,offshore_a,capaConvLow,0.0276,
,all,FR,16FR,,,wind,offshore,offshore_a,capaConvLow,0.0276,
,all,FR,17FR,,,wind,offshore,offshore_a,capaConvLow,0.1103,
,all,FR,21FR,,,wind,offshore,offshore_a,capaConvLow,0.1103,
,all,FR,22FR,,,wind,offshore,offshore_a,capaConvLow,0.1103,
,all,FR,26FR,,,wind,offshore,offshore_a,capaConvLow,0.1103,
,all,FR,99FR,,,wind,offshore,offshore_a,capaConvLow,0.0276,
,all,NL,30NL,,,wind,offshore,offshore_a,capaConvLow,0.2968,
,all,PT,12PT,,,wind,offshore,offshore_a,capaConvLow,0.0063,
,all,PT,13PT,,,wind,offshore,offshore_a,capaConvLow,0.0063,
,all,SE,86SE,,,wind,offshore,offshore_a,capaConvLow,0.0345,
,all,SE,87SE,,,wind,offshore,offshore_a,capaConvLow,0.0345,
,all,SE,88SE,,,wind,offshore,offshore_a,capaConvLow,0.0345,
,all,UK,91UK,,,wind,offshore,offshore_a,capaConvLow,1.0903,
,all,UK,92UK,,,wind,offshore,offshore_a,capaConvLow,1.0903,
,all,UK,95UK,,,wind,offshore,offshore_a,capaConvLow,1.0903,
,all,BE,28BE,,,wind,offshore,offshore_b,capaConvLow,1.155,
,all,DE,32DE,,,wind,offshore,offshore_b,capaConvLow,0.0052,
,all,DK,72DK,,,wind,offshore,offshore_b,capaConvLow,0.1934,
,all,FI,74FI,,,wind,offshore,offshore_b,capaConvLow,0.0476,
,all,FI,75FI,,,wind,offshore,offshore_b,capaConvLow,0.0476,
,all,FR,14FR,,,wind,offshore,offshore_b,capaConvLow,0.0637,
,all,FR,15FR,,,wind,offshore,offshore_b,capaConvLow,0.016,
,all,FR,16FR,,,wind,offshore,offshore_b,capaConvLow,0.016,
,all,FR,17FR,,,wind,offshore,offshore_b,capaConvLow,0.0637,
,all,FR,21FR,,,wind,offshore,offshore_b,capaConvLow,0.0637,
,all,FR,22FR,,,wind,offshore,offshore_b,capaConvLow,0.0637,
,all,FR,26FR,,,wind,offshore,offshore_b,capaConvLow,0.0637,
,all,FR,99FR,,,wind,offshore,offshore_b,capaConvLow,0.016,
,all,NL,30NL,,,wind,offshore,offshore_b,capaConvLow,2.0774,
,all,PT,12PT,,,wind,offshore,offshore_b,capaConvLow,0.0113,
,all,PT,13PT,,,wind,offshore,offshore_b,capaConvLow,0.0113,
,all,SE,86SE,,,wind,offshore,offshore_b,capaConvLow,0.029,
,all,SE,87SE,,,wind,offshore,offshore_b,capaConvLow,0.029,
,all,SE,88SE,,,wind,offshore,offshore_b,capaConvLow,0.029,
,all,UK,91UK,,,wind,offshore,offshore_b,capaConvLow,1.6531,
,all,UK,92UK,,,wind,offshore,offshore_b,capaConvLow,1.6531,
,all,UK,95UK,,,wind,offshore,offshore_b,capaConvLow,1.6531,
,all,AT,49AT,,,wind,onshore,onshore_a,capaConvLow,0.2124,
,all,AT,50AT,,,wind,onshore,onshore_a,capaConvLow,0.5898,
,all,AT,51AT,,,wind,onshore,onshore_a,capaConvLow,0.5552,
,all,BA,63BA,,,wind,onshore,onshore_a,capaConvLow,0.0365,
,all,BE,28BE,,,wind,onshore,onshore_a,capaConvLow,1.4301,
,all,BG,66BG,,,wind,onshore,onshore_a,capaConvLow,0.3318,
,all,CH,47CH,,,wind,onshore,onshore_a,capaConvLow,0.0178,
,all,CZ,39CZ,,,wind,onshore,onshore_a,capaConvLow,0.0845,
,all,CZ,40CZ,,,wind,onshore,onshore_a,capaConvLow,0.0565,
,all,DE,31DE,,,wind,onshore,onshore_a,capaConvLow,6.7652,
,all,DE,32DE,,,wind,onshore,onshore_a,capaConvLow,3.6849,
,all,DE,33DE,,,wind,onshore,onshore_a,capaConvLow,3.5775,
,all,DE,34DE,,,wind,onshore,onshore_a,capaConvLow,3.9218,
,all,DE,35DE,,,wind,onshore,onshore_a,capaConvLow,1.4452,
,all,DE,36DE,,,wind,onshore,onshore_a,capaConvLow,1.4668,
,all,DE,37DE,,,wind,onshore,onshore_a,capaConvLow,3.6396,
,all,DK,38DK,,,wind,onshore,onshore_a,capaConvLow,2.1242,
,all,DK,72DK,,,wind,onshore,onshore_a,capaConvLow,0.7039,
,all,EE,73EE,,,wind,onshore,onshore_a,capaConvLow,0.1249,
,all,ES,01ES,,,wind,onshore,onshore_a,capaConvLow,0.2644,
,all,ES,02ES,,,wind,onshore,onshore_a,capaConvLow,1.2817,
,all,ES,03ES,,,wind,onshore,onshore_a,capaConvLow,1.1803,
,all,ES,04ES,,,wind,onshore,onshore_a,capaConvLow,0.2141,
,all,ES,05ES,,,wind,onshore,onshore_a,capaConvLow,0.358,
,all,ES,06ES,,,wind,onshore,onshore_a,capaConvLow,0.5607,
,all,ES,07ES,,,wind,onshore,onshore_a,capaConvLow,0.0392,
,all,ES,08ES,,,wind,onshore,onshore_a,capaConvLow,2.8486,
,all,ES,09ES,,,wind,onshore,onshore_a,capaConvLow,1.1696,
,all,ES,10ES,,,wind,onshore,onshore_a,capaConvLow,0.2893,
,all,ES,11ES,,,wind,onshore,onshore_a,capaConvLow,0.9359,
,all,FI,74FI,,,wind,onshore,onshore_a,capaConvLow,0.0397,
,all,FI,75FI,,,wind,onshore,onshore_a,capaConvLow,0.3924,
,all,FR,14FR,,,wind,onshore,onshore_a,capaConvLow,0.3018,
,all,FR,15FR,,,wind,onshore,onshore_a,capaConvLow,0.694,
,all,FR,16FR,,,wind,onshore,onshore_a,capaConvLow,0.0939,
,all,FR,17FR,,,wind,onshore,onshore_a,capaConvLow,0.9605,
,all,FR,18FR,,,wind,onshore,onshore_a,capaConvLow,0.8946,
,all,FR,19FR,,,wind,onshore,onshore_a,capaConvLow,0.1966,
,all,FR,20FR,,,wind,onshore,onshore_a,capaConvLow,0.1657,
,all,FR,21FR,,,wind,onshore,onshore_a,capaConvLow,0.767,
,all,FR,22FR,,,wind,onshore,onshore_a,capaConvLow,0.5758,
,all,FR,23FR,,,wind,onshore,onshore_a,capaConvLow,0.0592,
,all,FR,24FR,,,wind,onshore,onshore_a,capaConvLow,0.2372,
,all,FR,25FR,,,wind,onshore,onshore_a,capaConvLow,0.4868,
,all,FR,26FR,,,wind,onshore,onshore_a,capaConvLow,0.2247,
,all,FR,27FR,,,wind,onshore,onshore_a,capaConvLow,0.0851,
,all,FR,99FR,,,wind,onshore,onshore_a,capaConvLow,0.0501,
,all,GR,68GR,,,wind,onshore,onshore_a,capaConvLow,0.7391,
,all,GR,69GR,,,wind,onshore,onshore_a,capaConvLow,0.4336,
,all,HR,62HR,,,wind,onshore,onshore_a,capaConvLow,0.2849,
,all,HU,58HU,,,wind,onshore,onshore_a,capaConvLow,0.1427,
,all,IE,96IE,,,wind,onshore,onshore_a,capaConvLow,2.0757,
,all,IT,52IT,,,wind,onshore,onshore_a,capaConvLow,0.1785,
,all,IT,53IT,,,wind,onshore,onshore_a,capaConvLow,0.1568,
,all,IT,54IT,,,wind,onshore,onshore_a,capaConvLow,0.6969,
,all,IT,55IT,,,wind,onshore,onshore_a,capaConvLow,1.3465,
,all,IT,56IT,,,wind,onshore,onshore_a,capaConvLow,0.3492,
,all,IT,98IT,,,wind,onshore,onshore_a,capaConvLow,0.171,
,all,LT,77LT,,,wind,onshore,onshore_a,capaConvLow,0.2957,
,all,LU,29LU,,,wind,onshore,onshore_a,capaConvLow,0.0741,
,all,LV,78LV,,,wind,onshore,onshore_a,capaConvLow,0.0176,
,all,ME,64ME,,,wind,onshore,onshore_a,capaConvLow,0.078,
,all,MK,67MK,,,wind,onshore,onshore_a,capaConvLow,0.0099,
,all,NL,30NL,,,wind,onshore,onshore_a,capaConvLow,1.9504,
,all,NO,79NO,,,wind,onshore,onshore_a,capaConvLow,0.0568,
,all,NO,80NO,,,wind,onshore,onshore_a,capaConvLow,0.047,
,all,NO,81NO,,,wind,onshore,onshore_a,capaConvLow,0.0626,
,all,NO,82NO,,,wind,onshore,onshore_a,capaConvLow,0.2013,
,all,NO,83NO,,,wind,onshore,onshore_a,capaConvLow,0.0666,
,all,NO,84NO,,,wind,onshore,onshore_a,capaConvLow,0.2363,
,all,NO,85NO,,,wind,onshore,onshore_a,capaConvLow,0.146,
,all,PL,41PL,,,wind,onshore,onshore_a,capaConvLow,0.1445,
,all,PL,42PL,,,wind,onshore,onshore_a,capaConvLow,0.1492,
,all,PL,43PL,,,wind,onshore,onshore_a,capaConvLow,0.4556,
,all,PL,44PL,,,wind,onshore,onshore_a,capaConvLow,0.9908,
,all,PL,45PL,,,wind,onshore,onshore_a,capaConvLow,0.8827,
,all,PT,12PT,,,wind,onshore,onshore_a,capaConvLow,0.5071,
,all,PT,13PT,,,wind,onshore,onshore_a,capaConvLow,1.1832,
,all,RO,59RO,,,wind,onshore,onshore_a,capaConvLow,0.3217,
,all,RO,60RO,,,wind,onshore,onshore_a,capaConvLow,0.2622,
,all,RO,61RO,,,wind,onshore,onshore_a,capaConvLow,0.7495,
,all,RS,65RS,,,wind,onshore,onshore_a,capaConvLow,0.2945,
,all,SE,86SE,,,wind,onshore,onshore_a,capaConvLow,1.3703,
,all,SE,87SE,,,wind,onshore,onshore_a,capaConvLow,0.2822,
,all,SE,88SE,,,wind,onshore,onshore_a,capaConvLow,0.4407,
,all,SE,89SE,,,wind,onshore,onshore_a,capaConvLow,0.4792,
,all,SI,57SI,,,wind,onshore,onshore_a,capaConvLow,0.0176,
,all,SK,46SK,,,wind,onshore,onshore_a,capaConvLow,0.0146,
,all,UK,90UK,,,wind,onshore,onshore_a,capaConvLow,0.2233,
,all,UK,91UK,,,wind,onshore,onshore_a,capaConvLow,2.8157,
,all,UK,92UK,,,wind,onshore,onshore_a,capaConvLow,0.5977,
,all,UK,93UK,,,wind,onshore,onshore_a,capaConvLow,3.1191,
,all,UK,94UK,,,wind,onshore,onshore_a,capaConvLow,0.2903,
,all,UK,95UK,,,wind,onshore,onshore_a,capaConvLow,0.9081,
,all,AT,49AT,,,wind,onshore,onshore_b,capaConvLow,0.3547,
,all,AT,50AT,,,wind,onshore,onshore_b,capaConvLow,0.7148,
,all,AT,51AT,,,wind,onshore,onshore_b,capaConvLow,0.3446,
,all,BA,63BA,,,wind,onshore,onshore_b,capaConvLow,0.0103,
,all,BE,28BE,,,wind,onshore,onshore_b,capaConvLow,0.2178,
,all,BG,66BG,,,wind,onshore,onshore_b,capaConvLow,0.2745,
,all,CH,47CH,,,wind,onshore,onshore_b,capaConvLow,0.0353,
,all,CH,48CH,,,wind,onshore,onshore_b,capaConvLow,0.01,
,all,CZ,39CZ,,,wind,onshore,onshore_b,capaConvLow,0.0601,
,all,CZ,40CZ,,,wind,onshore,onshore_b,capaConvLow,0.121,
,all,DE,31DE,,,wind,onshore,onshore_b,capaConvLow,3.3254,
,all,DE,32DE,,,wind,onshore,onshore_b,capaConvLow,2.6486,
,all,DE,33DE,,,wind,onshore,onshore_b,capaConvLow,3.34,
,all,DE,34DE,,,wind,onshore,onshore_b,capaConvLow,3.1334,
,all,DE,35DE,,,wind,onshore,onshore_b,capaConvLow,0.8925,
,all,DE,36DE,,,wind,onshore,onshore_b,capaConvLow,0.7181,
,all,DE,37DE,,,wind,onshore,onshore_b,capaConvLow,1.0769,
,all,DK,38DK,,,wind,onshore,onshore_b,capaConvLow,1.089,
,all,DK,72DK,,,wind,onshore,onshore_b,capaConvLow,0.0547,
,all,EE,73EE,,,wind,onshore,onshore_b,capaConvLow,0.237,
,all,ES,01ES,,,wind,onshore,onshore_b,capaConvLow,0.2602,
,all,ES,02ES,,,wind,onshore,onshore_b,capaConvLow,0.5842,
,all,ES,03ES,,,wind,onshore,onshore_b,capaConvLow,1.7179,
,all,ES,04ES,,,wind,onshore,onshore_b,capaConvLow,0.2265,
,all,ES,05ES,,,wind,onshore,onshore_b,capaConvLow,0.963,
,all,ES,06ES,,,wind,onshore,onshore_b,capaConvLow,0.1524,
,all,ES,07ES,,,wind,onshore,onshore_b,capaConvLow,0.1204,
,all,ES,08ES,,,wind,onshore,onshore_b,capaConvLow,1.0022,
,all,ES,09ES,,,wind,onshore,onshore_b,capaConvLow,0.1887,
,all,ES,10ES,,,wind,onshore,onshore_b,capaConvLow,1.6296,
,all,ES,11ES,,,wind,onshore,onshore_b,capaConvLow,1.1979,
,all,FI,74FI,,,wind,onshore,onshore_b,capaConvLow,0.3874,
,all,FI,75FI,,,wind,onshore,onshore_b,capaConvLow,0.2409,
,all,FR,14FR,,,wind,onshore,onshore_b,capaConvLow,0.8506,
,all,FR,15FR,,,wind,onshore,onshore_b,capaConvLow,0.3188,
,all,FR,16FR,,,wind,onshore,onshore_b,capaConvLow,0.2037,
,all,FR,17FR,,,wind,onshore,onshore_b,capaConvLow,0.2855,
,all,FR,18FR,,,wind,onshore,onshore_b,capaConvLow,1.2976,
,all,FR,19FR,,,wind,onshore,onshore_b,capaConvLow,0.1563,
,all,FR,20FR,,,wind,onshore,onshore_b,capaConvLow,0.1782,
,all,FR,21FR,,,wind,onshore,onshore_b,capaConvLow,0.4215,
,all,FR,22FR,,,wind,onshore,onshore_b,capaConvLow,0.313,
,all,FR,23FR,,,wind,onshore,onshore_b,capaConvLow,0.0165,
,all,FR,24FR,,,wind,onshore,onshore_b,capaConvLow,0.5387,
,all,FR,25FR,,,wind,onshore,onshore_b,capaConvLow,0.1743,
,all,FR,26FR,,,wind,onshore,onshore_b,capaConvLow,0.9842,
,all,FR,27FR,,,wind,onshore,onshore_b,capaConvLow,0.5678,
,all,FR,99FR,,,wind,onshore,onshore_b,capaConvLow,0.0152,
,all,GR,68GR,,,wind,onshore,onshore_b,capaConvLow,0.1337,
,all,GR,69GR,,,wind,onshore,onshore_b,capaConvLow,0.2432,
,all,HR,62HR,,,wind,onshore,onshore_b,capaConvLow,0.1019,
,all,HU,58HU,,,wind,onshore,onshore_b,capaConvLow,0.0203,
,all,IE,96IE,,,wind,onshore,onshore_b,capaConvLow,1.733,
,all,IT,52IT,,,wind,onshore,onshore_b,capaConvLow,1.6645,
,all,IT,53IT,,,wind,onshore,onshore_b,capaConvLow,0.7231,
,all,IT,54IT,,,wind,onshore,onshore_b,capaConvLow,0.3344,
,all,IT,55IT,,,wind,onshore,onshore_b,capaConvLow,0.407,
,all,IT,56IT,,,wind,onshore,onshore_b,capaConvLow,0.1625,
,all,IT,98IT,,,wind,onshore,onshore_b,capaConvLow,0.2546,
,all,LT,77LT,,,wind,onshore,onshore_b,capaConvLow,0.0344,
,all,LU,29LU,,,wind,onshore,onshore_b,capaConvLow,0.0331,
,all,LV,78LV,,,wind,onshore,onshore_b,capaConvLow,0.0421,
,all,ME,64ME,,,wind,onshore,onshore_b,capaConvLow,0.0485,
,all,MK,67MK,,,wind,onshore,onshore_b,capaConvLow,0.0247,
,all,NL,30NL,,,wind,onshore,onshore_b,capaConvLow,2.7886,
,all,NO,79NO,,,wind,onshore,onshore_b,capaConvLow,0.1756,
,all,NO,80NO,,,wind,onshore,onshore_b,capaConvLow,0.246,
,all,NO,81NO,,,wind,onshore,onshore_b,capaConvLow,0.0507,
,all,NO,82NO,,,wind,onshore,onshore_b,capaConvLow,0.2457,
,all,NO,83NO,,,wind,onshore,onshore_b,capaConvLow,0.0695,
,all,NO,84NO,,,wind,onshore,onshore_b,capaConvLow,0.2026,
,all,NO,85NO,,,wind,onshore,onshore_b,capaConvLow,0.1385,
,all,PL,41PL,,,wind,onshore,onshore_b,capaConvLow,1.033,
,all,PL,42PL,,,wind,onshore,onshore_b,capaConvLow,0.7814,
,all,PL,43PL,,,wind,onshore,onshore_b,capaConvLow,0.3198,
,all,PL,44PL,,,wind,onshore,onshore_b,capaConvLow,0.1561,
,all,PL,45PL,,,wind,onshore,onshore_b,capaConvLow,0.1535,
,all,PT,12PT,,,wind,onshore,onshore_b,capaConvLow,0.6872,
,all,PT,13PT,,,wind,onshore,onshore_b,capaConvLow,1.6888,
,all,RO,59RO,,,wind,onshore,onshore_b,capaConvLow,0.3651,
,all,RO,60RO,,,wind,onshore,onshore_b,capaConvLow,0.1229,
,all,RO,61RO,,,wind,onshore,onshore_b,capaConvLow,0.0756,
,all,RS,65RS,,,wind,onshore,onshore_b,capaConvLow,0.138,
,all,SE,86SE,,,wind,onshore,onshore_b,capaConvLow,0.3861,
,all,SE,87SE,,,wind,onshore,onshore_b,capaConvLow,0.4312,
,all,SE,88SE,,,wind,onshore,onshore_b,capaConvLow,0.5664,
,all,SE,89SE,,,wind,onshore,onshore_b,capaConvLow,0.1712,
,all,SI,57SI,,,wind,onshore,onshore_b,capaConvLow,0.019,
,all,SK,46SK,,,wind,onshore,onshore_b,capaConvLow,0.0203,
,all,UK,90UK,,,wind,onshore,onshore_b,capaConvLow,2.728,
,all,UK,91UK,,,wind,onshore,onshore_b,capaConvLow,0.242,
,all,UK,92UK,,,wind,onshore,onshore_b,capaConvLow,0.5256,
,all,UK,93UK,,,wind,onshore,onshore_b,capaConvLow,2.4755,
,all,UK,94UK,,,wind,onshore,onshore_b,capaConvLow,0.3499,
,all,UK,95UK,,,wind,onshore,onshore_b,capaConvLow,0.045,
,all,AT,49AT,,,wind,onshore,onshore_c,capaConvLow,0.1193,
,all,AT,50AT,,,wind,onshore,onshore_c,capaConvLow,0.3309,
,all,AT,51AT,,,wind,onshore,onshore_c,capaConvLow,0.6588,
,all,BA,63BA,,,wind,onshore,onshore_c,capaConvLow,0.0534,
,all,BE,28BE,,,wind,onshore,onshore_c,capaConvLow,0.7653,
,all,BG,66BG,,,wind,onshore,onshore_c,capaConvLow,0.2938,
,all,CH,47CH,,,wind,onshore,onshore_c,capaConvLow,0.0455,
,all,CH,48CH,,,wind,onshore,onshore_c,capaConvLow,0.0071,
,all,CZ,39CZ,,,wind,onshore,onshore_c,capaConvLow,0.1988,
,all,CZ,40CZ,,,wind,onshore,onshore_c,capaConvLow,0.0793,
,all,DE,31DE,,,wind,onshore,onshore_c,capaConvLow,3.2482,
,all,DE,32DE,,,wind,onshore,onshore_c,capaConvLow,2.5653,
,all,DE,33DE,,,wind,onshore,onshore_c,capaConvLow,0.3034,
,all,DE,34DE,,,wind,onshore,onshore_c,capaConvLow,1.8527,
,all,DE,35DE,,,wind,onshore,onshore_c,capaConvLow,1.5063,
,all,DE,36DE,,,wind,onshore,onshore_c,capaConvLow,0.8858,
,all,DE,37DE,,,wind,onshore,onshore_c,capaConvLow,2.5037,
,all,DK,38DK,,,wind,onshore,onshore_c,capaConvLow,0.2413,
,all,DK,72DK,,,wind,onshore,onshore_c,capaConvLow,0.1331,
,all,EE,73EE,,,wind,onshore,onshore_c,capaConvLow,0.1383,
,all,ES,01ES,,,wind,onshore,onshore_c,capaConvLow,0.5369,
,all,ES,02ES,,,wind,onshore,onshore_c,capaConvLow,0.4272,
,all,ES,03ES,,,wind,onshore,onshore_c,capaConvLow,0.7513,
,all,ES,04ES,,,wind,onshore,onshore_c,capaConvLow,0.4262,
,all,ES,05ES,,,wind,onshore,onshore_c,capaConvLow,0.9817,
,all,ES,06ES,,,wind,onshore,onshore_c,capaConvLow,0.5249,
,all,ES,07ES,,,wind,onshore,onshore_c,capaConvLow,0.1085,
,all,ES,08ES,,,wind,onshore,onshore_c,capaConvLow,0.7441,
,all,ES,09ES,,,wind,onshore,onshore_c,capaConvLow,1.017,
,all,ES,10ES,,,wind,onshore,onshore_c,capaConvLow,1.1448,
,all,ES,11ES,,,wind,onshore,onshore_c,capaConvLow,2.2542,
,all,FI,74FI,,,wind,onshore,onshore_c,capaConvLow,0.3798,
,all,FI,75FI,,,wind,onshore,onshore_c,capaConvLow,0.1601,
,all,FR,14FR,,,wind,onshore,onshore_c,capaConvLow,0.7151,
,all,FR,15FR,,,wind,onshore,onshore_c,capaConvLow,0.3013,
,all,FR,16FR,,,wind,onshore,onshore_c,capaConvLow,0.2385,
,all,FR,17FR,,,wind,onshore,onshore_c,capaConvLow,0.6839,
,all,FR,18FR,,,wind,onshore,onshore_c,capaConvLow,0.1776,
,all,FR,19FR,,,wind,onshore,onshore_c,capaConvLow,0.2227,
,all,FR,20FR,,,wind,onshore,onshore_c,capaConvLow,0.2914,
,all,FR,21FR,,,wind,onshore,onshore_c,capaConvLow,0.2787,
,all,FR,22FR,,,wind,onshore,onshore_c,capaConvLow,0.0524,
,all,FR,23FR,,,wind,onshore,onshore_c,capaConvLow,0.0577,
,all,FR,24FR,,,wind,onshore,onshore_c,capaConvLow,0.5363,
,all,FR,25FR,,,wind,onshore,onshore_c,capaConvLow,0.4985,
,all,FR,26FR,,,wind,onshore,onshore_c,capaConvLow,0.0783,
,all,FR,27FR,,,wind,onshore,onshore_c,capaConvLow,0.0342,
,all,FR,99FR,,,wind,onshore,onshore_c,capaConvLow,0.0211,
,all,GR,68GR,,,wind,onshore,onshore_c,capaConvLow,0.3944,
,all,GR,69GR,,,wind,onshore,onshore_c,capaConvLow,0.7563,
,all,HR,62HR,,,wind,onshore,onshore_c,capaConvLow,0.3634,
,all,HU,58HU,,,wind,onshore,onshore_c,capaConvLow,0.1661,
,all,IE,96IE,,,wind,onshore,onshore_c,capaConvLow,0.2915,
,all,IT,52IT,,,wind,onshore,onshore_c,capaConvLow,1.5068,
,all,IT,53IT,,,wind,onshore,onshore_c,capaConvLow,0.7847,
,all,IT,54IT,,,wind,onshore,onshore_c,capaConvLow,0.4623,
,all,IT,55IT,,,wind,onshore,onshore_c,capaConvLow,0.6914,
,all,IT,56IT,,,wind,onshore,onshore_c,capaConvLow,0.7878,
,all,IT,98IT,,,wind,onshore,onshore_c,capaConvLow,0.4979,
,all,LT,77LT,,,wind,onshore,onshore_c,capaConvLow,0.1701,
,all,LU,29LU,,,wind,onshore,onshore_c,capaConvLow,0.043,
,all,LV,78LV,,,wind,onshore,onshore_c,capaConvLow,0.0494,
,all,ME,64ME,,,wind,onshore,onshore_c,capaConvLow,0.0249,
,all,MK,67MK,,,wind,onshore,onshore_c,capaConvLow,0.0156,
,all,NL,30NL,,,wind,onshore,onshore_c,capaConvLow,0.4012,
,all,NO,79NO,,,wind,onshore,onshore_c,capaConvLow,0.0272,
,all,NO,80NO,,,wind,onshore,onshore_c,capaConvLow,0.1448,
,all,NO,81NO,,,wind,onshore,onshore_c,capaConvLow,0.0906,
,all,NO,82NO,,,wind,onshore,onshore_c,capaConvLow,0.1322,
,all,NO,83NO,,,wind,onshore,onshore_c,capaConvLow,0.0784,
,all,NO,84NO,,,wind,onshore,onshore_c,capaConvLow,0.2747,
,all,NO,85NO,,,wind,onshore,onshore_c,capaConvLow,0.1582,
,all,PL,41PL,,,wind,onshore,onshore_c,capaConvLow,0.5962,
,all,PL,42PL,,,wind,onshore,onshore_c,capaConvLow,0.433,
,all,PL,43PL,,,wind,onshore,onshore_c,capaConvLow,0.0998,
,all,PL,44PL,,,wind,onshore,onshore_c,capaConvLow,0.4806,
,all,PL,45PL,,,wind,onshore,onshore_c,capaConvLow,0.3747,
,all,PT,12PT,,,wind,onshore,onshore_c,capaConvLow,1.0069,
,all,PT,13PT,,,wind,onshore,onshore_c,capaConvLow,0.3831,
,all,RO,59RO,,,wind,onshore,onshore_c,capaConvLow,0.3573,
,all,RO,60RO,,,wind,onshore,onshore_c,capaConvLow,0.5659,
,all,RO,61RO,,,wind,onshore,onshore_c,capaConvLow,0.3803,
,all,RS,65RS,,,wind,onshore,onshore_c,capaConvLow,0.6356,
,all,SE,86SE,,,wind,onshore,onshore_c,capaConvLow,0.8642,
,all,SE,87SE,,,wind,onshore,onshore_c,capaConvLow,0.9685,
,all,SE,88SE,,,wind,onshore,onshore_c,capaConvLow,0.891,
,all,SE,89SE,,,wind,onshore,onshore_c,capaConvLow,0.0496,
,all,SI,57SI,,,wind,onshore,onshore_c,capaConvLow,0.0056,
,all,SK,46SK,,,wind,onshore,onshore_c,capaConvLow,0.0205,
,all,UK,90UK,,,wind,onshore,onshore_c,capaConvLow,0.2355,
,all,UK,91UK,,,wind,onshore,onshore_c,capaConvLow,0.2463,
,all,UK,92UK,,,wind,onshore,onshore_c,capaConvLow,0.5555,
,all,UK,93UK,,,wind,onshore,onshore_c,capaConvLow,0.2558,
,all,UK,94UK,,,wind,onshore,onshore_c,capaConvLow,0.423,
,all,UK,95UK,,,wind,onshore,onshore_c,capaConvLow,0.0147,"lower and upper limits on renewable capacities based on Sustainable Transition scenario from TYNDP 2018 in entsoe (2018), TYNDP scenario data"
,2030,AL,,,,solar,,,capaConvLow,0.1,
,2030,AL,,,,wind,onshore,,capaConvLow,0.1875,
,2030,AL,,,,wind,offshore,,capaConvLow,0,
,2030,AT,,,,solar,,,capaConvLow,5.625,
,2030,AT,,,,wind,onshore,,capaConvLow,6.25,
,2030,AT,,,,wind,offshore,,capaConvLow,0,
,2030,BA,,,,solar,,,capaConvLow,0.125,
,2030,BA,,,,wind,onshore,,capaConvLow,0.8,
,2030,BA,,,,wind,offshore,,capaConvLow,0,
,2030,BE,,,,solar,,,capaConvLow,6.313125,
,2030,BE,,,,wind,onshore,,capaConvLow,4.1225,
,2030,BE,,,,wind,offshore,,capaConvLow,2.8875,
,2030,BG,,,,solar,,,capaConvLow,2.5,
,2030,BG,,,,wind,onshore,,capaConvLow,1.5625,
,2030,BG,,,,wind,offshore,,capaConvLow,0,
,2030,CH,,,,solar,,,capaConvLow,7,
,2030,CH,,,,wind,onshore,,capaConvLow,0.4625,
,2030,CH,,,,wind,offshore,,capaConvLow,0,
,2030,CZ,,,,solar,,,capaConvLow,4.425,
,2030,CZ,,,,wind,onshore,,capaConvLow,1.1875,
,2030,CZ,,,,wind,offshore,,capaConvLow,0,
,2030,DE,,,,solar,,,capaConvLow,82.875,
,2030,DE,,,,wind,onshore,,capaConvLow,73.125,
,2030,DE,,,,wind,offshore,,capaConvLow,18.33,
,2030,EE,,,,solar,,,capaConvLow,0.125,
,2030,EE,,,,wind,onshore,,capaConvLow,1.875,
,2030,EE,,,,wind,offshore,,capaConvLow,0,
,2030,ES,,,,solar,,,capaConvLow,50,
,2030,ES,,,,wind,onshore,,capaConvLow,38.75,
,2030,ES,,,,wind,offshore,,capaConvLow,0,
,2030,FI,,,,solar,,,capaConvLow,1.5,
,2030,FI,,,,wind,onshore,,capaConvLow,2.875,
,2030,FI,,,,wind,offshore,,capaConvLow,0.875,
,2030,FR,,,,solar,,,capaConvLow,39.25,
,2030,FR,,,,wind,onshore,,capaConvLow,45.375,
,2030,FR,,,,wind,offshore,,capaConvLow,8.75,
,2030,UK,,,,solar,,,capaConvLow,31.1175,
,2030,UK,,,,wind,onshore,,capaConvLow,22.08125,
,2030,UK,,,,wind,offshore,,capaConvLow,27.7275,
,2030,GR,,,,solar,,,capaConvLow,5,
,2030,GR,,,,wind,onshore,,capaConvLow,7.375,
,2030,GR,,,,wind,offshore,,capaConvLow,0.375,
,2030,HR,,,,solar,,,capaConvLow,0.25,
,2030,HR,,,,wind,onshore,,capaConvLow,1.875,
,2030,HR,,,,wind,offshore,,capaConvLow,0,
,2030,HU,,,,solar,,,capaConvLow,2.5,
,2030,HU,,,,wind,onshore,,capaConvLow,1.25,
,2030,HU,,,,wind,offshore,,capaConvLow,0,
,2030,IE,,,,solar,,,capaConvLow,0.625,
,2030,IE,,,,wind,onshore,,capaConvLow,6.875,
,2030,IE,,,,wind,offshore,,capaConvLow,0.875,
,2030,LT,,,,solar,,,capaConvLow,0.1,
,2030,LT,,,,wind,onshore,,capaConvLow,0.9375,
,2030,LT,,,,wind,offshore,,capaConvLow,0,
,2030,LV,,,,solar,,,capaConvLow,0.0125,
,2030,LV,,,,wind,onshore,,capaConvLow,0.375,
,2030,LV,,,,wind,offshore,,capaConvLow,0.1875,
,2030,ME,,,,solar,,,capaConvLow,0.0375,
,2030,ME,,,,wind,onshore,,capaConvLow,0.3125,
,2030,ME,,,,wind,offshore,,capaConvLow,0,
,2030,MK,,,,solar,,,capaConvLow,0.04,
,2030,MK,,,,wind,onshore,,capaConvLow,0.125,
,2030,MK,,,,wind,offshore,,capaConvLow,0,
,2030,NL,,,,solar,,,capaConvLow,14.29875,
,2030,NL,,,,wind,onshore,,capaConvLow,8.403725,
,2030,NL,,,,wind,offshore,,capaConvLow,11.0896375,
,2030,PL,,,,solar,,,capaConvLow,3.0375,
,2030,PL,,,,wind,onshore,,capaConvLow,11.5,
,2030,PL,,,,wind,offshore,,capaConvLow,2.8125,
,2030,PT,,,,solar,,,capaConvLow,2.27,
,2030,PT,,,,wind,onshore,,capaConvLow,6.9425,
,2030,PT,,,,wind,offshore,,capaConvLow,0.075,
,2030,RO,,,,solar,,,capaConvLow,2.5,
,2030,RO,,,,wind,onshore,,capaConvLow,5.25,
,2030,RO,,,,wind,offshore,,capaConvLow,0,
,2030,RS,,,,solar,,,capaConvLow,0.25,
,2030,RS,,,,wind,onshore,,capaConvLow,1.335,
,2030,RS,,,,wind,offshore,,capaConvLow,0,
,2030,SI,,,,solar,,,capaConvLow,0.4,
,2030,SI,,,,wind,onshore,,capaConvLow,0.095,
,2030,SI,,,,wind,offshore,,capaConvLow,0,
,2030,SK,,,,solar,,,capaConvLow,0.895,
,2030,SK,,,,wind,onshore,,capaConvLow,0.330625,
,2030,SK,,,,wind,offshore,,capaConvLow,0,
,2030,DK,,,,solar,,,capaConvLow,3.67375,
,2030,DK,,,,wind,onshore,,capaConvLow,6.995,
,2030,DK,,,,wind,offshore,,capaConvLow,3.63125,
,2030,IT,,,,solar,,,capaConvLow,31.4875,
,2030,IT,,,,wind,onshore,,capaConvLow,19.46875,
,2030,IT,,,,wind,offshore,,capaConvLow,0.818125,
,2030,LU,,,,solar,,,capaConvLow,0.25,
,2030,LU,,,,wind,onshore,,capaConvLow,0.25,
,2030,LU,,,,wind,offshore,,capaConvLow,0,
,2030,NO,,,,solar,,,capaConvLow,0.5,
,2030,NO,,,,wind,onshore,,capaConvLow,4.162875,
,2030,NO,,,,wind,offshore,,capaConvLow,0,
,2030,SE,,,,solar,,,capaConvLow,2.175,
,2030,SE,,,,wind,onshore,,capaConvLow,13.475,
,2030,SE,,,,wind,offshore,,capaConvLow,0.2375,
,2040,AL,,,,solar,,,capaConvLow,0.425329655,
,2040,AL,,,,wind,onshore,,capaConvLow,2.340116223,
,2040,AL,,,,wind,offshore,,capaConvLow,0,
,2040,AT,,,,solar,,,capaConvLow,8.4,
,2040,AT,,,,wind,onshore,,capaConvLow,8.25,
,2040,AT,,,,wind,offshore,,capaConvLow,0,
,2040,BA,,,,solar,,,capaConvLow,0.737107607,
,2040,BA,,,,wind,onshore,,capaConvLow,4.794437644,
,2040,BA,,,,wind,offshore,,capaConvLow,0,
,2040,BE,,,,solar,,,capaConvLow,8.550243266,
,2040,BE,,,,wind,onshore,,capaConvLow,7.5,
,2040,BE,,,,wind,offshore,,capaConvLow,5.729693297,
,2040,BG,,,,solar,,,capaConvLow,3.75,
,2040,BG,,,,wind,onshore,,capaConvLow,2.25,
,2040,BG,,,,wind,offshore,,capaConvLow,0,
,2040,CH,,,,solar,,,capaConvLow,14.89601826,
,2040,CH,,,,wind,onshore,,capaConvLow,1.5,
,2040,CH,,,,wind,offshore,,capaConvLow,0,
,2040,CZ,,,,solar,,,capaConvLow,7.845,
,2040,CZ,,,,wind,onshore,,capaConvLow,1.995,
,2040,CZ,,,,wind,offshore,,capaConvLow,0,
,2040,DE,,,,solar,,,capaConvLow,112.5032009,
,2040,DE,,,,wind,onshore,,capaConvLow,95.54157627,
,2040,DE,,,,wind,offshore,,capaConvLow,39.51871951,
,2040,EE,,,,solar,,,capaConvLow,0.355429106,
,2040,EE,,,,wind,onshore,,capaConvLow,2.4,
,2040,EE,,,,wind,offshore,,capaConvLow,0,
,2040,ES,,,,solar,,,capaConvLow,77.09027129,
,2040,ES,,,,wind,onshore,,capaConvLow,59.34185404,
,2040,ES,,,,wind,offshore,,capaConvLow,0,
,2040,FI,,,,solar,,,capaConvLow,3.000085357,
,2040,FI,,,,wind,onshore,,capaConvLow,10.95,
,2040,FI,,,,wind,offshore,,capaConvLow,1.35,
,2040,FR,,,,solar,,,capaConvLow,62.10176688,
,2040,FR,,,,wind,onshore,,capaConvLow,71.92784673,
,2040,FR,,,,wind,offshore,,capaConvLow,15.75,
,2040,UK,,,,solar,,,capaConvLow,45.97592392,
,2040,UK,,,,wind,onshore,,capaConvLow,28.86434972,
,2040,UK,,,,wind,offshore,,capaConvLow,40.95,
,2040,GR,,,,solar,,,capaConvLow,22.2742563,
,2040,GR,,,,wind,onshore,,capaConvLow,17.26184442,
,2040,GR,,,,wind,offshore,,capaConvLow,1.199670379,
,2040,HR,,,,solar,,,capaConvLow,1.05,
,2040,HR,,,,wind,onshore,,capaConvLow,3,
,2040,HR,,,,wind,offshore,,capaConvLow,0,
,2040,HU,,,,solar,,,capaConvLow,6,
,2040,HU,,,,wind,onshore,,capaConvLow,3,
,2040,HU,,,,wind,offshore,,capaConvLow,0,
,2040,IE,,,,solar,,,capaConvLow,1.35003841,
,2040,IE,,,,wind,onshore,,capaConvLow,9.631806689,
,2040,IE,,,,wind,offshore,,capaConvLow,2.1,
,2040,LT,,,,solar,,,capaConvLow,0.289578864,
,2040,LT,,,,wind,onshore,,capaConvLow,1.5,
,2040,LT,,,,wind,offshore,,capaConvLow,0,
,2040,LV,,,,solar,,,capaConvLow,0.034236793,
,2040,LV,,,,wind,onshore,,capaConvLow,1.2,
,2040,LV,,,,wind,offshore,,capaConvLow,0.587711798,
,2040,ME,,,,solar,,,capaConvLow,0.165241058,
,2040,ME,,,,wind,onshore,,capaConvLow,3.146049115,
,2040,ME,,,,wind,offshore,,capaConvLow,0,
,2040,MK,,,,solar,,,capaConvLow,0.048,
,2040,MK,,,,wind,onshore,,capaConvLow,0.225,
,2040,MK,,,,wind,offshore,,capaConvLow,0,
,2040,NL,,,,solar,,,capaConvLow,22.80064871,
,2040,NL,,,,wind,onshore,,capaConvLow,11.1853239,
,2040,NL,,,,wind,offshore,,capaConvLow,18.15,
,2040,PL,,,,solar,,,capaConvLow,8.128344263,
,2040,PL,,,,wind,onshore,,capaConvLow,18,
,2040,PL,,,,wind,offshore,,capaConvLow,7.519266823,
,2040,PT,,,,solar,,,capaConvLow,6.455527746,
,2040,PT,,,,wind,onshore,,capaConvLow,15,
,2040,PT,,,,wind,offshore,,capaConvLow,0.15,
,2040,RO,,,,solar,,,capaConvLow,7.5,
,2040,RO,,,,wind,onshore,,capaConvLow,9.75,
,2040,RO,,,,wind,offshore,,capaConvLow,0,
,2040,RS,,,,solar,,,capaConvLow,0.675,
,2040,RS,,,,wind,onshore,,capaConvLow,1.8,
,2040,RS,,,,wind,offshore,,capaConvLow,0,
,2040,SI,,,,solar,,,capaConvLow,1.621137988,
,2040,SI,,,,wind,onshore,,capaConvLow,0.485362408,
,2040,SI,,,,wind,offshore,,capaConvLow,0,
,2040,SK,,,,solar,,,capaConvLow,2.2996845,
,2040,SK,,,,wind,onshore,,capaConvLow,0.489,
,2040,SK,,,,wind,offshore,,capaConvLow,0,
,2040,DK,,,,solar,,,capaConvLow,6.000170713,
,2040,DK,,,,wind,onshore,,capaConvLow,13.491,
,2040,DK,,,,wind,offshore,,capaConvLow,6.674033327,
,2040,IT,,,,solar,,,capaConvLow,87.21150431,
,2040,IT,,,,wind,onshore,,capaConvLow,26.679,
,2040,IT,,,,wind,offshore,,capaConvLow,2.517626721,
,2040,LU,,,,solar,,,capaConvLow,0.300008536,
,2040,LU,,,,wind,onshore,,capaConvLow,0.341773786,
,2040,LU,,,,wind,offshore,,capaConvLow,0,
,2040,NO,,,,solar,,,capaConvLow,1.8,
,2040,NO,,,,wind,onshore,,capaConvLow,6.8025,
,2040,NO,,,,wind,offshore,,capaConvLow,0,
,2040,SE,,,,solar,,,capaConvLow,3.451242978,
,2040,SE,,,,wind,onshore,,capaConvLow,23.60735283,
,2040,SE,,,,wind,offshore,,capaConvLow,0.3,
