timestep_3,region_4,carrier_1,parameter,value
d001,01ES,psngRoadPrvt,mustOut,0.5079593270659687
d002,01ES,psngRoadPrvt,mustOut,0.4721376019027686
d003,01ES,psngRoadPrvt,mustOut,0.5970723480918322
d004,01ES,psngRoadPrvt,mustOut,0.5774726621881944
d005,01ES,psngRoadPrvt,mustOut,0.5273668614782662
d006,01ES,psngRoadPrvt,mustOut,0.48109529347802366
d007,01ES,psngRoadPrvt,mustOut,0.6119808162778694
d008,01ES,psngRoadPrvt,mustOut,0.4831986969946617
d009,01ES,psngRoadPrvt,mustOut,0.5250413441712848
d010,01ES,psngRoadPrvt,mustOut,0.5953833074356125
d001,02ES,psngRoadPrvt,mustOut,0.5079593270659687
d002,02ES,psngRoadPrvt,mustOut,0.4721376019027686
d003,02ES,psngRoadPrvt,mustOut,0.5970723480918322
d004,02ES,psngRoadPrvt,mustOut,0.5774726621881944
d005,02ES,psngRoadPrvt,mustOut,0.5273668614782662
d006,02ES,psngRoadPrvt,mustOut,0.48109529347802366
d007,02ES,psngRoadPrvt,mustOut,0.6119808162778694
d008,02ES,psngRoadPrvt,mustOut,0.4831986969946617
d009,02ES,psngRoadPrvt,mustOut,0.5250413441712848
d010,02ES,psngRoadPrvt,mustOut,0.5953833074356125
d001,03ES,psngRoadPrvt,mustOut,0.5079593270659687
d002,03ES,psngRoadPrvt,mustOut,0.4721376019027686
d003,03ES,psngRoadPrvt,mustOut,0.5970723480918322
d004,03ES,psngRoadPrvt,mustOut,0.5774726621881944
d005,03ES,psngRoadPrvt,mustOut,0.5273668614782662
d006,03ES,psngRoadPrvt,mustOut,0.48109529347802366
d007,03ES,psngRoadPrvt,mustOut,0.6119808162778694
d008,03ES,psngRoadPrvt,mustOut,0.4831986969946617
d009,03ES,psngRoadPrvt,mustOut,0.5250413441712848
d010,03ES,psngRoadPrvt,mustOut,0.5953833074356125
d001,04ES,psngRoadPrvt,mustOut,0.5079593270659687
d002,04ES,psngRoadPrvt,mustOut,0.4721376019027686
d003,04ES,psngRoadPrvt,mustOut,0.5970723480918322
d004,04ES,psngRoadPrvt,mustOut,0.5774726621881944
d005,04ES,psngRoadPrvt,mustOut,0.5273668614782662
d006,04ES,psngRoadPrvt,mustOut,0.48109529347802366
d007,04ES,psngRoadPrvt,mustOut,0.6119808162778694
d008,04ES,psngRoadPrvt,mustOut,0.4831986969946617
d009,04ES,psngRoadPrvt,mustOut,0.5250413441712848
d010,04ES,psngRoadPrvt,mustOut,0.5953833074356125
d001,05ES,psngRoadPrvt,mustOut,0.5079593270659687
d002,05ES,psngRoadPrvt,mustOut,0.4721376019027686
d003,05ES,psngRoadPrvt,mustOut,0.5970723480918322
d004,05ES,psngRoadPrvt,mustOut,0.5774726621881944
d005,05ES,psngRoadPrvt,mustOut,0.5273668614782662
d006,05ES,psngRoadPrvt,mustOut,0.48109529347802366
d007,05ES,psngRoadPrvt,mustOut,0.6119808162778694
d008,05ES,psngRoadPrvt,mustOut,0.4831986969946617
d009,05ES,psngRoadPrvt,mustOut,0.5250413441712848
d010,05ES,psngRoadPrvt,mustOut,0.5953833074356125
d001,06ES,psngRoadPrvt,mustOut,0.5079593270659687
d002,06ES,psngRoadPrvt,mustOut,0.4721376019027686
d003,06ES,psngRoadPrvt,mustOut,0.5970723480918322
d004,06ES,psngRoadPrvt,mustOut,0.5774726621881944
d005,06ES,psngRoadPrvt,mustOut,0.5273668614782662
d006,06ES,psngRoadPrvt,mustOut,0.48109529347802366
d007,06ES,psngRoadPrvt,mustOut,0.6119808162778694
d008,06ES,psngRoadPrvt,mustOut,0.4831986969946617
d009,06ES,psngRoadPrvt,mustOut,0.5250413441712848
d010,06ES,psngRoadPrvt,mustOut,0.5953833074356125
d001,07ES,psngRoadPrvt,mustOut,0.5079593270659687
d002,07ES,psngRoadPrvt,mustOut,0.4721376019027686
d003,07ES,psngRoadPrvt,mustOut,0.5970723480918322
d004,07ES,psngRoadPrvt,mustOut,0.5774726621881944
d005,07ES,psngRoadPrvt,mustOut,0.5273668614782662
d006,07ES,psngRoadPrvt,mustOut,0.48109529347802366
d007,07ES,psngRoadPrvt,mustOut,0.6119808162778694
d008,07ES,psngRoadPrvt,mustOut,0.4831986969946617
d009,07ES,psngRoadPrvt,mustOut,0.5250413441712848
d010,07ES,psngRoadPrvt,mustOut,0.5953833074356125
d001,08ES,psngRoadPrvt,mustOut,0.5079593270659687
d002,08ES,psngRoadPrvt,mustOut,0.4721376019027686
d003,08ES,psngRoadPrvt,mustOut,0.5970723480918322
d004,08ES,psngRoadPrvt,mustOut,0.5774726621881944
d005,08ES,psngRoadPrvt,mustOut,0.5273668614782662
d006,08ES,psngRoadPrvt,mustOut,0.48109529347802366
d007,08ES,psngRoadPrvt,mustOut,0.6119808162778694
d008,08ES,psngRoadPrvt,mustOut,0.4831986969946617
d009,08ES,psngRoadPrvt,mustOut,0.5250413441712848
d010,08ES,psngRoadPrvt,mustOut,0.5953833074356125
d001,09ES,psngRoadPrvt,mustOut,0.5079593270659687
d002,09ES,psngRoadPrvt,mustOut,0.4721376019027686
d003,09ES,psngRoadPrvt,mustOut,0.5970723480918322
d004,09ES,psngRoadPrvt,mustOut,0.5774726621881944
d005,09ES,psngRoadPrvt,mustOut,0.5273668614782662
d006,09ES,psngRoadPrvt,mustOut,0.48109529347802366
d007,09ES,psngRoadPrvt,mustOut,0.6119808162778694
d008,09ES,psngRoadPrvt,mustOut,0.4831986969946617
d009,09ES,psngRoadPrvt,mustOut,0.5250413441712848
d010,09ES,psngRoadPrvt,mustOut,0.5953833074356125
d001,10ES,psngRoadPrvt,mustOut,0.5079593270659687
d002,10ES,psngRoadPrvt,mustOut,0.4721376019027686
d003,10ES,psngRoadPrvt,mustOut,0.5970723480918322
d004,10ES,psngRoadPrvt,mustOut,0.5774726621881944
d005,10ES,psngRoadPrvt,mustOut,0.5273668614782662
d006,10ES,psngRoadPrvt,mustOut,0.48109529347802366
d007,10ES,psngRoadPrvt,mustOut,0.6119808162778694
d008,10ES,psngRoadPrvt,mustOut,0.4831986969946617
d009,10ES,psngRoadPrvt,mustOut,0.5250413441712848
d010,10ES,psngRoadPrvt,mustOut,0.5953833074356125
d001,11ES,psngRoadPrvt,mustOut,0.5079593270659687
d002,11ES,psngRoadPrvt,mustOut,0.4721376019027686
d003,11ES,psngRoadPrvt,mustOut,0.5970723480918322
d004,11ES,psngRoadPrvt,mustOut,0.5774726621881944
d005,11ES,psngRoadPrvt,mustOut,0.5273668614782662
d006,11ES,psngRoadPrvt,mustOut,0.48109529347802366
d007,11ES,psngRoadPrvt,mustOut,0.6119808162778694
d008,11ES,psngRoadPrvt,mustOut,0.4831986969946617
d009,11ES,psngRoadPrvt,mustOut,0.5250413441712848
d010,11ES,psngRoadPrvt,mustOut,0.5953833074356125
d001,12PT,psngRoadPrvt,mustOut,0.5079593270659687
d002,12PT,psngRoadPrvt,mustOut,0.4721376019027686
d003,12PT,psngRoadPrvt,mustOut,0.5970723480918322
d004,12PT,psngRoadPrvt,mustOut,0.5774726621881944
d005,12PT,psngRoadPrvt,mustOut,0.5273668614782662
d006,12PT,psngRoadPrvt,mustOut,0.48109529347802366
d007,12PT,psngRoadPrvt,mustOut,0.6119808162778694
d008,12PT,psngRoadPrvt,mustOut,0.4831986969946617
d009,12PT,psngRoadPrvt,mustOut,0.5250413441712848
d010,12PT,psngRoadPrvt,mustOut,0.5953833074356125
d001,13PT,psngRoadPrvt,mustOut,0.5079593270659687
d002,13PT,psngRoadPrvt,mustOut,0.4721376019027686
d003,13PT,psngRoadPrvt,mustOut,0.5970723480918322
d004,13PT,psngRoadPrvt,mustOut,0.5774726621881944
d005,13PT,psngRoadPrvt,mustOut,0.5273668614782662
d006,13PT,psngRoadPrvt,mustOut,0.48109529347802366
d007,13PT,psngRoadPrvt,mustOut,0.6119808162778694
d008,13PT,psngRoadPrvt,mustOut,0.4831986969946617
d009,13PT,psngRoadPrvt,mustOut,0.5250413441712848
d010,13PT,psngRoadPrvt,mustOut,0.5953833074356125
d001,14FR,psngRoadPrvt,mustOut,0.5079593270659687
d002,14FR,psngRoadPrvt,mustOut,0.4721376019027686
d003,14FR,psngRoadPrvt,mustOut,0.5970723480918322
d004,14FR,psngRoadPrvt,mustOut,0.5774726621881944
d005,14FR,psngRoadPrvt,mustOut,0.5273668614782662
d006,14FR,psngRoadPrvt,mustOut,0.48109529347802366
d007,14FR,psngRoadPrvt,mustOut,0.6119808162778694
d008,14FR,psngRoadPrvt,mustOut,0.4831986969946617
d009,14FR,psngRoadPrvt,mustOut,0.5250413441712848
d010,14FR,psngRoadPrvt,mustOut,0.5953833074356125
d001,15FR,psngRoadPrvt,mustOut,0.5079593270659687
d002,15FR,psngRoadPrvt,mustOut,0.4721376019027686
d003,15FR,psngRoadPrvt,mustOut,0.5970723480918322
d004,15FR,psngRoadPrvt,mustOut,0.5774726621881944
d005,15FR,psngRoadPrvt,mustOut,0.5273668614782662
d006,15FR,psngRoadPrvt,mustOut,0.48109529347802366
d007,15FR,psngRoadPrvt,mustOut,0.6119808162778694
d008,15FR,psngRoadPrvt,mustOut,0.4831986969946617
d009,15FR,psngRoadPrvt,mustOut,0.5250413441712848
d010,15FR,psngRoadPrvt,mustOut,0.5953833074356125
d001,16FR,psngRoadPrvt,mustOut,0.5079593270659687
d002,16FR,psngRoadPrvt,mustOut,0.4721376019027686
d003,16FR,psngRoadPrvt,mustOut,0.5970723480918322
d004,16FR,psngRoadPrvt,mustOut,0.5774726621881944
d005,16FR,psngRoadPrvt,mustOut,0.5273668614782662
d006,16FR,psngRoadPrvt,mustOut,0.48109529347802366
d007,16FR,psngRoadPrvt,mustOut,0.6119808162778694
d008,16FR,psngRoadPrvt,mustOut,0.4831986969946617
d009,16FR,psngRoadPrvt,mustOut,0.5250413441712848
d010,16FR,psngRoadPrvt,mustOut,0.5953833074356125
d001,17FR,psngRoadPrvt,mustOut,0.5079593270659687
d002,17FR,psngRoadPrvt,mustOut,0.4721376019027686
d003,17FR,psngRoadPrvt,mustOut,0.5970723480918322
d004,17FR,psngRoadPrvt,mustOut,0.5774726621881944
d005,17FR,psngRoadPrvt,mustOut,0.5273668614782662
d006,17FR,psngRoadPrvt,mustOut,0.48109529347802366
d007,17FR,psngRoadPrvt,mustOut,0.6119808162778694
d008,17FR,psngRoadPrvt,mustOut,0.4831986969946617
d009,17FR,psngRoadPrvt,mustOut,0.5250413441712848
d010,17FR,psngRoadPrvt,mustOut,0.5953833074356125
d001,18FR,psngRoadPrvt,mustOut,0.5079593270659687
d002,18FR,psngRoadPrvt,mustOut,0.4721376019027686
d003,18FR,psngRoadPrvt,mustOut,0.5970723480918322
d004,18FR,psngRoadPrvt,mustOut,0.5774726621881944
d005,18FR,psngRoadPrvt,mustOut,0.5273668614782662
d006,18FR,psngRoadPrvt,mustOut,0.48109529347802366
d007,18FR,psngRoadPrvt,mustOut,0.6119808162778694
d008,18FR,psngRoadPrvt,mustOut,0.4831986969946617
d009,18FR,psngRoadPrvt,mustOut,0.5250413441712848
d010,18FR,psngRoadPrvt,mustOut,0.5953833074356125
d001,19FR,psngRoadPrvt,mustOut,0.5079593270659687
d002,19FR,psngRoadPrvt,mustOut,0.4721376019027686
d003,19FR,psngRoadPrvt,mustOut,0.5970723480918322
d004,19FR,psngRoadPrvt,mustOut,0.5774726621881944
d005,19FR,psngRoadPrvt,mustOut,0.5273668614782662
d006,19FR,psngRoadPrvt,mustOut,0.48109529347802366
d007,19FR,psngRoadPrvt,mustOut,0.6119808162778694
d008,19FR,psngRoadPrvt,mustOut,0.4831986969946617
d009,19FR,psngRoadPrvt,mustOut,0.5250413441712848
d010,19FR,psngRoadPrvt,mustOut,0.5953833074356125
d001,20FR,psngRoadPrvt,mustOut,0.5079593270659687
d002,20FR,psngRoadPrvt,mustOut,0.4721376019027686
d003,20FR,psngRoadPrvt,mustOut,0.5970723480918322
d004,20FR,psngRoadPrvt,mustOut,0.5774726621881944
d005,20FR,psngRoadPrvt,mustOut,0.5273668614782662
d006,20FR,psngRoadPrvt,mustOut,0.48109529347802366
d007,20FR,psngRoadPrvt,mustOut,0.6119808162778694
d008,20FR,psngRoadPrvt,mustOut,0.4831986969946617
d009,20FR,psngRoadPrvt,mustOut,0.5250413441712848
d010,20FR,psngRoadPrvt,mustOut,0.5953833074356125
d001,21FR,psngRoadPrvt,mustOut,0.5079593270659687
d002,21FR,psngRoadPrvt,mustOut,0.4721376019027686
d003,21FR,psngRoadPrvt,mustOut,0.5970723480918322
d004,21FR,psngRoadPrvt,mustOut,0.5774726621881944
d005,21FR,psngRoadPrvt,mustOut,0.5273668614782662
d006,21FR,psngRoadPrvt,mustOut,0.48109529347802366
d007,21FR,psngRoadPrvt,mustOut,0.6119808162778694
d008,21FR,psngRoadPrvt,mustOut,0.4831986969946617
d009,21FR,psngRoadPrvt,mustOut,0.5250413441712848
d010,21FR,psngRoadPrvt,mustOut,0.5953833074356125
d001,22FR,psngRoadPrvt,mustOut,0.5079593270659687
d002,22FR,psngRoadPrvt,mustOut,0.4721376019027686
d003,22FR,psngRoadPrvt,mustOut,0.5970723480918322
d004,22FR,psngRoadPrvt,mustOut,0.5774726621881944
d005,22FR,psngRoadPrvt,mustOut,0.5273668614782662
d006,22FR,psngRoadPrvt,mustOut,0.48109529347802366
d007,22FR,psngRoadPrvt,mustOut,0.6119808162778694
d008,22FR,psngRoadPrvt,mustOut,0.4831986969946617
d009,22FR,psngRoadPrvt,mustOut,0.5250413441712848
d010,22FR,psngRoadPrvt,mustOut,0.5953833074356125
d001,23FR,psngRoadPrvt,mustOut,0.5079593270659687
d002,23FR,psngRoadPrvt,mustOut,0.4721376019027686
d003,23FR,psngRoadPrvt,mustOut,0.5970723480918322
d004,23FR,psngRoadPrvt,mustOut,0.5774726621881944
d005,23FR,psngRoadPrvt,mustOut,0.5273668614782662
d006,23FR,psngRoadPrvt,mustOut,0.48109529347802366
d007,23FR,psngRoadPrvt,mustOut,0.6119808162778694
d008,23FR,psngRoadPrvt,mustOut,0.4831986969946617
d009,23FR,psngRoadPrvt,mustOut,0.5250413441712848
d010,23FR,psngRoadPrvt,mustOut,0.5953833074356125
d001,24FR,psngRoadPrvt,mustOut,0.5079593270659687
d002,24FR,psngRoadPrvt,mustOut,0.4721376019027686
d003,24FR,psngRoadPrvt,mustOut,0.5970723480918322
d004,24FR,psngRoadPrvt,mustOut,0.5774726621881944
d005,24FR,psngRoadPrvt,mustOut,0.5273668614782662
d006,24FR,psngRoadPrvt,mustOut,0.48109529347802366
d007,24FR,psngRoadPrvt,mustOut,0.6119808162778694
d008,24FR,psngRoadPrvt,mustOut,0.4831986969946617
d009,24FR,psngRoadPrvt,mustOut,0.5250413441712848
d010,24FR,psngRoadPrvt,mustOut,0.5953833074356125
d001,25FR,psngRoadPrvt,mustOut,0.5079593270659687
d002,25FR,psngRoadPrvt,mustOut,0.4721376019027686
d003,25FR,psngRoadPrvt,mustOut,0.5970723480918322
d004,25FR,psngRoadPrvt,mustOut,0.5774726621881944
d005,25FR,psngRoadPrvt,mustOut,0.5273668614782662
d006,25FR,psngRoadPrvt,mustOut,0.48109529347802366
d007,25FR,psngRoadPrvt,mustOut,0.6119808162778694
d008,25FR,psngRoadPrvt,mustOut,0.4831986969946617
d009,25FR,psngRoadPrvt,mustOut,0.5250413441712848
d010,25FR,psngRoadPrvt,mustOut,0.5953833074356125
d001,26FR,psngRoadPrvt,mustOut,0.5079593270659687
d002,26FR,psngRoadPrvt,mustOut,0.4721376019027686
d003,26FR,psngRoadPrvt,mustOut,0.5970723480918322
d004,26FR,psngRoadPrvt,mustOut,0.5774726621881944
d005,26FR,psngRoadPrvt,mustOut,0.5273668614782662
d006,26FR,psngRoadPrvt,mustOut,0.48109529347802366
d007,26FR,psngRoadPrvt,mustOut,0.6119808162778694
d008,26FR,psngRoadPrvt,mustOut,0.4831986969946617
d009,26FR,psngRoadPrvt,mustOut,0.5250413441712848
d010,26FR,psngRoadPrvt,mustOut,0.5953833074356125
d001,27FR,psngRoadPrvt,mustOut,0.5079593270659687
d002,27FR,psngRoadPrvt,mustOut,0.4721376019027686
d003,27FR,psngRoadPrvt,mustOut,0.5970723480918322
d004,27FR,psngRoadPrvt,mustOut,0.5774726621881944
d005,27FR,psngRoadPrvt,mustOut,0.5273668614782662
d006,27FR,psngRoadPrvt,mustOut,0.48109529347802366
d007,27FR,psngRoadPrvt,mustOut,0.6119808162778694
d008,27FR,psngRoadPrvt,mustOut,0.4831986969946617
d009,27FR,psngRoadPrvt,mustOut,0.5250413441712848
d010,27FR,psngRoadPrvt,mustOut,0.5953833074356125
d001,28BE,psngRoadPrvt,mustOut,0.5079593270659687
d002,28BE,psngRoadPrvt,mustOut,0.4721376019027686
d003,28BE,psngRoadPrvt,mustOut,0.5970723480918322
d004,28BE,psngRoadPrvt,mustOut,0.5774726621881944
d005,28BE,psngRoadPrvt,mustOut,0.5273668614782662
d006,28BE,psngRoadPrvt,mustOut,0.48109529347802366
d007,28BE,psngRoadPrvt,mustOut,0.6119808162778694
d008,28BE,psngRoadPrvt,mustOut,0.4831986969946617
d009,28BE,psngRoadPrvt,mustOut,0.5250413441712848
d010,28BE,psngRoadPrvt,mustOut,0.5953833074356125
d001,29LU,psngRoadPrvt,mustOut,0.5079593270659687
d002,29LU,psngRoadPrvt,mustOut,0.4721376019027686
d003,29LU,psngRoadPrvt,mustOut,0.5970723480918322
d004,29LU,psngRoadPrvt,mustOut,0.5774726621881944
d005,29LU,psngRoadPrvt,mustOut,0.5273668614782662
d006,29LU,psngRoadPrvt,mustOut,0.48109529347802366
d007,29LU,psngRoadPrvt,mustOut,0.6119808162778694
d008,29LU,psngRoadPrvt,mustOut,0.4831986969946617
d009,29LU,psngRoadPrvt,mustOut,0.5250413441712848
d010,29LU,psngRoadPrvt,mustOut,0.5953833074356125
d001,30NL,psngRoadPrvt,mustOut,0.5079593270659687
d002,30NL,psngRoadPrvt,mustOut,0.4721376019027686
d003,30NL,psngRoadPrvt,mustOut,0.5970723480918322
d004,30NL,psngRoadPrvt,mustOut,0.5774726621881944
d005,30NL,psngRoadPrvt,mustOut,0.5273668614782662
d006,30NL,psngRoadPrvt,mustOut,0.48109529347802366
d007,30NL,psngRoadPrvt,mustOut,0.6119808162778694
d008,30NL,psngRoadPrvt,mustOut,0.4831986969946617
d009,30NL,psngRoadPrvt,mustOut,0.5250413441712848
d010,30NL,psngRoadPrvt,mustOut,0.5953833074356125
d001,31DE,psngRoadPrvt,mustOut,0.5079593270659687
d002,31DE,psngRoadPrvt,mustOut,0.4721376019027686
d003,31DE,psngRoadPrvt,mustOut,0.5970723480918322
d004,31DE,psngRoadPrvt,mustOut,0.5774726621881944
d005,31DE,psngRoadPrvt,mustOut,0.5273668614782662
d006,31DE,psngRoadPrvt,mustOut,0.48109529347802366
d007,31DE,psngRoadPrvt,mustOut,0.6119808162778694
d008,31DE,psngRoadPrvt,mustOut,0.4831986969946617
d009,31DE,psngRoadPrvt,mustOut,0.5250413441712848
d010,31DE,psngRoadPrvt,mustOut,0.5953833074356125
d001,32DE,psngRoadPrvt,mustOut,0.5079593270659687
d002,32DE,psngRoadPrvt,mustOut,0.4721376019027686
d003,32DE,psngRoadPrvt,mustOut,0.5970723480918322
d004,32DE,psngRoadPrvt,mustOut,0.5774726621881944
d005,32DE,psngRoadPrvt,mustOut,0.5273668614782662
d006,32DE,psngRoadPrvt,mustOut,0.48109529347802366
d007,32DE,psngRoadPrvt,mustOut,0.6119808162778694
d008,32DE,psngRoadPrvt,mustOut,0.4831986969946617
d009,32DE,psngRoadPrvt,mustOut,0.5250413441712848
d010,32DE,psngRoadPrvt,mustOut,0.5953833074356125
d001,33DE,psngRoadPrvt,mustOut,0.5079593270659687
d002,33DE,psngRoadPrvt,mustOut,0.4721376019027686
d003,33DE,psngRoadPrvt,mustOut,0.5970723480918322
d004,33DE,psngRoadPrvt,mustOut,0.5774726621881944
d005,33DE,psngRoadPrvt,mustOut,0.5273668614782662
d006,33DE,psngRoadPrvt,mustOut,0.48109529347802366
d007,33DE,psngRoadPrvt,mustOut,0.6119808162778694
d008,33DE,psngRoadPrvt,mustOut,0.4831986969946617
d009,33DE,psngRoadPrvt,mustOut,0.5250413441712848
d010,33DE,psngRoadPrvt,mustOut,0.5953833074356125
d001,34DE,psngRoadPrvt,mustOut,0.5079593270659687
d002,34DE,psngRoadPrvt,mustOut,0.4721376019027686
d003,34DE,psngRoadPrvt,mustOut,0.5970723480918322
d004,34DE,psngRoadPrvt,mustOut,0.5774726621881944
d005,34DE,psngRoadPrvt,mustOut,0.5273668614782662
d006,34DE,psngRoadPrvt,mustOut,0.48109529347802366
d007,34DE,psngRoadPrvt,mustOut,0.6119808162778694
d008,34DE,psngRoadPrvt,mustOut,0.4831986969946617
d009,34DE,psngRoadPrvt,mustOut,0.5250413441712848
d010,34DE,psngRoadPrvt,mustOut,0.5953833074356125
d001,35DE,psngRoadPrvt,mustOut,0.5079593270659687
d002,35DE,psngRoadPrvt,mustOut,0.4721376019027686
d003,35DE,psngRoadPrvt,mustOut,0.5970723480918322
d004,35DE,psngRoadPrvt,mustOut,0.5774726621881944
d005,35DE,psngRoadPrvt,mustOut,0.5273668614782662
d006,35DE,psngRoadPrvt,mustOut,0.48109529347802366
d007,35DE,psngRoadPrvt,mustOut,0.6119808162778694
d008,35DE,psngRoadPrvt,mustOut,0.4831986969946617
d009,35DE,psngRoadPrvt,mustOut,0.5250413441712848
d010,35DE,psngRoadPrvt,mustOut,0.5953833074356125
d001,36DE,psngRoadPrvt,mustOut,0.5079593270659687
d002,36DE,psngRoadPrvt,mustOut,0.4721376019027686
d003,36DE,psngRoadPrvt,mustOut,0.5970723480918322
d004,36DE,psngRoadPrvt,mustOut,0.5774726621881944
d005,36DE,psngRoadPrvt,mustOut,0.5273668614782662
d006,36DE,psngRoadPrvt,mustOut,0.48109529347802366
d007,36DE,psngRoadPrvt,mustOut,0.6119808162778694
d008,36DE,psngRoadPrvt,mustOut,0.4831986969946617
d009,36DE,psngRoadPrvt,mustOut,0.5250413441712848
d010,36DE,psngRoadPrvt,mustOut,0.5953833074356125
d001,37DE,psngRoadPrvt,mustOut,0.5079593270659687
d002,37DE,psngRoadPrvt,mustOut,0.4721376019027686
d003,37DE,psngRoadPrvt,mustOut,0.5970723480918322
d004,37DE,psngRoadPrvt,mustOut,0.5774726621881944
d005,37DE,psngRoadPrvt,mustOut,0.5273668614782662
d006,37DE,psngRoadPrvt,mustOut,0.48109529347802366
d007,37DE,psngRoadPrvt,mustOut,0.6119808162778694
d008,37DE,psngRoadPrvt,mustOut,0.4831986969946617
d009,37DE,psngRoadPrvt,mustOut,0.5250413441712848
d010,37DE,psngRoadPrvt,mustOut,0.5953833074356125
d001,38DK,psngRoadPrvt,mustOut,0.5079593270659687
d002,38DK,psngRoadPrvt,mustOut,0.4721376019027686
d003,38DK,psngRoadPrvt,mustOut,0.5970723480918322
d004,38DK,psngRoadPrvt,mustOut,0.5774726621881944
d005,38DK,psngRoadPrvt,mustOut,0.5273668614782662
d006,38DK,psngRoadPrvt,mustOut,0.48109529347802366
d007,38DK,psngRoadPrvt,mustOut,0.6119808162778694
d008,38DK,psngRoadPrvt,mustOut,0.4831986969946617
d009,38DK,psngRoadPrvt,mustOut,0.5250413441712848
d010,38DK,psngRoadPrvt,mustOut,0.5953833074356125
d001,39CZ,psngRoadPrvt,mustOut,0.5079593270659687
d002,39CZ,psngRoadPrvt,mustOut,0.4721376019027686
d003,39CZ,psngRoadPrvt,mustOut,0.5970723480918322
d004,39CZ,psngRoadPrvt,mustOut,0.5774726621881944
d005,39CZ,psngRoadPrvt,mustOut,0.5273668614782662
d006,39CZ,psngRoadPrvt,mustOut,0.48109529347802366
d007,39CZ,psngRoadPrvt,mustOut,0.6119808162778694
d008,39CZ,psngRoadPrvt,mustOut,0.4831986969946617
d009,39CZ,psngRoadPrvt,mustOut,0.5250413441712848
d010,39CZ,psngRoadPrvt,mustOut,0.5953833074356125
d001,40CZ,psngRoadPrvt,mustOut,0.5079593270659687
d002,40CZ,psngRoadPrvt,mustOut,0.4721376019027686
d003,40CZ,psngRoadPrvt,mustOut,0.5970723480918322
d004,40CZ,psngRoadPrvt,mustOut,0.5774726621881944
d005,40CZ,psngRoadPrvt,mustOut,0.5273668614782662
d006,40CZ,psngRoadPrvt,mustOut,0.48109529347802366
d007,40CZ,psngRoadPrvt,mustOut,0.6119808162778694
d008,40CZ,psngRoadPrvt,mustOut,0.4831986969946617
d009,40CZ,psngRoadPrvt,mustOut,0.5250413441712848
d010,40CZ,psngRoadPrvt,mustOut,0.5953833074356125
d001,41PL,psngRoadPrvt,mustOut,0.5079593270659687
d002,41PL,psngRoadPrvt,mustOut,0.4721376019027686
d003,41PL,psngRoadPrvt,mustOut,0.5970723480918322
d004,41PL,psngRoadPrvt,mustOut,0.5774726621881944
d005,41PL,psngRoadPrvt,mustOut,0.5273668614782662
d006,41PL,psngRoadPrvt,mustOut,0.48109529347802366
d007,41PL,psngRoadPrvt,mustOut,0.6119808162778694
d008,41PL,psngRoadPrvt,mustOut,0.4831986969946617
d009,41PL,psngRoadPrvt,mustOut,0.5250413441712848
d010,41PL,psngRoadPrvt,mustOut,0.5953833074356125
d001,42PL,psngRoadPrvt,mustOut,0.5079593270659687
d002,42PL,psngRoadPrvt,mustOut,0.4721376019027686
d003,42PL,psngRoadPrvt,mustOut,0.5970723480918322
d004,42PL,psngRoadPrvt,mustOut,0.5774726621881944
d005,42PL,psngRoadPrvt,mustOut,0.5273668614782662
d006,42PL,psngRoadPrvt,mustOut,0.48109529347802366
d007,42PL,psngRoadPrvt,mustOut,0.6119808162778694
d008,42PL,psngRoadPrvt,mustOut,0.4831986969946617
d009,42PL,psngRoadPrvt,mustOut,0.5250413441712848
d010,42PL,psngRoadPrvt,mustOut,0.5953833074356125
d001,43PL,psngRoadPrvt,mustOut,0.5079593270659687
d002,43PL,psngRoadPrvt,mustOut,0.4721376019027686
d003,43PL,psngRoadPrvt,mustOut,0.5970723480918322
d004,43PL,psngRoadPrvt,mustOut,0.5774726621881944
d005,43PL,psngRoadPrvt,mustOut,0.5273668614782662
d006,43PL,psngRoadPrvt,mustOut,0.48109529347802366
d007,43PL,psngRoadPrvt,mustOut,0.6119808162778694
d008,43PL,psngRoadPrvt,mustOut,0.4831986969946617
d009,43PL,psngRoadPrvt,mustOut,0.5250413441712848
d010,43PL,psngRoadPrvt,mustOut,0.5953833074356125
d001,44PL,psngRoadPrvt,mustOut,0.5079593270659687
d002,44PL,psngRoadPrvt,mustOut,0.4721376019027686
d003,44PL,psngRoadPrvt,mustOut,0.5970723480918322
d004,44PL,psngRoadPrvt,mustOut,0.5774726621881944
d005,44PL,psngRoadPrvt,mustOut,0.5273668614782662
d006,44PL,psngRoadPrvt,mustOut,0.48109529347802366
d007,44PL,psngRoadPrvt,mustOut,0.6119808162778694
d008,44PL,psngRoadPrvt,mustOut,0.4831986969946617
d009,44PL,psngRoadPrvt,mustOut,0.5250413441712848
d010,44PL,psngRoadPrvt,mustOut,0.5953833074356125
d001,45PL,psngRoadPrvt,mustOut,0.5079593270659687
d002,45PL,psngRoadPrvt,mustOut,0.4721376019027686
d003,45PL,psngRoadPrvt,mustOut,0.5970723480918322
d004,45PL,psngRoadPrvt,mustOut,0.5774726621881944
d005,45PL,psngRoadPrvt,mustOut,0.5273668614782662
d006,45PL,psngRoadPrvt,mustOut,0.48109529347802366
d007,45PL,psngRoadPrvt,mustOut,0.6119808162778694
d008,45PL,psngRoadPrvt,mustOut,0.4831986969946617
d009,45PL,psngRoadPrvt,mustOut,0.5250413441712848
d010,45PL,psngRoadPrvt,mustOut,0.5953833074356125
d001,46SK,psngRoadPrvt,mustOut,0.5079593270659687
d002,46SK,psngRoadPrvt,mustOut,0.4721376019027686
d003,46SK,psngRoadPrvt,mustOut,0.5970723480918322
d004,46SK,psngRoadPrvt,mustOut,0.5774726621881944
d005,46SK,psngRoadPrvt,mustOut,0.5273668614782662
d006,46SK,psngRoadPrvt,mustOut,0.48109529347802366
d007,46SK,psngRoadPrvt,mustOut,0.6119808162778694
d008,46SK,psngRoadPrvt,mustOut,0.4831986969946617
d009,46SK,psngRoadPrvt,mustOut,0.5250413441712848
d010,46SK,psngRoadPrvt,mustOut,0.5953833074356125
d001,47CH,psngRoadPrvt,mustOut,0.5079593270659687
d002,47CH,psngRoadPrvt,mustOut,0.4721376019027686
d003,47CH,psngRoadPrvt,mustOut,0.5970723480918322
d004,47CH,psngRoadPrvt,mustOut,0.5774726621881944
d005,47CH,psngRoadPrvt,mustOut,0.5273668614782662
d006,47CH,psngRoadPrvt,mustOut,0.48109529347802366
d007,47CH,psngRoadPrvt,mustOut,0.6119808162778694
d008,47CH,psngRoadPrvt,mustOut,0.4831986969946617
d009,47CH,psngRoadPrvt,mustOut,0.5250413441712848
d010,47CH,psngRoadPrvt,mustOut,0.5953833074356125
d001,48CH,psngRoadPrvt,mustOut,0.5079593270659687
d002,48CH,psngRoadPrvt,mustOut,0.4721376019027686
d003,48CH,psngRoadPrvt,mustOut,0.5970723480918322
d004,48CH,psngRoadPrvt,mustOut,0.5774726621881944
d005,48CH,psngRoadPrvt,mustOut,0.5273668614782662
d006,48CH,psngRoadPrvt,mustOut,0.48109529347802366
d007,48CH,psngRoadPrvt,mustOut,0.6119808162778694
d008,48CH,psngRoadPrvt,mustOut,0.4831986969946617
d009,48CH,psngRoadPrvt,mustOut,0.5250413441712848
d010,48CH,psngRoadPrvt,mustOut,0.5953833074356125
d001,49AT,psngRoadPrvt,mustOut,0.5079593270659687
d002,49AT,psngRoadPrvt,mustOut,0.4721376019027686
d003,49AT,psngRoadPrvt,mustOut,0.5970723480918322
d004,49AT,psngRoadPrvt,mustOut,0.5774726621881944
d005,49AT,psngRoadPrvt,mustOut,0.5273668614782662
d006,49AT,psngRoadPrvt,mustOut,0.48109529347802366
d007,49AT,psngRoadPrvt,mustOut,0.6119808162778694
d008,49AT,psngRoadPrvt,mustOut,0.4831986969946617
d009,49AT,psngRoadPrvt,mustOut,0.5250413441712848
d010,49AT,psngRoadPrvt,mustOut,0.5953833074356125
d001,50AT,psngRoadPrvt,mustOut,0.5079593270659687
d002,50AT,psngRoadPrvt,mustOut,0.4721376019027686
d003,50AT,psngRoadPrvt,mustOut,0.5970723480918322
d004,50AT,psngRoadPrvt,mustOut,0.5774726621881944
d005,50AT,psngRoadPrvt,mustOut,0.5273668614782662
d006,50AT,psngRoadPrvt,mustOut,0.48109529347802366
d007,50AT,psngRoadPrvt,mustOut,0.6119808162778694
d008,50AT,psngRoadPrvt,mustOut,0.4831986969946617
d009,50AT,psngRoadPrvt,mustOut,0.5250413441712848
d010,50AT,psngRoadPrvt,mustOut,0.5953833074356125
d001,51AT,psngRoadPrvt,mustOut,0.5079593270659687
d002,51AT,psngRoadPrvt,mustOut,0.4721376019027686
d003,51AT,psngRoadPrvt,mustOut,0.5970723480918322
d004,51AT,psngRoadPrvt,mustOut,0.5774726621881944
d005,51AT,psngRoadPrvt,mustOut,0.5273668614782662
d006,51AT,psngRoadPrvt,mustOut,0.48109529347802366
d007,51AT,psngRoadPrvt,mustOut,0.6119808162778694
d008,51AT,psngRoadPrvt,mustOut,0.4831986969946617
d009,51AT,psngRoadPrvt,mustOut,0.5250413441712848
d010,51AT,psngRoadPrvt,mustOut,0.5953833074356125
d001,52IT,psngRoadPrvt,mustOut,0.5079593270659687
d002,52IT,psngRoadPrvt,mustOut,0.4721376019027686
d003,52IT,psngRoadPrvt,mustOut,0.5970723480918322
d004,52IT,psngRoadPrvt,mustOut,0.5774726621881944
d005,52IT,psngRoadPrvt,mustOut,0.5273668614782662
d006,52IT,psngRoadPrvt,mustOut,0.48109529347802366
d007,52IT,psngRoadPrvt,mustOut,0.6119808162778694
d008,52IT,psngRoadPrvt,mustOut,0.4831986969946617
d009,52IT,psngRoadPrvt,mustOut,0.5250413441712848
d010,52IT,psngRoadPrvt,mustOut,0.5953833074356125
d001,53IT,psngRoadPrvt,mustOut,0.5079593270659687
d002,53IT,psngRoadPrvt,mustOut,0.4721376019027686
d003,53IT,psngRoadPrvt,mustOut,0.5970723480918322
d004,53IT,psngRoadPrvt,mustOut,0.5774726621881944
d005,53IT,psngRoadPrvt,mustOut,0.5273668614782662
d006,53IT,psngRoadPrvt,mustOut,0.48109529347802366
d007,53IT,psngRoadPrvt,mustOut,0.6119808162778694
d008,53IT,psngRoadPrvt,mustOut,0.4831986969946617
d009,53IT,psngRoadPrvt,mustOut,0.5250413441712848
d010,53IT,psngRoadPrvt,mustOut,0.5953833074356125
d001,54IT,psngRoadPrvt,mustOut,0.5079593270659687
d002,54IT,psngRoadPrvt,mustOut,0.4721376019027686
d003,54IT,psngRoadPrvt,mustOut,0.5970723480918322
d004,54IT,psngRoadPrvt,mustOut,0.5774726621881944
d005,54IT,psngRoadPrvt,mustOut,0.5273668614782662
d006,54IT,psngRoadPrvt,mustOut,0.48109529347802366
d007,54IT,psngRoadPrvt,mustOut,0.6119808162778694
d008,54IT,psngRoadPrvt,mustOut,0.4831986969946617
d009,54IT,psngRoadPrvt,mustOut,0.5250413441712848
d010,54IT,psngRoadPrvt,mustOut,0.5953833074356125
d001,55IT,psngRoadPrvt,mustOut,0.5079593270659687
d002,55IT,psngRoadPrvt,mustOut,0.4721376019027686
d003,55IT,psngRoadPrvt,mustOut,0.5970723480918322
d004,55IT,psngRoadPrvt,mustOut,0.5774726621881944
d005,55IT,psngRoadPrvt,mustOut,0.5273668614782662
d006,55IT,psngRoadPrvt,mustOut,0.48109529347802366
d007,55IT,psngRoadPrvt,mustOut,0.6119808162778694
d008,55IT,psngRoadPrvt,mustOut,0.4831986969946617
d009,55IT,psngRoadPrvt,mustOut,0.5250413441712848
d010,55IT,psngRoadPrvt,mustOut,0.5953833074356125
d001,56IT,psngRoadPrvt,mustOut,0.5079593270659687
d002,56IT,psngRoadPrvt,mustOut,0.4721376019027686
d003,56IT,psngRoadPrvt,mustOut,0.5970723480918322
d004,56IT,psngRoadPrvt,mustOut,0.5774726621881944
d005,56IT,psngRoadPrvt,mustOut,0.5273668614782662
d006,56IT,psngRoadPrvt,mustOut,0.48109529347802366
d007,56IT,psngRoadPrvt,mustOut,0.6119808162778694
d008,56IT,psngRoadPrvt,mustOut,0.4831986969946617
d009,56IT,psngRoadPrvt,mustOut,0.5250413441712848
d010,56IT,psngRoadPrvt,mustOut,0.5953833074356125
d001,57SI,psngRoadPrvt,mustOut,0.5079593270659687
d002,57SI,psngRoadPrvt,mustOut,0.4721376019027686
d003,57SI,psngRoadPrvt,mustOut,0.5970723480918322
d004,57SI,psngRoadPrvt,mustOut,0.5774726621881944
d005,57SI,psngRoadPrvt,mustOut,0.5273668614782662
d006,57SI,psngRoadPrvt,mustOut,0.48109529347802366
d007,57SI,psngRoadPrvt,mustOut,0.6119808162778694
d008,57SI,psngRoadPrvt,mustOut,0.4831986969946617
d009,57SI,psngRoadPrvt,mustOut,0.5250413441712848
d010,57SI,psngRoadPrvt,mustOut,0.5953833074356125
d001,58HU,psngRoadPrvt,mustOut,0.5079593270659687
d002,58HU,psngRoadPrvt,mustOut,0.4721376019027686
d003,58HU,psngRoadPrvt,mustOut,0.5970723480918322
d004,58HU,psngRoadPrvt,mustOut,0.5774726621881944
d005,58HU,psngRoadPrvt,mustOut,0.5273668614782662
d006,58HU,psngRoadPrvt,mustOut,0.48109529347802366
d007,58HU,psngRoadPrvt,mustOut,0.6119808162778694
d008,58HU,psngRoadPrvt,mustOut,0.4831986969946617
d009,58HU,psngRoadPrvt,mustOut,0.5250413441712848
d010,58HU,psngRoadPrvt,mustOut,0.5953833074356125
d001,59RO,psngRoadPrvt,mustOut,0.5079593270659687
d002,59RO,psngRoadPrvt,mustOut,0.4721376019027686
d003,59RO,psngRoadPrvt,mustOut,0.5970723480918322
d004,59RO,psngRoadPrvt,mustOut,0.5774726621881944
d005,59RO,psngRoadPrvt,mustOut,0.5273668614782662
d006,59RO,psngRoadPrvt,mustOut,0.48109529347802366
d007,59RO,psngRoadPrvt,mustOut,0.6119808162778694
d008,59RO,psngRoadPrvt,mustOut,0.4831986969946617
d009,59RO,psngRoadPrvt,mustOut,0.5250413441712848
d010,59RO,psngRoadPrvt,mustOut,0.5953833074356125
d001,60RO,psngRoadPrvt,mustOut,0.5079593270659687
d002,60RO,psngRoadPrvt,mustOut,0.4721376019027686
d003,60RO,psngRoadPrvt,mustOut,0.5970723480918322
d004,60RO,psngRoadPrvt,mustOut,0.5774726621881944
d005,60RO,psngRoadPrvt,mustOut,0.5273668614782662
d006,60RO,psngRoadPrvt,mustOut,0.48109529347802366
d007,60RO,psngRoadPrvt,mustOut,0.6119808162778694
d008,60RO,psngRoadPrvt,mustOut,0.4831986969946617
d009,60RO,psngRoadPrvt,mustOut,0.5250413441712848
d010,60RO,psngRoadPrvt,mustOut,0.5953833074356125
d001,61RO,psngRoadPrvt,mustOut,0.5079593270659687
d002,61RO,psngRoadPrvt,mustOut,0.4721376019027686
d003,61RO,psngRoadPrvt,mustOut,0.5970723480918322
d004,61RO,psngRoadPrvt,mustOut,0.5774726621881944
d005,61RO,psngRoadPrvt,mustOut,0.5273668614782662
d006,61RO,psngRoadPrvt,mustOut,0.48109529347802366
d007,61RO,psngRoadPrvt,mustOut,0.6119808162778694
d008,61RO,psngRoadPrvt,mustOut,0.4831986969946617
d009,61RO,psngRoadPrvt,mustOut,0.5250413441712848
d010,61RO,psngRoadPrvt,mustOut,0.5953833074356125
d001,62HR,psngRoadPrvt,mustOut,0.5079593270659687
d002,62HR,psngRoadPrvt,mustOut,0.4721376019027686
d003,62HR,psngRoadPrvt,mustOut,0.5970723480918322
d004,62HR,psngRoadPrvt,mustOut,0.5774726621881944
d005,62HR,psngRoadPrvt,mustOut,0.5273668614782662
d006,62HR,psngRoadPrvt,mustOut,0.48109529347802366
d007,62HR,psngRoadPrvt,mustOut,0.6119808162778694
d008,62HR,psngRoadPrvt,mustOut,0.4831986969946617
d009,62HR,psngRoadPrvt,mustOut,0.5250413441712848
d010,62HR,psngRoadPrvt,mustOut,0.5953833074356125
d001,63BA,psngRoadPrvt,mustOut,0.5079593270659687
d002,63BA,psngRoadPrvt,mustOut,0.4721376019027686
d003,63BA,psngRoadPrvt,mustOut,0.5970723480918322
d004,63BA,psngRoadPrvt,mustOut,0.5774726621881944
d005,63BA,psngRoadPrvt,mustOut,0.5273668614782662
d006,63BA,psngRoadPrvt,mustOut,0.48109529347802366
d007,63BA,psngRoadPrvt,mustOut,0.6119808162778694
d008,63BA,psngRoadPrvt,mustOut,0.4831986969946617
d009,63BA,psngRoadPrvt,mustOut,0.5250413441712848
d010,63BA,psngRoadPrvt,mustOut,0.5953833074356125
d001,64ME,psngRoadPrvt,mustOut,0.5079593270659687
d002,64ME,psngRoadPrvt,mustOut,0.4721376019027686
d003,64ME,psngRoadPrvt,mustOut,0.5970723480918322
d004,64ME,psngRoadPrvt,mustOut,0.5774726621881944
d005,64ME,psngRoadPrvt,mustOut,0.5273668614782662
d006,64ME,psngRoadPrvt,mustOut,0.48109529347802366
d007,64ME,psngRoadPrvt,mustOut,0.6119808162778694
d008,64ME,psngRoadPrvt,mustOut,0.4831986969946617
d009,64ME,psngRoadPrvt,mustOut,0.5250413441712848
d010,64ME,psngRoadPrvt,mustOut,0.5953833074356125
d001,65RS,psngRoadPrvt,mustOut,0.5079593270659687
d002,65RS,psngRoadPrvt,mustOut,0.4721376019027686
d003,65RS,psngRoadPrvt,mustOut,0.5970723480918322
d004,65RS,psngRoadPrvt,mustOut,0.5774726621881944
d005,65RS,psngRoadPrvt,mustOut,0.5273668614782662
d006,65RS,psngRoadPrvt,mustOut,0.48109529347802366
d007,65RS,psngRoadPrvt,mustOut,0.6119808162778694
d008,65RS,psngRoadPrvt,mustOut,0.4831986969946617
d009,65RS,psngRoadPrvt,mustOut,0.5250413441712848
d010,65RS,psngRoadPrvt,mustOut,0.5953833074356125
d001,66BG,psngRoadPrvt,mustOut,0.5079593270659687
d002,66BG,psngRoadPrvt,mustOut,0.4721376019027686
d003,66BG,psngRoadPrvt,mustOut,0.5970723480918322
d004,66BG,psngRoadPrvt,mustOut,0.5774726621881944
d005,66BG,psngRoadPrvt,mustOut,0.5273668614782662
d006,66BG,psngRoadPrvt,mustOut,0.48109529347802366
d007,66BG,psngRoadPrvt,mustOut,0.6119808162778694
d008,66BG,psngRoadPrvt,mustOut,0.4831986969946617
d009,66BG,psngRoadPrvt,mustOut,0.5250413441712848
d010,66BG,psngRoadPrvt,mustOut,0.5953833074356125
d001,67MK,psngRoadPrvt,mustOut,0.5079593270659687
d002,67MK,psngRoadPrvt,mustOut,0.4721376019027686
d003,67MK,psngRoadPrvt,mustOut,0.5970723480918322
d004,67MK,psngRoadPrvt,mustOut,0.5774726621881944
d005,67MK,psngRoadPrvt,mustOut,0.5273668614782662
d006,67MK,psngRoadPrvt,mustOut,0.48109529347802366
d007,67MK,psngRoadPrvt,mustOut,0.6119808162778694
d008,67MK,psngRoadPrvt,mustOut,0.4831986969946617
d009,67MK,psngRoadPrvt,mustOut,0.5250413441712848
d010,67MK,psngRoadPrvt,mustOut,0.5953833074356125
d001,68GR,psngRoadPrvt,mustOut,0.5079593270659687
d002,68GR,psngRoadPrvt,mustOut,0.4721376019027686
d003,68GR,psngRoadPrvt,mustOut,0.5970723480918322
d004,68GR,psngRoadPrvt,mustOut,0.5774726621881944
d005,68GR,psngRoadPrvt,mustOut,0.5273668614782662
d006,68GR,psngRoadPrvt,mustOut,0.48109529347802366
d007,68GR,psngRoadPrvt,mustOut,0.6119808162778694
d008,68GR,psngRoadPrvt,mustOut,0.4831986969946617
d009,68GR,psngRoadPrvt,mustOut,0.5250413441712848
d010,68GR,psngRoadPrvt,mustOut,0.5953833074356125
d001,69GR,psngRoadPrvt,mustOut,0.5079593270659687
d002,69GR,psngRoadPrvt,mustOut,0.4721376019027686
d003,69GR,psngRoadPrvt,mustOut,0.5970723480918322
d004,69GR,psngRoadPrvt,mustOut,0.5774726621881944
d005,69GR,psngRoadPrvt,mustOut,0.5273668614782662
d006,69GR,psngRoadPrvt,mustOut,0.48109529347802366
d007,69GR,psngRoadPrvt,mustOut,0.6119808162778694
d008,69GR,psngRoadPrvt,mustOut,0.4831986969946617
d009,69GR,psngRoadPrvt,mustOut,0.5250413441712848
d010,69GR,psngRoadPrvt,mustOut,0.5953833074356125
d001,70AL,psngRoadPrvt,mustOut,0.5079593270659687
d002,70AL,psngRoadPrvt,mustOut,0.4721376019027686
d003,70AL,psngRoadPrvt,mustOut,0.5970723480918322
d004,70AL,psngRoadPrvt,mustOut,0.5774726621881944
d005,70AL,psngRoadPrvt,mustOut,0.5273668614782662
d006,70AL,psngRoadPrvt,mustOut,0.48109529347802366
d007,70AL,psngRoadPrvt,mustOut,0.6119808162778694
d008,70AL,psngRoadPrvt,mustOut,0.4831986969946617
d009,70AL,psngRoadPrvt,mustOut,0.5250413441712848
d010,70AL,psngRoadPrvt,mustOut,0.5953833074356125
d001,72DK,psngRoadPrvt,mustOut,0.5079593270659687
d002,72DK,psngRoadPrvt,mustOut,0.4721376019027686
d003,72DK,psngRoadPrvt,mustOut,0.5970723480918322
d004,72DK,psngRoadPrvt,mustOut,0.5774726621881944
d005,72DK,psngRoadPrvt,mustOut,0.5273668614782662
d006,72DK,psngRoadPrvt,mustOut,0.48109529347802366
d007,72DK,psngRoadPrvt,mustOut,0.6119808162778694
d008,72DK,psngRoadPrvt,mustOut,0.4831986969946617
d009,72DK,psngRoadPrvt,mustOut,0.5250413441712848
d010,72DK,psngRoadPrvt,mustOut,0.5953833074356125
d001,73EE,psngRoadPrvt,mustOut,0.5079593270659687
d002,73EE,psngRoadPrvt,mustOut,0.4721376019027686
d003,73EE,psngRoadPrvt,mustOut,0.5970723480918322
d004,73EE,psngRoadPrvt,mustOut,0.5774726621881944
d005,73EE,psngRoadPrvt,mustOut,0.5273668614782662
d006,73EE,psngRoadPrvt,mustOut,0.48109529347802366
d007,73EE,psngRoadPrvt,mustOut,0.6119808162778694
d008,73EE,psngRoadPrvt,mustOut,0.4831986969946617
d009,73EE,psngRoadPrvt,mustOut,0.5250413441712848
d010,73EE,psngRoadPrvt,mustOut,0.5953833074356125
d001,74FI,psngRoadPrvt,mustOut,0.5079593270659687
d002,74FI,psngRoadPrvt,mustOut,0.4721376019027686
d003,74FI,psngRoadPrvt,mustOut,0.5970723480918322
d004,74FI,psngRoadPrvt,mustOut,0.5774726621881944
d005,74FI,psngRoadPrvt,mustOut,0.5273668614782662
d006,74FI,psngRoadPrvt,mustOut,0.48109529347802366
d007,74FI,psngRoadPrvt,mustOut,0.6119808162778694
d008,74FI,psngRoadPrvt,mustOut,0.4831986969946617
d009,74FI,psngRoadPrvt,mustOut,0.5250413441712848
d010,74FI,psngRoadPrvt,mustOut,0.5953833074356125
d001,75FI,psngRoadPrvt,mustOut,0.5079593270659687
d002,75FI,psngRoadPrvt,mustOut,0.4721376019027686
d003,75FI,psngRoadPrvt,mustOut,0.5970723480918322
d004,75FI,psngRoadPrvt,mustOut,0.5774726621881944
d005,75FI,psngRoadPrvt,mustOut,0.5273668614782662
d006,75FI,psngRoadPrvt,mustOut,0.48109529347802366
d007,75FI,psngRoadPrvt,mustOut,0.6119808162778694
d008,75FI,psngRoadPrvt,mustOut,0.4831986969946617
d009,75FI,psngRoadPrvt,mustOut,0.5250413441712848
d010,75FI,psngRoadPrvt,mustOut,0.5953833074356125
d001,77LT,psngRoadPrvt,mustOut,0.5079593270659687
d002,77LT,psngRoadPrvt,mustOut,0.4721376019027686
d003,77LT,psngRoadPrvt,mustOut,0.5970723480918322
d004,77LT,psngRoadPrvt,mustOut,0.5774726621881944
d005,77LT,psngRoadPrvt,mustOut,0.5273668614782662
d006,77LT,psngRoadPrvt,mustOut,0.48109529347802366
d007,77LT,psngRoadPrvt,mustOut,0.6119808162778694
d008,77LT,psngRoadPrvt,mustOut,0.4831986969946617
d009,77LT,psngRoadPrvt,mustOut,0.5250413441712848
d010,77LT,psngRoadPrvt,mustOut,0.5953833074356125
d001,78LV,psngRoadPrvt,mustOut,0.5079593270659687
d002,78LV,psngRoadPrvt,mustOut,0.4721376019027686
d003,78LV,psngRoadPrvt,mustOut,0.5970723480918322
d004,78LV,psngRoadPrvt,mustOut,0.5774726621881944
d005,78LV,psngRoadPrvt,mustOut,0.5273668614782662
d006,78LV,psngRoadPrvt,mustOut,0.48109529347802366
d007,78LV,psngRoadPrvt,mustOut,0.6119808162778694
d008,78LV,psngRoadPrvt,mustOut,0.4831986969946617
d009,78LV,psngRoadPrvt,mustOut,0.5250413441712848
d010,78LV,psngRoadPrvt,mustOut,0.5953833074356125
d001,79NO,psngRoadPrvt,mustOut,0.5079593270659687
d002,79NO,psngRoadPrvt,mustOut,0.4721376019027686
d003,79NO,psngRoadPrvt,mustOut,0.5970723480918322
d004,79NO,psngRoadPrvt,mustOut,0.5774726621881944
d005,79NO,psngRoadPrvt,mustOut,0.5273668614782662
d006,79NO,psngRoadPrvt,mustOut,0.48109529347802366
d007,79NO,psngRoadPrvt,mustOut,0.6119808162778694
d008,79NO,psngRoadPrvt,mustOut,0.4831986969946617
d009,79NO,psngRoadPrvt,mustOut,0.5250413441712848
d010,79NO,psngRoadPrvt,mustOut,0.5953833074356125
d001,80NO,psngRoadPrvt,mustOut,0.5079593270659687
d002,80NO,psngRoadPrvt,mustOut,0.4721376019027686
d003,80NO,psngRoadPrvt,mustOut,0.5970723480918322
d004,80NO,psngRoadPrvt,mustOut,0.5774726621881944
d005,80NO,psngRoadPrvt,mustOut,0.5273668614782662
d006,80NO,psngRoadPrvt,mustOut,0.48109529347802366
d007,80NO,psngRoadPrvt,mustOut,0.6119808162778694
d008,80NO,psngRoadPrvt,mustOut,0.4831986969946617
d009,80NO,psngRoadPrvt,mustOut,0.5250413441712848
d010,80NO,psngRoadPrvt,mustOut,0.5953833074356125
d001,81NO,psngRoadPrvt,mustOut,0.5079593270659687
d002,81NO,psngRoadPrvt,mustOut,0.4721376019027686
d003,81NO,psngRoadPrvt,mustOut,0.5970723480918322
d004,81NO,psngRoadPrvt,mustOut,0.5774726621881944
d005,81NO,psngRoadPrvt,mustOut,0.5273668614782662
d006,81NO,psngRoadPrvt,mustOut,0.48109529347802366
d007,81NO,psngRoadPrvt,mustOut,0.6119808162778694
d008,81NO,psngRoadPrvt,mustOut,0.4831986969946617
d009,81NO,psngRoadPrvt,mustOut,0.5250413441712848
d010,81NO,psngRoadPrvt,mustOut,0.5953833074356125
d001,82NO,psngRoadPrvt,mustOut,0.5079593270659687
d002,82NO,psngRoadPrvt,mustOut,0.4721376019027686
d003,82NO,psngRoadPrvt,mustOut,0.5970723480918322
d004,82NO,psngRoadPrvt,mustOut,0.5774726621881944
d005,82NO,psngRoadPrvt,mustOut,0.5273668614782662
d006,82NO,psngRoadPrvt,mustOut,0.48109529347802366
d007,82NO,psngRoadPrvt,mustOut,0.6119808162778694
d008,82NO,psngRoadPrvt,mustOut,0.4831986969946617
d009,82NO,psngRoadPrvt,mustOut,0.5250413441712848
d010,82NO,psngRoadPrvt,mustOut,0.5953833074356125
d001,83NO,psngRoadPrvt,mustOut,0.5079593270659687
d002,83NO,psngRoadPrvt,mustOut,0.4721376019027686
d003,83NO,psngRoadPrvt,mustOut,0.5970723480918322
d004,83NO,psngRoadPrvt,mustOut,0.5774726621881944
d005,83NO,psngRoadPrvt,mustOut,0.5273668614782662
d006,83NO,psngRoadPrvt,mustOut,0.48109529347802366
d007,83NO,psngRoadPrvt,mustOut,0.6119808162778694
d008,83NO,psngRoadPrvt,mustOut,0.4831986969946617
d009,83NO,psngRoadPrvt,mustOut,0.5250413441712848
d010,83NO,psngRoadPrvt,mustOut,0.5953833074356125
d001,84NO,psngRoadPrvt,mustOut,0.5079593270659687
d002,84NO,psngRoadPrvt,mustOut,0.4721376019027686
d003,84NO,psngRoadPrvt,mustOut,0.5970723480918322
d004,84NO,psngRoadPrvt,mustOut,0.5774726621881944
d005,84NO,psngRoadPrvt,mustOut,0.5273668614782662
d006,84NO,psngRoadPrvt,mustOut,0.48109529347802366
d007,84NO,psngRoadPrvt,mustOut,0.6119808162778694
d008,84NO,psngRoadPrvt,mustOut,0.4831986969946617
d009,84NO,psngRoadPrvt,mustOut,0.5250413441712848
d010,84NO,psngRoadPrvt,mustOut,0.5953833074356125
d001,85NO,psngRoadPrvt,mustOut,0.5079593270659687
d002,85NO,psngRoadPrvt,mustOut,0.4721376019027686
d003,85NO,psngRoadPrvt,mustOut,0.5970723480918322
d004,85NO,psngRoadPrvt,mustOut,0.5774726621881944
d005,85NO,psngRoadPrvt,mustOut,0.5273668614782662
d006,85NO,psngRoadPrvt,mustOut,0.48109529347802366
d007,85NO,psngRoadPrvt,mustOut,0.6119808162778694
d008,85NO,psngRoadPrvt,mustOut,0.4831986969946617
d009,85NO,psngRoadPrvt,mustOut,0.5250413441712848
d010,85NO,psngRoadPrvt,mustOut,0.5953833074356125
d001,86SE,psngRoadPrvt,mustOut,0.5079593270659687
d002,86SE,psngRoadPrvt,mustOut,0.4721376019027686
d003,86SE,psngRoadPrvt,mustOut,0.5970723480918322
d004,86SE,psngRoadPrvt,mustOut,0.5774726621881944
d005,86SE,psngRoadPrvt,mustOut,0.5273668614782662
d006,86SE,psngRoadPrvt,mustOut,0.48109529347802366
d007,86SE,psngRoadPrvt,mustOut,0.6119808162778694
d008,86SE,psngRoadPrvt,mustOut,0.4831986969946617
d009,86SE,psngRoadPrvt,mustOut,0.5250413441712848
d010,86SE,psngRoadPrvt,mustOut,0.5953833074356125
d001,87SE,psngRoadPrvt,mustOut,0.5079593270659687
d002,87SE,psngRoadPrvt,mustOut,0.4721376019027686
d003,87SE,psngRoadPrvt,mustOut,0.5970723480918322
d004,87SE,psngRoadPrvt,mustOut,0.5774726621881944
d005,87SE,psngRoadPrvt,mustOut,0.5273668614782662
d006,87SE,psngRoadPrvt,mustOut,0.48109529347802366
d007,87SE,psngRoadPrvt,mustOut,0.6119808162778694
d008,87SE,psngRoadPrvt,mustOut,0.4831986969946617
d009,87SE,psngRoadPrvt,mustOut,0.5250413441712848
d010,87SE,psngRoadPrvt,mustOut,0.5953833074356125
d001,88SE,psngRoadPrvt,mustOut,0.5079593270659687
d002,88SE,psngRoadPrvt,mustOut,0.4721376019027686
d003,88SE,psngRoadPrvt,mustOut,0.5970723480918322
d004,88SE,psngRoadPrvt,mustOut,0.5774726621881944
d005,88SE,psngRoadPrvt,mustOut,0.5273668614782662
d006,88SE,psngRoadPrvt,mustOut,0.48109529347802366
d007,88SE,psngRoadPrvt,mustOut,0.6119808162778694
d008,88SE,psngRoadPrvt,mustOut,0.4831986969946617
d009,88SE,psngRoadPrvt,mustOut,0.5250413441712848
d010,88SE,psngRoadPrvt,mustOut,0.5953833074356125
d001,89SE,psngRoadPrvt,mustOut,0.5079593270659687
d002,89SE,psngRoadPrvt,mustOut,0.4721376019027686
d003,89SE,psngRoadPrvt,mustOut,0.5970723480918322
d004,89SE,psngRoadPrvt,mustOut,0.5774726621881944
d005,89SE,psngRoadPrvt,mustOut,0.5273668614782662
d006,89SE,psngRoadPrvt,mustOut,0.48109529347802366
d007,89SE,psngRoadPrvt,mustOut,0.6119808162778694
d008,89SE,psngRoadPrvt,mustOut,0.4831986969946617
d009,89SE,psngRoadPrvt,mustOut,0.5250413441712848
d010,89SE,psngRoadPrvt,mustOut,0.5953833074356125
d001,90UK,psngRoadPrvt,mustOut,0.5079593270659687
d002,90UK,psngRoadPrvt,mustOut,0.4721376019027686
d003,90UK,psngRoadPrvt,mustOut,0.5970723480918322
d004,90UK,psngRoadPrvt,mustOut,0.5774726621881944
d005,90UK,psngRoadPrvt,mustOut,0.5273668614782662
d006,90UK,psngRoadPrvt,mustOut,0.48109529347802366
d007,90UK,psngRoadPrvt,mustOut,0.6119808162778694
d008,90UK,psngRoadPrvt,mustOut,0.4831986969946617
d009,90UK,psngRoadPrvt,mustOut,0.5250413441712848
d010,90UK,psngRoadPrvt,mustOut,0.5953833074356125
d001,91UK,psngRoadPrvt,mustOut,0.5079593270659687
d002,91UK,psngRoadPrvt,mustOut,0.4721376019027686
d003,91UK,psngRoadPrvt,mustOut,0.5970723480918322
d004,91UK,psngRoadPrvt,mustOut,0.5774726621881944
d005,91UK,psngRoadPrvt,mustOut,0.5273668614782662
d006,91UK,psngRoadPrvt,mustOut,0.48109529347802366
d007,91UK,psngRoadPrvt,mustOut,0.6119808162778694
d008,91UK,psngRoadPrvt,mustOut,0.4831986969946617
d009,91UK,psngRoadPrvt,mustOut,0.5250413441712848
d010,91UK,psngRoadPrvt,mustOut,0.5953833074356125
d001,92UK,psngRoadPrvt,mustOut,0.5079593270659687
d002,92UK,psngRoadPrvt,mustOut,0.4721376019027686
d003,92UK,psngRoadPrvt,mustOut,0.5970723480918322
d004,92UK,psngRoadPrvt,mustOut,0.5774726621881944
d005,92UK,psngRoadPrvt,mustOut,0.5273668614782662
d006,92UK,psngRoadPrvt,mustOut,0.48109529347802366
d007,92UK,psngRoadPrvt,mustOut,0.6119808162778694
d008,92UK,psngRoadPrvt,mustOut,0.4831986969946617
d009,92UK,psngRoadPrvt,mustOut,0.5250413441712848
d010,92UK,psngRoadPrvt,mustOut,0.5953833074356125
d001,93UK,psngRoadPrvt,mustOut,0.5079593270659687
d002,93UK,psngRoadPrvt,mustOut,0.4721376019027686
d003,93UK,psngRoadPrvt,mustOut,0.5970723480918322
d004,93UK,psngRoadPrvt,mustOut,0.5774726621881944
d005,93UK,psngRoadPrvt,mustOut,0.5273668614782662
d006,93UK,psngRoadPrvt,mustOut,0.48109529347802366
d007,93UK,psngRoadPrvt,mustOut,0.6119808162778694
d008,93UK,psngRoadPrvt,mustOut,0.4831986969946617
d009,93UK,psngRoadPrvt,mustOut,0.5250413441712848
d010,93UK,psngRoadPrvt,mustOut,0.5953833074356125
d001,94UK,psngRoadPrvt,mustOut,0.5079593270659687
d002,94UK,psngRoadPrvt,mustOut,0.4721376019027686
d003,94UK,psngRoadPrvt,mustOut,0.5970723480918322
d004,94UK,psngRoadPrvt,mustOut,0.5774726621881944
d005,94UK,psngRoadPrvt,mustOut,0.5273668614782662
d006,94UK,psngRoadPrvt,mustOut,0.48109529347802366
d007,94UK,psngRoadPrvt,mustOut,0.6119808162778694
d008,94UK,psngRoadPrvt,mustOut,0.4831986969946617
d009,94UK,psngRoadPrvt,mustOut,0.5250413441712848
d010,94UK,psngRoadPrvt,mustOut,0.5953833074356125
d001,95UK,psngRoadPrvt,mustOut,0.5079593270659687
d002,95UK,psngRoadPrvt,mustOut,0.4721376019027686
d003,95UK,psngRoadPrvt,mustOut,0.5970723480918322
d004,95UK,psngRoadPrvt,mustOut,0.5774726621881944
d005,95UK,psngRoadPrvt,mustOut,0.5273668614782662
d006,95UK,psngRoadPrvt,mustOut,0.48109529347802366
d007,95UK,psngRoadPrvt,mustOut,0.6119808162778694
d008,95UK,psngRoadPrvt,mustOut,0.4831986969946617
d009,95UK,psngRoadPrvt,mustOut,0.5250413441712848
d010,95UK,psngRoadPrvt,mustOut,0.5953833074356125
d001,96IE,psngRoadPrvt,mustOut,0.5079593270659687
d002,96IE,psngRoadPrvt,mustOut,0.4721376019027686
d003,96IE,psngRoadPrvt,mustOut,0.5970723480918322
d004,96IE,psngRoadPrvt,mustOut,0.5774726621881944
d005,96IE,psngRoadPrvt,mustOut,0.5273668614782662
d006,96IE,psngRoadPrvt,mustOut,0.48109529347802366
d007,96IE,psngRoadPrvt,mustOut,0.6119808162778694
d008,96IE,psngRoadPrvt,mustOut,0.4831986969946617
d009,96IE,psngRoadPrvt,mustOut,0.5250413441712848
d010,96IE,psngRoadPrvt,mustOut,0.5953833074356125
d001,98IT,psngRoadPrvt,mustOut,0.5079593270659687
d002,98IT,psngRoadPrvt,mustOut,0.4721376019027686
d003,98IT,psngRoadPrvt,mustOut,0.5970723480918322
d004,98IT,psngRoadPrvt,mustOut,0.5774726621881944
d005,98IT,psngRoadPrvt,mustOut,0.5273668614782662
d006,98IT,psngRoadPrvt,mustOut,0.48109529347802366
d007,98IT,psngRoadPrvt,mustOut,0.6119808162778694
d008,98IT,psngRoadPrvt,mustOut,0.4831986969946617
d009,98IT,psngRoadPrvt,mustOut,0.5250413441712848
d010,98IT,psngRoadPrvt,mustOut,0.5953833074356125
d001,99FR,psngRoadPrvt,mustOut,0.5079593270659687
d002,99FR,psngRoadPrvt,mustOut,0.4721376019027686
d003,99FR,psngRoadPrvt,mustOut,0.5970723480918322
d004,99FR,psngRoadPrvt,mustOut,0.5774726621881944
d005,99FR,psngRoadPrvt,mustOut,0.5273668614782662
d006,99FR,psngRoadPrvt,mustOut,0.48109529347802366
d007,99FR,psngRoadPrvt,mustOut,0.6119808162778694
d008,99FR,psngRoadPrvt,mustOut,0.4831986969946617
d009,99FR,psngRoadPrvt,mustOut,0.5250413441712848
d010,99FR,psngRoadPrvt,mustOut,0.5953833074356125
