region_4,timestep_6,value,scenario_1,parameter,technology_3
AT,h0049,0.09557142853736877,scr1988,avaStIn,bevPsngRoadPrvt
AT,h0050,0.17064263857901096,scr1988,avaStIn,bevPsngRoadPrvt
AT,h0051,0.3525880426168442,scr1988,avaStIn,bevPsngRoadPrvt
AT,h0052,0.4577559642493725,scr1988,avaStIn,bevPsngRoadPrvt
AT,h0053,0.47625396959483624,scr1988,avaStIn,bevPsngRoadPrvt
AT,h0054,0.4800655394792557,scr1988,avaStIn,bevPsngRoadPrvt
AT,h0055,0.5075174178928137,scr1988,avaStIn,bevPsngRoadPrvt
AT,h0056,0.4638236556202173,scr1988,avaStIn,bevPsngRoadPrvt
AT,h0057,0.3683921564370394,scr1988,avaStIn,bevPsngRoadPrvt
AT,h0058,0.2555831428617239,scr1988,avaStIn,bevPsngRoadPrvt
AT,h0059,0.2373066395521164,scr1988,avaStIn,bevPsngRoadPrvt
AT,h0060,0.2616388164460659,scr1988,avaStIn,bevPsngRoadPrvt
AT,h0061,0.37395197711884975,scr1988,avaStIn,bevPsngRoadPrvt
AT,h0062,0.42027763836085796,scr1988,avaStIn,bevPsngRoadPrvt
AT,h0063,0.4426503125578165,scr1988,avaStIn,bevPsngRoadPrvt
AT,h0064,0.39199019968509674,scr1988,avaStIn,bevPsngRoadPrvt
AT,h0065,0.3610182013362646,scr1988,avaStIn,bevPsngRoadPrvt
AT,h0066,0.31815357878804207,scr1988,avaStIn,bevPsngRoadPrvt
AT,h0067,0.19502571783959866,scr1988,avaStIn,bevPsngRoadPrvt
AT,h0068,0.11592018604278564,scr1988,avaStIn,bevPsngRoadPrvt
AT,h0069,0.19618328288197517,scr1988,avaStIn,bevPsngRoadPrvt
AT,h0070,0.4170716870576143,scr1988,avaStIn,bevPsngRoadPrvt
AT,h0071,0.4383331183344126,scr1988,avaStIn,bevPsngRoadPrvt
AT,h0072,0.31085252203047276,scr1988,avaStIn,bevPsngRoadPrvt
BE,h0049,0.09557142853736877,scr1988,avaStIn,bevPsngRoadPrvt
BE,h0050,0.17064263857901096,scr1988,avaStIn,bevPsngRoadPrvt
BE,h0051,0.3525880426168442,scr1988,avaStIn,bevPsngRoadPrvt
BE,h0052,0.4577559642493725,scr1988,avaStIn,bevPsngRoadPrvt
BE,h0053,0.47625396959483624,scr1988,avaStIn,bevPsngRoadPrvt
BE,h0054,0.4800655394792557,scr1988,avaStIn,bevPsngRoadPrvt
BE,h0055,0.5075174178928137,scr1988,avaStIn,bevPsngRoadPrvt
BE,h0056,0.4638236556202173,scr1988,avaStIn,bevPsngRoadPrvt
BE,h0057,0.3683921564370394,scr1988,avaStIn,bevPsngRoadPrvt
BE,h0058,0.2555831428617239,scr1988,avaStIn,bevPsngRoadPrvt
BE,h0059,0.2373066395521164,scr1988,avaStIn,bevPsngRoadPrvt
BE,h0060,0.2616388164460659,scr1988,avaStIn,bevPsngRoadPrvt
BE,h0061,0.37395197711884975,scr1988,avaStIn,bevPsngRoadPrvt
BE,h0062,0.42027763836085796,scr1988,avaStIn,bevPsngRoadPrvt
BE,h0063,0.4426503125578165,scr1988,avaStIn,bevPsngRoadPrvt
BE,h0064,0.39199019968509674,scr1988,avaStIn,bevPsngRoadPrvt
BE,h0065,0.3610182013362646,scr1988,avaStIn,bevPsngRoadPrvt
BE,h0066,0.31815357878804207,scr1988,avaStIn,bevPsngRoadPrvt
BE,h0067,0.19502571783959866,scr1988,avaStIn,bevPsngRoadPrvt
BE,h0068,0.11592018604278564,scr1988,avaStIn,bevPsngRoadPrvt
BE,h0069,0.19618328288197517,scr1988,avaStIn,bevPsngRoadPrvt
BE,h0070,0.4170716870576143,scr1988,avaStIn,bevPsngRoadPrvt
BE,h0071,0.4383331183344126,scr1988,avaStIn,bevPsngRoadPrvt
BE,h0072,0.31085252203047276,scr1988,avaStIn,bevPsngRoadPrvt
BG,h0049,0.09557142853736877,scr1988,avaStIn,bevPsngRoadPrvt
BG,h0050,0.17064263857901096,scr1988,avaStIn,bevPsngRoadPrvt
BG,h0051,0.3525880426168442,scr1988,avaStIn,bevPsngRoadPrvt
BG,h0052,0.4577559642493725,scr1988,avaStIn,bevPsngRoadPrvt
BG,h0053,0.47625396959483624,scr1988,avaStIn,bevPsngRoadPrvt
BG,h0054,0.4800655394792557,scr1988,avaStIn,bevPsngRoadPrvt
BG,h0055,0.5075174178928137,scr1988,avaStIn,bevPsngRoadPrvt
BG,h0056,0.4638236556202173,scr1988,avaStIn,bevPsngRoadPrvt
BG,h0057,0.3683921564370394,scr1988,avaStIn,bevPsngRoadPrvt
BG,h0058,0.2555831428617239,scr1988,avaStIn,bevPsngRoadPrvt
BG,h0059,0.2373066395521164,scr1988,avaStIn,bevPsngRoadPrvt
BG,h0060,0.2616388164460659,scr1988,avaStIn,bevPsngRoadPrvt
BG,h0061,0.37395197711884975,scr1988,avaStIn,bevPsngRoadPrvt
BG,h0062,0.42027763836085796,scr1988,avaStIn,bevPsngRoadPrvt
BG,h0063,0.4426503125578165,scr1988,avaStIn,bevPsngRoadPrvt
BG,h0064,0.39199019968509674,scr1988,avaStIn,bevPsngRoadPrvt
BG,h0065,0.3610182013362646,scr1988,avaStIn,bevPsngRoadPrvt
BG,h0066,0.31815357878804207,scr1988,avaStIn,bevPsngRoadPrvt
BG,h0067,0.19502571783959866,scr1988,avaStIn,bevPsngRoadPrvt
BG,h0068,0.11592018604278564,scr1988,avaStIn,bevPsngRoadPrvt
BG,h0069,0.19618328288197517,scr1988,avaStIn,bevPsngRoadPrvt
BG,h0070,0.4170716870576143,scr1988,avaStIn,bevPsngRoadPrvt
BG,h0071,0.4383331183344126,scr1988,avaStIn,bevPsngRoadPrvt
BG,h0072,0.31085252203047276,scr1988,avaStIn,bevPsngRoadPrvt
CH,h0049,0.09557142853736877,scr1988,avaStIn,bevPsngRoadPrvt
CH,h0050,0.17064263857901096,scr1988,avaStIn,bevPsngRoadPrvt
CH,h0051,0.3525880426168442,scr1988,avaStIn,bevPsngRoadPrvt
CH,h0052,0.4577559642493725,scr1988,avaStIn,bevPsngRoadPrvt
CH,h0053,0.47625396959483624,scr1988,avaStIn,bevPsngRoadPrvt
CH,h0054,0.4800655394792557,scr1988,avaStIn,bevPsngRoadPrvt
CH,h0055,0.5075174178928137,scr1988,avaStIn,bevPsngRoadPrvt
CH,h0056,0.4638236556202173,scr1988,avaStIn,bevPsngRoadPrvt
CH,h0057,0.3683921564370394,scr1988,avaStIn,bevPsngRoadPrvt
CH,h0058,0.2555831428617239,scr1988,avaStIn,bevPsngRoadPrvt
CH,h0059,0.2373066395521164,scr1988,avaStIn,bevPsngRoadPrvt
CH,h0060,0.2616388164460659,scr1988,avaStIn,bevPsngRoadPrvt
CH,h0061,0.37395197711884975,scr1988,avaStIn,bevPsngRoadPrvt
CH,h0062,0.42027763836085796,scr1988,avaStIn,bevPsngRoadPrvt
CH,h0063,0.4426503125578165,scr1988,avaStIn,bevPsngRoadPrvt
CH,h0064,0.39199019968509674,scr1988,avaStIn,bevPsngRoadPrvt
CH,h0065,0.3610182013362646,scr1988,avaStIn,bevPsngRoadPrvt
CH,h0066,0.31815357878804207,scr1988,avaStIn,bevPsngRoadPrvt
CH,h0067,0.19502571783959866,scr1988,avaStIn,bevPsngRoadPrvt
CH,h0068,0.11592018604278564,scr1988,avaStIn,bevPsngRoadPrvt
CH,h0069,0.19618328288197517,scr1988,avaStIn,bevPsngRoadPrvt
CH,h0070,0.4170716870576143,scr1988,avaStIn,bevPsngRoadPrvt
CH,h0071,0.4383331183344126,scr1988,avaStIn,bevPsngRoadPrvt
CH,h0072,0.31085252203047276,scr1988,avaStIn,bevPsngRoadPrvt
CZ,h0049,0.09557142853736877,scr1988,avaStIn,bevPsngRoadPrvt
CZ,h0050,0.17064263857901096,scr1988,avaStIn,bevPsngRoadPrvt
CZ,h0051,0.3525880426168442,scr1988,avaStIn,bevPsngRoadPrvt
CZ,h0052,0.4577559642493725,scr1988,avaStIn,bevPsngRoadPrvt
CZ,h0053,0.47625396959483624,scr1988,avaStIn,bevPsngRoadPrvt
CZ,h0054,0.4800655394792557,scr1988,avaStIn,bevPsngRoadPrvt
CZ,h0055,0.5075174178928137,scr1988,avaStIn,bevPsngRoadPrvt
CZ,h0056,0.4638236556202173,scr1988,avaStIn,bevPsngRoadPrvt
CZ,h0057,0.3683921564370394,scr1988,avaStIn,bevPsngRoadPrvt
CZ,h0058,0.2555831428617239,scr1988,avaStIn,bevPsngRoadPrvt
CZ,h0059,0.2373066395521164,scr1988,avaStIn,bevPsngRoadPrvt
CZ,h0060,0.2616388164460659,scr1988,avaStIn,bevPsngRoadPrvt
CZ,h0061,0.37395197711884975,scr1988,avaStIn,bevPsngRoadPrvt
CZ,h0062,0.42027763836085796,scr1988,avaStIn,bevPsngRoadPrvt
CZ,h0063,0.4426503125578165,scr1988,avaStIn,bevPsngRoadPrvt
CZ,h0064,0.39199019968509674,scr1988,avaStIn,bevPsngRoadPrvt
CZ,h0065,0.3610182013362646,scr1988,avaStIn,bevPsngRoadPrvt
CZ,h0066,0.31815357878804207,scr1988,avaStIn,bevPsngRoadPrvt
CZ,h0067,0.19502571783959866,scr1988,avaStIn,bevPsngRoadPrvt
CZ,h0068,0.11592018604278564,scr1988,avaStIn,bevPsngRoadPrvt
CZ,h0069,0.19618328288197517,scr1988,avaStIn,bevPsngRoadPrvt
CZ,h0070,0.4170716870576143,scr1988,avaStIn,bevPsngRoadPrvt
CZ,h0071,0.4383331183344126,scr1988,avaStIn,bevPsngRoadPrvt
CZ,h0072,0.31085252203047276,scr1988,avaStIn,bevPsngRoadPrvt
DE,h0049,0.09557142853736877,scr1988,avaStIn,bevPsngRoadPrvt
DE,h0050,0.17064263857901096,scr1988,avaStIn,bevPsngRoadPrvt
DE,h0051,0.3525880426168442,scr1988,avaStIn,bevPsngRoadPrvt
DE,h0052,0.4577559642493725,scr1988,avaStIn,bevPsngRoadPrvt
DE,h0053,0.47625396959483624,scr1988,avaStIn,bevPsngRoadPrvt
DE,h0054,0.4800655394792557,scr1988,avaStIn,bevPsngRoadPrvt
DE,h0055,0.5075174178928137,scr1988,avaStIn,bevPsngRoadPrvt
DE,h0056,0.4638236556202173,scr1988,avaStIn,bevPsngRoadPrvt
DE,h0057,0.3683921564370394,scr1988,avaStIn,bevPsngRoadPrvt
DE,h0058,0.2555831428617239,scr1988,avaStIn,bevPsngRoadPrvt
DE,h0059,0.2373066395521164,scr1988,avaStIn,bevPsngRoadPrvt
DE,h0060,0.2616388164460659,scr1988,avaStIn,bevPsngRoadPrvt
DE,h0061,0.37395197711884975,scr1988,avaStIn,bevPsngRoadPrvt
DE,h0062,0.42027763836085796,scr1988,avaStIn,bevPsngRoadPrvt
DE,h0063,0.4426503125578165,scr1988,avaStIn,bevPsngRoadPrvt
DE,h0064,0.39199019968509674,scr1988,avaStIn,bevPsngRoadPrvt
DE,h0065,0.3610182013362646,scr1988,avaStIn,bevPsngRoadPrvt
DE,h0066,0.31815357878804207,scr1988,avaStIn,bevPsngRoadPrvt
DE,h0067,0.19502571783959866,scr1988,avaStIn,bevPsngRoadPrvt
DE,h0068,0.11592018604278564,scr1988,avaStIn,bevPsngRoadPrvt
DE,h0069,0.19618328288197517,scr1988,avaStIn,bevPsngRoadPrvt
DE,h0070,0.4170716870576143,scr1988,avaStIn,bevPsngRoadPrvt
DE,h0071,0.4383331183344126,scr1988,avaStIn,bevPsngRoadPrvt
DE,h0072,0.31085252203047276,scr1988,avaStIn,bevPsngRoadPrvt
GR,h0049,0.09557142853736877,scr1988,avaStIn,bevPsngRoadPrvt
GR,h0050,0.17064263857901096,scr1988,avaStIn,bevPsngRoadPrvt
GR,h0051,0.3525880426168442,scr1988,avaStIn,bevPsngRoadPrvt
GR,h0052,0.4577559642493725,scr1988,avaStIn,bevPsngRoadPrvt
GR,h0053,0.47625396959483624,scr1988,avaStIn,bevPsngRoadPrvt
GR,h0054,0.4800655394792557,scr1988,avaStIn,bevPsngRoadPrvt
GR,h0055,0.5075174178928137,scr1988,avaStIn,bevPsngRoadPrvt
GR,h0056,0.4638236556202173,scr1988,avaStIn,bevPsngRoadPrvt
GR,h0057,0.3683921564370394,scr1988,avaStIn,bevPsngRoadPrvt
GR,h0058,0.2555831428617239,scr1988,avaStIn,bevPsngRoadPrvt
GR,h0059,0.2373066395521164,scr1988,avaStIn,bevPsngRoadPrvt
GR,h0060,0.2616388164460659,scr1988,avaStIn,bevPsngRoadPrvt
GR,h0061,0.37395197711884975,scr1988,avaStIn,bevPsngRoadPrvt
GR,h0062,0.42027763836085796,scr1988,avaStIn,bevPsngRoadPrvt
GR,h0063,0.4426503125578165,scr1988,avaStIn,bevPsngRoadPrvt
GR,h0064,0.39199019968509674,scr1988,avaStIn,bevPsngRoadPrvt
GR,h0065,0.3610182013362646,scr1988,avaStIn,bevPsngRoadPrvt
GR,h0066,0.31815357878804207,scr1988,avaStIn,bevPsngRoadPrvt
GR,h0067,0.19502571783959866,scr1988,avaStIn,bevPsngRoadPrvt
GR,h0068,0.11592018604278564,scr1988,avaStIn,bevPsngRoadPrvt
GR,h0069,0.19618328288197517,scr1988,avaStIn,bevPsngRoadPrvt
GR,h0070,0.4170716870576143,scr1988,avaStIn,bevPsngRoadPrvt
GR,h0071,0.4383331183344126,scr1988,avaStIn,bevPsngRoadPrvt
GR,h0072,0.31085252203047276,scr1988,avaStIn,bevPsngRoadPrvt
ES,h0049,0.09557142853736877,scr1988,avaStIn,bevPsngRoadPrvt
ES,h0050,0.17064263857901096,scr1988,avaStIn,bevPsngRoadPrvt
ES,h0051,0.3525880426168442,scr1988,avaStIn,bevPsngRoadPrvt
ES,h0052,0.4577559642493725,scr1988,avaStIn,bevPsngRoadPrvt
ES,h0053,0.47625396959483624,scr1988,avaStIn,bevPsngRoadPrvt
ES,h0054,0.4800655394792557,scr1988,avaStIn,bevPsngRoadPrvt
ES,h0055,0.5075174178928137,scr1988,avaStIn,bevPsngRoadPrvt
ES,h0056,0.4638236556202173,scr1988,avaStIn,bevPsngRoadPrvt
ES,h0057,0.3683921564370394,scr1988,avaStIn,bevPsngRoadPrvt
ES,h0058,0.2555831428617239,scr1988,avaStIn,bevPsngRoadPrvt
ES,h0059,0.2373066395521164,scr1988,avaStIn,bevPsngRoadPrvt
ES,h0060,0.2616388164460659,scr1988,avaStIn,bevPsngRoadPrvt
ES,h0061,0.37395197711884975,scr1988,avaStIn,bevPsngRoadPrvt
ES,h0062,0.42027763836085796,scr1988,avaStIn,bevPsngRoadPrvt
ES,h0063,0.4426503125578165,scr1988,avaStIn,bevPsngRoadPrvt
ES,h0064,0.39199019968509674,scr1988,avaStIn,bevPsngRoadPrvt
ES,h0065,0.3610182013362646,scr1988,avaStIn,bevPsngRoadPrvt
ES,h0066,0.31815357878804207,scr1988,avaStIn,bevPsngRoadPrvt
ES,h0067,0.19502571783959866,scr1988,avaStIn,bevPsngRoadPrvt
ES,h0068,0.11592018604278564,scr1988,avaStIn,bevPsngRoadPrvt
ES,h0069,0.19618328288197517,scr1988,avaStIn,bevPsngRoadPrvt
ES,h0070,0.4170716870576143,scr1988,avaStIn,bevPsngRoadPrvt
ES,h0071,0.4383331183344126,scr1988,avaStIn,bevPsngRoadPrvt
ES,h0072,0.31085252203047276,scr1988,avaStIn,bevPsngRoadPrvt
DK,h0049,0.09557142853736877,scr1988,avaStIn,bevPsngRoadPrvt
DK,h0050,0.17064263857901096,scr1988,avaStIn,bevPsngRoadPrvt
DK,h0051,0.3525880426168442,scr1988,avaStIn,bevPsngRoadPrvt
DK,h0052,0.4577559642493725,scr1988,avaStIn,bevPsngRoadPrvt
DK,h0053,0.47625396959483624,scr1988,avaStIn,bevPsngRoadPrvt
DK,h0054,0.4800655394792557,scr1988,avaStIn,bevPsngRoadPrvt
DK,h0055,0.5075174178928137,scr1988,avaStIn,bevPsngRoadPrvt
DK,h0056,0.4638236556202173,scr1988,avaStIn,bevPsngRoadPrvt
DK,h0057,0.3683921564370394,scr1988,avaStIn,bevPsngRoadPrvt
DK,h0058,0.2555831428617239,scr1988,avaStIn,bevPsngRoadPrvt
DK,h0059,0.2373066395521164,scr1988,avaStIn,bevPsngRoadPrvt
DK,h0060,0.2616388164460659,scr1988,avaStIn,bevPsngRoadPrvt
DK,h0061,0.37395197711884975,scr1988,avaStIn,bevPsngRoadPrvt
DK,h0062,0.42027763836085796,scr1988,avaStIn,bevPsngRoadPrvt
DK,h0063,0.4426503125578165,scr1988,avaStIn,bevPsngRoadPrvt
DK,h0064,0.39199019968509674,scr1988,avaStIn,bevPsngRoadPrvt
DK,h0065,0.3610182013362646,scr1988,avaStIn,bevPsngRoadPrvt
DK,h0066,0.31815357878804207,scr1988,avaStIn,bevPsngRoadPrvt
DK,h0067,0.19502571783959866,scr1988,avaStIn,bevPsngRoadPrvt
DK,h0068,0.11592018604278564,scr1988,avaStIn,bevPsngRoadPrvt
DK,h0069,0.19618328288197517,scr1988,avaStIn,bevPsngRoadPrvt
DK,h0070,0.4170716870576143,scr1988,avaStIn,bevPsngRoadPrvt
DK,h0071,0.4383331183344126,scr1988,avaStIn,bevPsngRoadPrvt
DK,h0072,0.31085252203047276,scr1988,avaStIn,bevPsngRoadPrvt
EE,h0049,0.09557142853736877,scr1988,avaStIn,bevPsngRoadPrvt
EE,h0050,0.17064263857901096,scr1988,avaStIn,bevPsngRoadPrvt
EE,h0051,0.3525880426168442,scr1988,avaStIn,bevPsngRoadPrvt
EE,h0052,0.4577559642493725,scr1988,avaStIn,bevPsngRoadPrvt
EE,h0053,0.47625396959483624,scr1988,avaStIn,bevPsngRoadPrvt
EE,h0054,0.4800655394792557,scr1988,avaStIn,bevPsngRoadPrvt
EE,h0055,0.5075174178928137,scr1988,avaStIn,bevPsngRoadPrvt
EE,h0056,0.4638236556202173,scr1988,avaStIn,bevPsngRoadPrvt
EE,h0057,0.3683921564370394,scr1988,avaStIn,bevPsngRoadPrvt
EE,h0058,0.2555831428617239,scr1988,avaStIn,bevPsngRoadPrvt
EE,h0059,0.2373066395521164,scr1988,avaStIn,bevPsngRoadPrvt
EE,h0060,0.2616388164460659,scr1988,avaStIn,bevPsngRoadPrvt
EE,h0061,0.37395197711884975,scr1988,avaStIn,bevPsngRoadPrvt
EE,h0062,0.42027763836085796,scr1988,avaStIn,bevPsngRoadPrvt
EE,h0063,0.4426503125578165,scr1988,avaStIn,bevPsngRoadPrvt
EE,h0064,0.39199019968509674,scr1988,avaStIn,bevPsngRoadPrvt
EE,h0065,0.3610182013362646,scr1988,avaStIn,bevPsngRoadPrvt
EE,h0066,0.31815357878804207,scr1988,avaStIn,bevPsngRoadPrvt
EE,h0067,0.19502571783959866,scr1988,avaStIn,bevPsngRoadPrvt
EE,h0068,0.11592018604278564,scr1988,avaStIn,bevPsngRoadPrvt
EE,h0069,0.19618328288197517,scr1988,avaStIn,bevPsngRoadPrvt
EE,h0070,0.4170716870576143,scr1988,avaStIn,bevPsngRoadPrvt
EE,h0071,0.4383331183344126,scr1988,avaStIn,bevPsngRoadPrvt
EE,h0072,0.31085252203047276,scr1988,avaStIn,bevPsngRoadPrvt
FI,h0049,0.09557142853736877,scr1988,avaStIn,bevPsngRoadPrvt
FI,h0050,0.17064263857901096,scr1988,avaStIn,bevPsngRoadPrvt
FI,h0051,0.3525880426168442,scr1988,avaStIn,bevPsngRoadPrvt
FI,h0052,0.4577559642493725,scr1988,avaStIn,bevPsngRoadPrvt
FI,h0053,0.47625396959483624,scr1988,avaStIn,bevPsngRoadPrvt
FI,h0054,0.4800655394792557,scr1988,avaStIn,bevPsngRoadPrvt
FI,h0055,0.5075174178928137,scr1988,avaStIn,bevPsngRoadPrvt
FI,h0056,0.4638236556202173,scr1988,avaStIn,bevPsngRoadPrvt
FI,h0057,0.3683921564370394,scr1988,avaStIn,bevPsngRoadPrvt
FI,h0058,0.2555831428617239,scr1988,avaStIn,bevPsngRoadPrvt
FI,h0059,0.2373066395521164,scr1988,avaStIn,bevPsngRoadPrvt
FI,h0060,0.2616388164460659,scr1988,avaStIn,bevPsngRoadPrvt
FI,h0061,0.37395197711884975,scr1988,avaStIn,bevPsngRoadPrvt
FI,h0062,0.42027763836085796,scr1988,avaStIn,bevPsngRoadPrvt
FI,h0063,0.4426503125578165,scr1988,avaStIn,bevPsngRoadPrvt
FI,h0064,0.39199019968509674,scr1988,avaStIn,bevPsngRoadPrvt
FI,h0065,0.3610182013362646,scr1988,avaStIn,bevPsngRoadPrvt
FI,h0066,0.31815357878804207,scr1988,avaStIn,bevPsngRoadPrvt
FI,h0067,0.19502571783959866,scr1988,avaStIn,bevPsngRoadPrvt
FI,h0068,0.11592018604278564,scr1988,avaStIn,bevPsngRoadPrvt
FI,h0069,0.19618328288197517,scr1988,avaStIn,bevPsngRoadPrvt
FI,h0070,0.4170716870576143,scr1988,avaStIn,bevPsngRoadPrvt
FI,h0071,0.4383331183344126,scr1988,avaStIn,bevPsngRoadPrvt
FI,h0072,0.31085252203047276,scr1988,avaStIn,bevPsngRoadPrvt
FR,h0049,0.09557142853736877,scr1988,avaStIn,bevPsngRoadPrvt
FR,h0050,0.17064263857901096,scr1988,avaStIn,bevPsngRoadPrvt
FR,h0051,0.3525880426168442,scr1988,avaStIn,bevPsngRoadPrvt
FR,h0052,0.4577559642493725,scr1988,avaStIn,bevPsngRoadPrvt
FR,h0053,0.47625396959483624,scr1988,avaStIn,bevPsngRoadPrvt
FR,h0054,0.4800655394792557,scr1988,avaStIn,bevPsngRoadPrvt
FR,h0055,0.5075174178928137,scr1988,avaStIn,bevPsngRoadPrvt
FR,h0056,0.4638236556202173,scr1988,avaStIn,bevPsngRoadPrvt
FR,h0057,0.3683921564370394,scr1988,avaStIn,bevPsngRoadPrvt
FR,h0058,0.2555831428617239,scr1988,avaStIn,bevPsngRoadPrvt
FR,h0059,0.2373066395521164,scr1988,avaStIn,bevPsngRoadPrvt
FR,h0060,0.2616388164460659,scr1988,avaStIn,bevPsngRoadPrvt
FR,h0061,0.37395197711884975,scr1988,avaStIn,bevPsngRoadPrvt
FR,h0062,0.42027763836085796,scr1988,avaStIn,bevPsngRoadPrvt
FR,h0063,0.4426503125578165,scr1988,avaStIn,bevPsngRoadPrvt
FR,h0064,0.39199019968509674,scr1988,avaStIn,bevPsngRoadPrvt
FR,h0065,0.3610182013362646,scr1988,avaStIn,bevPsngRoadPrvt
FR,h0066,0.31815357878804207,scr1988,avaStIn,bevPsngRoadPrvt
FR,h0067,0.19502571783959866,scr1988,avaStIn,bevPsngRoadPrvt
FR,h0068,0.11592018604278564,scr1988,avaStIn,bevPsngRoadPrvt
FR,h0069,0.19618328288197517,scr1988,avaStIn,bevPsngRoadPrvt
FR,h0070,0.4170716870576143,scr1988,avaStIn,bevPsngRoadPrvt
FR,h0071,0.4383331183344126,scr1988,avaStIn,bevPsngRoadPrvt
FR,h0072,0.31085252203047276,scr1988,avaStIn,bevPsngRoadPrvt
IT,h0049,0.09557142853736877,scr1988,avaStIn,bevPsngRoadPrvt
IT,h0050,0.17064263857901096,scr1988,avaStIn,bevPsngRoadPrvt
IT,h0051,0.3525880426168442,scr1988,avaStIn,bevPsngRoadPrvt
IT,h0052,0.4577559642493725,scr1988,avaStIn,bevPsngRoadPrvt
IT,h0053,0.47625396959483624,scr1988,avaStIn,bevPsngRoadPrvt
IT,h0054,0.4800655394792557,scr1988,avaStIn,bevPsngRoadPrvt
IT,h0055,0.5075174178928137,scr1988,avaStIn,bevPsngRoadPrvt
IT,h0056,0.4638236556202173,scr1988,avaStIn,bevPsngRoadPrvt
IT,h0057,0.3683921564370394,scr1988,avaStIn,bevPsngRoadPrvt
IT,h0058,0.2555831428617239,scr1988,avaStIn,bevPsngRoadPrvt
IT,h0059,0.2373066395521164,scr1988,avaStIn,bevPsngRoadPrvt
IT,h0060,0.2616388164460659,scr1988,avaStIn,bevPsngRoadPrvt
IT,h0061,0.37395197711884975,scr1988,avaStIn,bevPsngRoadPrvt
IT,h0062,0.42027763836085796,scr1988,avaStIn,bevPsngRoadPrvt
IT,h0063,0.4426503125578165,scr1988,avaStIn,bevPsngRoadPrvt
IT,h0064,0.39199019968509674,scr1988,avaStIn,bevPsngRoadPrvt
IT,h0065,0.3610182013362646,scr1988,avaStIn,bevPsngRoadPrvt
IT,h0066,0.31815357878804207,scr1988,avaStIn,bevPsngRoadPrvt
IT,h0067,0.19502571783959866,scr1988,avaStIn,bevPsngRoadPrvt
IT,h0068,0.11592018604278564,scr1988,avaStIn,bevPsngRoadPrvt
IT,h0069,0.19618328288197517,scr1988,avaStIn,bevPsngRoadPrvt
IT,h0070,0.4170716870576143,scr1988,avaStIn,bevPsngRoadPrvt
IT,h0071,0.4383331183344126,scr1988,avaStIn,bevPsngRoadPrvt
IT,h0072,0.31085252203047276,scr1988,avaStIn,bevPsngRoadPrvt
NL,h0049,0.09557142853736877,scr1988,avaStIn,bevPsngRoadPrvt
NL,h0050,0.17064263857901096,scr1988,avaStIn,bevPsngRoadPrvt
NL,h0051,0.3525880426168442,scr1988,avaStIn,bevPsngRoadPrvt
NL,h0052,0.4577559642493725,scr1988,avaStIn,bevPsngRoadPrvt
NL,h0053,0.47625396959483624,scr1988,avaStIn,bevPsngRoadPrvt
NL,h0054,0.4800655394792557,scr1988,avaStIn,bevPsngRoadPrvt
NL,h0055,0.5075174178928137,scr1988,avaStIn,bevPsngRoadPrvt
NL,h0056,0.4638236556202173,scr1988,avaStIn,bevPsngRoadPrvt
NL,h0057,0.3683921564370394,scr1988,avaStIn,bevPsngRoadPrvt
NL,h0058,0.2555831428617239,scr1988,avaStIn,bevPsngRoadPrvt
NL,h0059,0.2373066395521164,scr1988,avaStIn,bevPsngRoadPrvt
NL,h0060,0.2616388164460659,scr1988,avaStIn,bevPsngRoadPrvt
NL,h0061,0.37395197711884975,scr1988,avaStIn,bevPsngRoadPrvt
NL,h0062,0.42027763836085796,scr1988,avaStIn,bevPsngRoadPrvt
NL,h0063,0.4426503125578165,scr1988,avaStIn,bevPsngRoadPrvt
NL,h0064,0.39199019968509674,scr1988,avaStIn,bevPsngRoadPrvt
NL,h0065,0.3610182013362646,scr1988,avaStIn,bevPsngRoadPrvt
NL,h0066,0.31815357878804207,scr1988,avaStIn,bevPsngRoadPrvt
NL,h0067,0.19502571783959866,scr1988,avaStIn,bevPsngRoadPrvt
NL,h0068,0.11592018604278564,scr1988,avaStIn,bevPsngRoadPrvt
NL,h0069,0.19618328288197517,scr1988,avaStIn,bevPsngRoadPrvt
NL,h0070,0.4170716870576143,scr1988,avaStIn,bevPsngRoadPrvt
NL,h0071,0.4383331183344126,scr1988,avaStIn,bevPsngRoadPrvt
NL,h0072,0.31085252203047276,scr1988,avaStIn,bevPsngRoadPrvt
IE,h0049,0.09557142853736877,scr1988,avaStIn,bevPsngRoadPrvt
IE,h0050,0.17064263857901096,scr1988,avaStIn,bevPsngRoadPrvt
IE,h0051,0.3525880426168442,scr1988,avaStIn,bevPsngRoadPrvt
IE,h0052,0.4577559642493725,scr1988,avaStIn,bevPsngRoadPrvt
IE,h0053,0.47625396959483624,scr1988,avaStIn,bevPsngRoadPrvt
IE,h0054,0.4800655394792557,scr1988,avaStIn,bevPsngRoadPrvt
IE,h0055,0.5075174178928137,scr1988,avaStIn,bevPsngRoadPrvt
IE,h0056,0.4638236556202173,scr1988,avaStIn,bevPsngRoadPrvt
IE,h0057,0.3683921564370394,scr1988,avaStIn,bevPsngRoadPrvt
IE,h0058,0.2555831428617239,scr1988,avaStIn,bevPsngRoadPrvt
IE,h0059,0.2373066395521164,scr1988,avaStIn,bevPsngRoadPrvt
IE,h0060,0.2616388164460659,scr1988,avaStIn,bevPsngRoadPrvt
IE,h0061,0.37395197711884975,scr1988,avaStIn,bevPsngRoadPrvt
IE,h0062,0.42027763836085796,scr1988,avaStIn,bevPsngRoadPrvt
IE,h0063,0.4426503125578165,scr1988,avaStIn,bevPsngRoadPrvt
IE,h0064,0.39199019968509674,scr1988,avaStIn,bevPsngRoadPrvt
IE,h0065,0.3610182013362646,scr1988,avaStIn,bevPsngRoadPrvt
IE,h0066,0.31815357878804207,scr1988,avaStIn,bevPsngRoadPrvt
IE,h0067,0.19502571783959866,scr1988,avaStIn,bevPsngRoadPrvt
IE,h0068,0.11592018604278564,scr1988,avaStIn,bevPsngRoadPrvt
IE,h0069,0.19618328288197517,scr1988,avaStIn,bevPsngRoadPrvt
IE,h0070,0.4170716870576143,scr1988,avaStIn,bevPsngRoadPrvt
IE,h0071,0.4383331183344126,scr1988,avaStIn,bevPsngRoadPrvt
IE,h0072,0.31085252203047276,scr1988,avaStIn,bevPsngRoadPrvt
HR,h0049,0.09557142853736877,scr1988,avaStIn,bevPsngRoadPrvt
HR,h0050,0.17064263857901096,scr1988,avaStIn,bevPsngRoadPrvt
HR,h0051,0.3525880426168442,scr1988,avaStIn,bevPsngRoadPrvt
HR,h0052,0.4577559642493725,scr1988,avaStIn,bevPsngRoadPrvt
HR,h0053,0.47625396959483624,scr1988,avaStIn,bevPsngRoadPrvt
HR,h0054,0.4800655394792557,scr1988,avaStIn,bevPsngRoadPrvt
HR,h0055,0.5075174178928137,scr1988,avaStIn,bevPsngRoadPrvt
HR,h0056,0.4638236556202173,scr1988,avaStIn,bevPsngRoadPrvt
HR,h0057,0.3683921564370394,scr1988,avaStIn,bevPsngRoadPrvt
HR,h0058,0.2555831428617239,scr1988,avaStIn,bevPsngRoadPrvt
HR,h0059,0.2373066395521164,scr1988,avaStIn,bevPsngRoadPrvt
HR,h0060,0.2616388164460659,scr1988,avaStIn,bevPsngRoadPrvt
HR,h0061,0.37395197711884975,scr1988,avaStIn,bevPsngRoadPrvt
HR,h0062,0.42027763836085796,scr1988,avaStIn,bevPsngRoadPrvt
HR,h0063,0.4426503125578165,scr1988,avaStIn,bevPsngRoadPrvt
HR,h0064,0.39199019968509674,scr1988,avaStIn,bevPsngRoadPrvt
HR,h0065,0.3610182013362646,scr1988,avaStIn,bevPsngRoadPrvt
HR,h0066,0.31815357878804207,scr1988,avaStIn,bevPsngRoadPrvt
HR,h0067,0.19502571783959866,scr1988,avaStIn,bevPsngRoadPrvt
HR,h0068,0.11592018604278564,scr1988,avaStIn,bevPsngRoadPrvt
HR,h0069,0.19618328288197517,scr1988,avaStIn,bevPsngRoadPrvt
HR,h0070,0.4170716870576143,scr1988,avaStIn,bevPsngRoadPrvt
HR,h0071,0.4383331183344126,scr1988,avaStIn,bevPsngRoadPrvt
HR,h0072,0.31085252203047276,scr1988,avaStIn,bevPsngRoadPrvt
HU,h0049,0.09557142853736877,scr1988,avaStIn,bevPsngRoadPrvt
HU,h0050,0.17064263857901096,scr1988,avaStIn,bevPsngRoadPrvt
HU,h0051,0.3525880426168442,scr1988,avaStIn,bevPsngRoadPrvt
HU,h0052,0.4577559642493725,scr1988,avaStIn,bevPsngRoadPrvt
HU,h0053,0.47625396959483624,scr1988,avaStIn,bevPsngRoadPrvt
HU,h0054,0.4800655394792557,scr1988,avaStIn,bevPsngRoadPrvt
HU,h0055,0.5075174178928137,scr1988,avaStIn,bevPsngRoadPrvt
HU,h0056,0.4638236556202173,scr1988,avaStIn,bevPsngRoadPrvt
HU,h0057,0.3683921564370394,scr1988,avaStIn,bevPsngRoadPrvt
HU,h0058,0.2555831428617239,scr1988,avaStIn,bevPsngRoadPrvt
HU,h0059,0.2373066395521164,scr1988,avaStIn,bevPsngRoadPrvt
HU,h0060,0.2616388164460659,scr1988,avaStIn,bevPsngRoadPrvt
HU,h0061,0.37395197711884975,scr1988,avaStIn,bevPsngRoadPrvt
HU,h0062,0.42027763836085796,scr1988,avaStIn,bevPsngRoadPrvt
HU,h0063,0.4426503125578165,scr1988,avaStIn,bevPsngRoadPrvt
HU,h0064,0.39199019968509674,scr1988,avaStIn,bevPsngRoadPrvt
HU,h0065,0.3610182013362646,scr1988,avaStIn,bevPsngRoadPrvt
HU,h0066,0.31815357878804207,scr1988,avaStIn,bevPsngRoadPrvt
HU,h0067,0.19502571783959866,scr1988,avaStIn,bevPsngRoadPrvt
HU,h0068,0.11592018604278564,scr1988,avaStIn,bevPsngRoadPrvt
HU,h0069,0.19618328288197517,scr1988,avaStIn,bevPsngRoadPrvt
HU,h0070,0.4170716870576143,scr1988,avaStIn,bevPsngRoadPrvt
HU,h0071,0.4383331183344126,scr1988,avaStIn,bevPsngRoadPrvt
HU,h0072,0.31085252203047276,scr1988,avaStIn,bevPsngRoadPrvt
MK,h0049,0.09557142853736877,scr1988,avaStIn,bevPsngRoadPrvt
MK,h0050,0.17064263857901096,scr1988,avaStIn,bevPsngRoadPrvt
MK,h0051,0.3525880426168442,scr1988,avaStIn,bevPsngRoadPrvt
MK,h0052,0.4577559642493725,scr1988,avaStIn,bevPsngRoadPrvt
MK,h0053,0.47625396959483624,scr1988,avaStIn,bevPsngRoadPrvt
MK,h0054,0.4800655394792557,scr1988,avaStIn,bevPsngRoadPrvt
MK,h0055,0.5075174178928137,scr1988,avaStIn,bevPsngRoadPrvt
MK,h0056,0.4638236556202173,scr1988,avaStIn,bevPsngRoadPrvt
MK,h0057,0.3683921564370394,scr1988,avaStIn,bevPsngRoadPrvt
MK,h0058,0.2555831428617239,scr1988,avaStIn,bevPsngRoadPrvt
MK,h0059,0.2373066395521164,scr1988,avaStIn,bevPsngRoadPrvt
MK,h0060,0.2616388164460659,scr1988,avaStIn,bevPsngRoadPrvt
MK,h0061,0.37395197711884975,scr1988,avaStIn,bevPsngRoadPrvt
MK,h0062,0.42027763836085796,scr1988,avaStIn,bevPsngRoadPrvt
MK,h0063,0.4426503125578165,scr1988,avaStIn,bevPsngRoadPrvt
MK,h0064,0.39199019968509674,scr1988,avaStIn,bevPsngRoadPrvt
MK,h0065,0.3610182013362646,scr1988,avaStIn,bevPsngRoadPrvt
MK,h0066,0.31815357878804207,scr1988,avaStIn,bevPsngRoadPrvt
MK,h0067,0.19502571783959866,scr1988,avaStIn,bevPsngRoadPrvt
MK,h0068,0.11592018604278564,scr1988,avaStIn,bevPsngRoadPrvt
MK,h0069,0.19618328288197517,scr1988,avaStIn,bevPsngRoadPrvt
MK,h0070,0.4170716870576143,scr1988,avaStIn,bevPsngRoadPrvt
MK,h0071,0.4383331183344126,scr1988,avaStIn,bevPsngRoadPrvt
MK,h0072,0.31085252203047276,scr1988,avaStIn,bevPsngRoadPrvt
LV,h0049,0.09557142853736877,scr1988,avaStIn,bevPsngRoadPrvt
LV,h0050,0.17064263857901096,scr1988,avaStIn,bevPsngRoadPrvt
LV,h0051,0.3525880426168442,scr1988,avaStIn,bevPsngRoadPrvt
LV,h0052,0.4577559642493725,scr1988,avaStIn,bevPsngRoadPrvt
LV,h0053,0.47625396959483624,scr1988,avaStIn,bevPsngRoadPrvt
LV,h0054,0.4800655394792557,scr1988,avaStIn,bevPsngRoadPrvt
LV,h0055,0.5075174178928137,scr1988,avaStIn,bevPsngRoadPrvt
LV,h0056,0.4638236556202173,scr1988,avaStIn,bevPsngRoadPrvt
LV,h0057,0.3683921564370394,scr1988,avaStIn,bevPsngRoadPrvt
LV,h0058,0.2555831428617239,scr1988,avaStIn,bevPsngRoadPrvt
LV,h0059,0.2373066395521164,scr1988,avaStIn,bevPsngRoadPrvt
LV,h0060,0.2616388164460659,scr1988,avaStIn,bevPsngRoadPrvt
LV,h0061,0.37395197711884975,scr1988,avaStIn,bevPsngRoadPrvt
LV,h0062,0.42027763836085796,scr1988,avaStIn,bevPsngRoadPrvt
LV,h0063,0.4426503125578165,scr1988,avaStIn,bevPsngRoadPrvt
LV,h0064,0.39199019968509674,scr1988,avaStIn,bevPsngRoadPrvt
LV,h0065,0.3610182013362646,scr1988,avaStIn,bevPsngRoadPrvt
LV,h0066,0.31815357878804207,scr1988,avaStIn,bevPsngRoadPrvt
LV,h0067,0.19502571783959866,scr1988,avaStIn,bevPsngRoadPrvt
LV,h0068,0.11592018604278564,scr1988,avaStIn,bevPsngRoadPrvt
LV,h0069,0.19618328288197517,scr1988,avaStIn,bevPsngRoadPrvt
LV,h0070,0.4170716870576143,scr1988,avaStIn,bevPsngRoadPrvt
LV,h0071,0.4383331183344126,scr1988,avaStIn,bevPsngRoadPrvt
LV,h0072,0.31085252203047276,scr1988,avaStIn,bevPsngRoadPrvt
ME,h0049,0.09557142853736877,scr1988,avaStIn,bevPsngRoadPrvt
ME,h0050,0.17064263857901096,scr1988,avaStIn,bevPsngRoadPrvt
ME,h0051,0.3525880426168442,scr1988,avaStIn,bevPsngRoadPrvt
ME,h0052,0.4577559642493725,scr1988,avaStIn,bevPsngRoadPrvt
ME,h0053,0.47625396959483624,scr1988,avaStIn,bevPsngRoadPrvt
ME,h0054,0.4800655394792557,scr1988,avaStIn,bevPsngRoadPrvt
ME,h0055,0.5075174178928137,scr1988,avaStIn,bevPsngRoadPrvt
ME,h0056,0.4638236556202173,scr1988,avaStIn,bevPsngRoadPrvt
ME,h0057,0.3683921564370394,scr1988,avaStIn,bevPsngRoadPrvt
ME,h0058,0.2555831428617239,scr1988,avaStIn,bevPsngRoadPrvt
ME,h0059,0.2373066395521164,scr1988,avaStIn,bevPsngRoadPrvt
ME,h0060,0.2616388164460659,scr1988,avaStIn,bevPsngRoadPrvt
ME,h0061,0.37395197711884975,scr1988,avaStIn,bevPsngRoadPrvt
ME,h0062,0.42027763836085796,scr1988,avaStIn,bevPsngRoadPrvt
ME,h0063,0.4426503125578165,scr1988,avaStIn,bevPsngRoadPrvt
ME,h0064,0.39199019968509674,scr1988,avaStIn,bevPsngRoadPrvt
ME,h0065,0.3610182013362646,scr1988,avaStIn,bevPsngRoadPrvt
ME,h0066,0.31815357878804207,scr1988,avaStIn,bevPsngRoadPrvt
ME,h0067,0.19502571783959866,scr1988,avaStIn,bevPsngRoadPrvt
ME,h0068,0.11592018604278564,scr1988,avaStIn,bevPsngRoadPrvt
ME,h0069,0.19618328288197517,scr1988,avaStIn,bevPsngRoadPrvt
ME,h0070,0.4170716870576143,scr1988,avaStIn,bevPsngRoadPrvt
ME,h0071,0.4383331183344126,scr1988,avaStIn,bevPsngRoadPrvt
ME,h0072,0.31085252203047276,scr1988,avaStIn,bevPsngRoadPrvt
LT,h0049,0.09557142853736877,scr1988,avaStIn,bevPsngRoadPrvt
LT,h0050,0.17064263857901096,scr1988,avaStIn,bevPsngRoadPrvt
LT,h0051,0.3525880426168442,scr1988,avaStIn,bevPsngRoadPrvt
LT,h0052,0.4577559642493725,scr1988,avaStIn,bevPsngRoadPrvt
LT,h0053,0.47625396959483624,scr1988,avaStIn,bevPsngRoadPrvt
LT,h0054,0.4800655394792557,scr1988,avaStIn,bevPsngRoadPrvt
LT,h0055,0.5075174178928137,scr1988,avaStIn,bevPsngRoadPrvt
LT,h0056,0.4638236556202173,scr1988,avaStIn,bevPsngRoadPrvt
LT,h0057,0.3683921564370394,scr1988,avaStIn,bevPsngRoadPrvt
LT,h0058,0.2555831428617239,scr1988,avaStIn,bevPsngRoadPrvt
LT,h0059,0.2373066395521164,scr1988,avaStIn,bevPsngRoadPrvt
LT,h0060,0.2616388164460659,scr1988,avaStIn,bevPsngRoadPrvt
LT,h0061,0.37395197711884975,scr1988,avaStIn,bevPsngRoadPrvt
LT,h0062,0.42027763836085796,scr1988,avaStIn,bevPsngRoadPrvt
LT,h0063,0.4426503125578165,scr1988,avaStIn,bevPsngRoadPrvt
LT,h0064,0.39199019968509674,scr1988,avaStIn,bevPsngRoadPrvt
LT,h0065,0.3610182013362646,scr1988,avaStIn,bevPsngRoadPrvt
LT,h0066,0.31815357878804207,scr1988,avaStIn,bevPsngRoadPrvt
LT,h0067,0.19502571783959866,scr1988,avaStIn,bevPsngRoadPrvt
LT,h0068,0.11592018604278564,scr1988,avaStIn,bevPsngRoadPrvt
LT,h0069,0.19618328288197517,scr1988,avaStIn,bevPsngRoadPrvt
LT,h0070,0.4170716870576143,scr1988,avaStIn,bevPsngRoadPrvt
LT,h0071,0.4383331183344126,scr1988,avaStIn,bevPsngRoadPrvt
LT,h0072,0.31085252203047276,scr1988,avaStIn,bevPsngRoadPrvt
LU,h0049,0.09557142853736877,scr1988,avaStIn,bevPsngRoadPrvt
LU,h0050,0.17064263857901096,scr1988,avaStIn,bevPsngRoadPrvt
LU,h0051,0.3525880426168442,scr1988,avaStIn,bevPsngRoadPrvt
LU,h0052,0.4577559642493725,scr1988,avaStIn,bevPsngRoadPrvt
LU,h0053,0.47625396959483624,scr1988,avaStIn,bevPsngRoadPrvt
LU,h0054,0.4800655394792557,scr1988,avaStIn,bevPsngRoadPrvt
LU,h0055,0.5075174178928137,scr1988,avaStIn,bevPsngRoadPrvt
LU,h0056,0.4638236556202173,scr1988,avaStIn,bevPsngRoadPrvt
LU,h0057,0.3683921564370394,scr1988,avaStIn,bevPsngRoadPrvt
LU,h0058,0.2555831428617239,scr1988,avaStIn,bevPsngRoadPrvt
LU,h0059,0.2373066395521164,scr1988,avaStIn,bevPsngRoadPrvt
LU,h0060,0.2616388164460659,scr1988,avaStIn,bevPsngRoadPrvt
LU,h0061,0.37395197711884975,scr1988,avaStIn,bevPsngRoadPrvt
LU,h0062,0.42027763836085796,scr1988,avaStIn,bevPsngRoadPrvt
LU,h0063,0.4426503125578165,scr1988,avaStIn,bevPsngRoadPrvt
LU,h0064,0.39199019968509674,scr1988,avaStIn,bevPsngRoadPrvt
LU,h0065,0.3610182013362646,scr1988,avaStIn,bevPsngRoadPrvt
LU,h0066,0.31815357878804207,scr1988,avaStIn,bevPsngRoadPrvt
LU,h0067,0.19502571783959866,scr1988,avaStIn,bevPsngRoadPrvt
LU,h0068,0.11592018604278564,scr1988,avaStIn,bevPsngRoadPrvt
LU,h0069,0.19618328288197517,scr1988,avaStIn,bevPsngRoadPrvt
LU,h0070,0.4170716870576143,scr1988,avaStIn,bevPsngRoadPrvt
LU,h0071,0.4383331183344126,scr1988,avaStIn,bevPsngRoadPrvt
LU,h0072,0.31085252203047276,scr1988,avaStIn,bevPsngRoadPrvt
NO,h0049,0.09557142853736877,scr1988,avaStIn,bevPsngRoadPrvt
NO,h0050,0.17064263857901096,scr1988,avaStIn,bevPsngRoadPrvt
NO,h0051,0.3525880426168442,scr1988,avaStIn,bevPsngRoadPrvt
NO,h0052,0.4577559642493725,scr1988,avaStIn,bevPsngRoadPrvt
NO,h0053,0.47625396959483624,scr1988,avaStIn,bevPsngRoadPrvt
NO,h0054,0.4800655394792557,scr1988,avaStIn,bevPsngRoadPrvt
NO,h0055,0.5075174178928137,scr1988,avaStIn,bevPsngRoadPrvt
NO,h0056,0.4638236556202173,scr1988,avaStIn,bevPsngRoadPrvt
NO,h0057,0.3683921564370394,scr1988,avaStIn,bevPsngRoadPrvt
NO,h0058,0.2555831428617239,scr1988,avaStIn,bevPsngRoadPrvt
NO,h0059,0.2373066395521164,scr1988,avaStIn,bevPsngRoadPrvt
NO,h0060,0.2616388164460659,scr1988,avaStIn,bevPsngRoadPrvt
NO,h0061,0.37395197711884975,scr1988,avaStIn,bevPsngRoadPrvt
NO,h0062,0.42027763836085796,scr1988,avaStIn,bevPsngRoadPrvt
NO,h0063,0.4426503125578165,scr1988,avaStIn,bevPsngRoadPrvt
NO,h0064,0.39199019968509674,scr1988,avaStIn,bevPsngRoadPrvt
NO,h0065,0.3610182013362646,scr1988,avaStIn,bevPsngRoadPrvt
NO,h0066,0.31815357878804207,scr1988,avaStIn,bevPsngRoadPrvt
NO,h0067,0.19502571783959866,scr1988,avaStIn,bevPsngRoadPrvt
NO,h0068,0.11592018604278564,scr1988,avaStIn,bevPsngRoadPrvt
NO,h0069,0.19618328288197517,scr1988,avaStIn,bevPsngRoadPrvt
NO,h0070,0.4170716870576143,scr1988,avaStIn,bevPsngRoadPrvt
NO,h0071,0.4383331183344126,scr1988,avaStIn,bevPsngRoadPrvt
NO,h0072,0.31085252203047276,scr1988,avaStIn,bevPsngRoadPrvt
PL,h0049,0.09557142853736877,scr1988,avaStIn,bevPsngRoadPrvt
PL,h0050,0.17064263857901096,scr1988,avaStIn,bevPsngRoadPrvt
PL,h0051,0.3525880426168442,scr1988,avaStIn,bevPsngRoadPrvt
PL,h0052,0.4577559642493725,scr1988,avaStIn,bevPsngRoadPrvt
PL,h0053,0.47625396959483624,scr1988,avaStIn,bevPsngRoadPrvt
PL,h0054,0.4800655394792557,scr1988,avaStIn,bevPsngRoadPrvt
PL,h0055,0.5075174178928137,scr1988,avaStIn,bevPsngRoadPrvt
PL,h0056,0.4638236556202173,scr1988,avaStIn,bevPsngRoadPrvt
PL,h0057,0.3683921564370394,scr1988,avaStIn,bevPsngRoadPrvt
PL,h0058,0.2555831428617239,scr1988,avaStIn,bevPsngRoadPrvt
PL,h0059,0.2373066395521164,scr1988,avaStIn,bevPsngRoadPrvt
PL,h0060,0.2616388164460659,scr1988,avaStIn,bevPsngRoadPrvt
PL,h0061,0.37395197711884975,scr1988,avaStIn,bevPsngRoadPrvt
PL,h0062,0.42027763836085796,scr1988,avaStIn,bevPsngRoadPrvt
PL,h0063,0.4426503125578165,scr1988,avaStIn,bevPsngRoadPrvt
PL,h0064,0.39199019968509674,scr1988,avaStIn,bevPsngRoadPrvt
PL,h0065,0.3610182013362646,scr1988,avaStIn,bevPsngRoadPrvt
PL,h0066,0.31815357878804207,scr1988,avaStIn,bevPsngRoadPrvt
PL,h0067,0.19502571783959866,scr1988,avaStIn,bevPsngRoadPrvt
PL,h0068,0.11592018604278564,scr1988,avaStIn,bevPsngRoadPrvt
PL,h0069,0.19618328288197517,scr1988,avaStIn,bevPsngRoadPrvt
PL,h0070,0.4170716870576143,scr1988,avaStIn,bevPsngRoadPrvt
PL,h0071,0.4383331183344126,scr1988,avaStIn,bevPsngRoadPrvt
PL,h0072,0.31085252203047276,scr1988,avaStIn,bevPsngRoadPrvt
RO,h0049,0.09557142853736877,scr1988,avaStIn,bevPsngRoadPrvt
RO,h0050,0.17064263857901096,scr1988,avaStIn,bevPsngRoadPrvt
RO,h0051,0.3525880426168442,scr1988,avaStIn,bevPsngRoadPrvt
RO,h0052,0.4577559642493725,scr1988,avaStIn,bevPsngRoadPrvt
RO,h0053,0.47625396959483624,scr1988,avaStIn,bevPsngRoadPrvt
RO,h0054,0.4800655394792557,scr1988,avaStIn,bevPsngRoadPrvt
RO,h0055,0.5075174178928137,scr1988,avaStIn,bevPsngRoadPrvt
RO,h0056,0.4638236556202173,scr1988,avaStIn,bevPsngRoadPrvt
RO,h0057,0.3683921564370394,scr1988,avaStIn,bevPsngRoadPrvt
RO,h0058,0.2555831428617239,scr1988,avaStIn,bevPsngRoadPrvt
RO,h0059,0.2373066395521164,scr1988,avaStIn,bevPsngRoadPrvt
RO,h0060,0.2616388164460659,scr1988,avaStIn,bevPsngRoadPrvt
RO,h0061,0.37395197711884975,scr1988,avaStIn,bevPsngRoadPrvt
RO,h0062,0.42027763836085796,scr1988,avaStIn,bevPsngRoadPrvt
RO,h0063,0.4426503125578165,scr1988,avaStIn,bevPsngRoadPrvt
RO,h0064,0.39199019968509674,scr1988,avaStIn,bevPsngRoadPrvt
RO,h0065,0.3610182013362646,scr1988,avaStIn,bevPsngRoadPrvt
RO,h0066,0.31815357878804207,scr1988,avaStIn,bevPsngRoadPrvt
RO,h0067,0.19502571783959866,scr1988,avaStIn,bevPsngRoadPrvt
RO,h0068,0.11592018604278564,scr1988,avaStIn,bevPsngRoadPrvt
RO,h0069,0.19618328288197517,scr1988,avaStIn,bevPsngRoadPrvt
RO,h0070,0.4170716870576143,scr1988,avaStIn,bevPsngRoadPrvt
RO,h0071,0.4383331183344126,scr1988,avaStIn,bevPsngRoadPrvt
RO,h0072,0.31085252203047276,scr1988,avaStIn,bevPsngRoadPrvt
PT,h0049,0.09557142853736877,scr1988,avaStIn,bevPsngRoadPrvt
PT,h0050,0.17064263857901096,scr1988,avaStIn,bevPsngRoadPrvt
PT,h0051,0.3525880426168442,scr1988,avaStIn,bevPsngRoadPrvt
PT,h0052,0.4577559642493725,scr1988,avaStIn,bevPsngRoadPrvt
PT,h0053,0.47625396959483624,scr1988,avaStIn,bevPsngRoadPrvt
PT,h0054,0.4800655394792557,scr1988,avaStIn,bevPsngRoadPrvt
PT,h0055,0.5075174178928137,scr1988,avaStIn,bevPsngRoadPrvt
PT,h0056,0.4638236556202173,scr1988,avaStIn,bevPsngRoadPrvt
PT,h0057,0.3683921564370394,scr1988,avaStIn,bevPsngRoadPrvt
PT,h0058,0.2555831428617239,scr1988,avaStIn,bevPsngRoadPrvt
PT,h0059,0.2373066395521164,scr1988,avaStIn,bevPsngRoadPrvt
PT,h0060,0.2616388164460659,scr1988,avaStIn,bevPsngRoadPrvt
PT,h0061,0.37395197711884975,scr1988,avaStIn,bevPsngRoadPrvt
PT,h0062,0.42027763836085796,scr1988,avaStIn,bevPsngRoadPrvt
PT,h0063,0.4426503125578165,scr1988,avaStIn,bevPsngRoadPrvt
PT,h0064,0.39199019968509674,scr1988,avaStIn,bevPsngRoadPrvt
PT,h0065,0.3610182013362646,scr1988,avaStIn,bevPsngRoadPrvt
PT,h0066,0.31815357878804207,scr1988,avaStIn,bevPsngRoadPrvt
PT,h0067,0.19502571783959866,scr1988,avaStIn,bevPsngRoadPrvt
PT,h0068,0.11592018604278564,scr1988,avaStIn,bevPsngRoadPrvt
PT,h0069,0.19618328288197517,scr1988,avaStIn,bevPsngRoadPrvt
PT,h0070,0.4170716870576143,scr1988,avaStIn,bevPsngRoadPrvt
PT,h0071,0.4383331183344126,scr1988,avaStIn,bevPsngRoadPrvt
PT,h0072,0.31085252203047276,scr1988,avaStIn,bevPsngRoadPrvt
SK,h0049,0.09557142853736877,scr1988,avaStIn,bevPsngRoadPrvt
SK,h0050,0.17064263857901096,scr1988,avaStIn,bevPsngRoadPrvt
SK,h0051,0.3525880426168442,scr1988,avaStIn,bevPsngRoadPrvt
SK,h0052,0.4577559642493725,scr1988,avaStIn,bevPsngRoadPrvt
SK,h0053,0.47625396959483624,scr1988,avaStIn,bevPsngRoadPrvt
SK,h0054,0.4800655394792557,scr1988,avaStIn,bevPsngRoadPrvt
SK,h0055,0.5075174178928137,scr1988,avaStIn,bevPsngRoadPrvt
SK,h0056,0.4638236556202173,scr1988,avaStIn,bevPsngRoadPrvt
SK,h0057,0.3683921564370394,scr1988,avaStIn,bevPsngRoadPrvt
SK,h0058,0.2555831428617239,scr1988,avaStIn,bevPsngRoadPrvt
SK,h0059,0.2373066395521164,scr1988,avaStIn,bevPsngRoadPrvt
SK,h0060,0.2616388164460659,scr1988,avaStIn,bevPsngRoadPrvt
SK,h0061,0.37395197711884975,scr1988,avaStIn,bevPsngRoadPrvt
SK,h0062,0.42027763836085796,scr1988,avaStIn,bevPsngRoadPrvt
SK,h0063,0.4426503125578165,scr1988,avaStIn,bevPsngRoadPrvt
SK,h0064,0.39199019968509674,scr1988,avaStIn,bevPsngRoadPrvt
SK,h0065,0.3610182013362646,scr1988,avaStIn,bevPsngRoadPrvt
SK,h0066,0.31815357878804207,scr1988,avaStIn,bevPsngRoadPrvt
SK,h0067,0.19502571783959866,scr1988,avaStIn,bevPsngRoadPrvt
SK,h0068,0.11592018604278564,scr1988,avaStIn,bevPsngRoadPrvt
SK,h0069,0.19618328288197517,scr1988,avaStIn,bevPsngRoadPrvt
SK,h0070,0.4170716870576143,scr1988,avaStIn,bevPsngRoadPrvt
SK,h0071,0.4383331183344126,scr1988,avaStIn,bevPsngRoadPrvt
SK,h0072,0.31085252203047276,scr1988,avaStIn,bevPsngRoadPrvt
SI,h0049,0.09557142853736877,scr1988,avaStIn,bevPsngRoadPrvt
SI,h0050,0.17064263857901096,scr1988,avaStIn,bevPsngRoadPrvt
SI,h0051,0.3525880426168442,scr1988,avaStIn,bevPsngRoadPrvt
SI,h0052,0.4577559642493725,scr1988,avaStIn,bevPsngRoadPrvt
SI,h0053,0.47625396959483624,scr1988,avaStIn,bevPsngRoadPrvt
SI,h0054,0.4800655394792557,scr1988,avaStIn,bevPsngRoadPrvt
SI,h0055,0.5075174178928137,scr1988,avaStIn,bevPsngRoadPrvt
SI,h0056,0.4638236556202173,scr1988,avaStIn,bevPsngRoadPrvt
SI,h0057,0.3683921564370394,scr1988,avaStIn,bevPsngRoadPrvt
SI,h0058,0.2555831428617239,scr1988,avaStIn,bevPsngRoadPrvt
SI,h0059,0.2373066395521164,scr1988,avaStIn,bevPsngRoadPrvt
SI,h0060,0.2616388164460659,scr1988,avaStIn,bevPsngRoadPrvt
SI,h0061,0.37395197711884975,scr1988,avaStIn,bevPsngRoadPrvt
SI,h0062,0.42027763836085796,scr1988,avaStIn,bevPsngRoadPrvt
SI,h0063,0.4426503125578165,scr1988,avaStIn,bevPsngRoadPrvt
SI,h0064,0.39199019968509674,scr1988,avaStIn,bevPsngRoadPrvt
SI,h0065,0.3610182013362646,scr1988,avaStIn,bevPsngRoadPrvt
SI,h0066,0.31815357878804207,scr1988,avaStIn,bevPsngRoadPrvt
SI,h0067,0.19502571783959866,scr1988,avaStIn,bevPsngRoadPrvt
SI,h0068,0.11592018604278564,scr1988,avaStIn,bevPsngRoadPrvt
SI,h0069,0.19618328288197517,scr1988,avaStIn,bevPsngRoadPrvt
SI,h0070,0.4170716870576143,scr1988,avaStIn,bevPsngRoadPrvt
SI,h0071,0.4383331183344126,scr1988,avaStIn,bevPsngRoadPrvt
SI,h0072,0.31085252203047276,scr1988,avaStIn,bevPsngRoadPrvt
SE,h0049,0.09557142853736877,scr1988,avaStIn,bevPsngRoadPrvt
SE,h0050,0.17064263857901096,scr1988,avaStIn,bevPsngRoadPrvt
SE,h0051,0.3525880426168442,scr1988,avaStIn,bevPsngRoadPrvt
SE,h0052,0.4577559642493725,scr1988,avaStIn,bevPsngRoadPrvt
SE,h0053,0.47625396959483624,scr1988,avaStIn,bevPsngRoadPrvt
SE,h0054,0.4800655394792557,scr1988,avaStIn,bevPsngRoadPrvt
SE,h0055,0.5075174178928137,scr1988,avaStIn,bevPsngRoadPrvt
SE,h0056,0.4638236556202173,scr1988,avaStIn,bevPsngRoadPrvt
SE,h0057,0.3683921564370394,scr1988,avaStIn,bevPsngRoadPrvt
SE,h0058,0.2555831428617239,scr1988,avaStIn,bevPsngRoadPrvt
SE,h0059,0.2373066395521164,scr1988,avaStIn,bevPsngRoadPrvt
SE,h0060,0.2616388164460659,scr1988,avaStIn,bevPsngRoadPrvt
SE,h0061,0.37395197711884975,scr1988,avaStIn,bevPsngRoadPrvt
SE,h0062,0.42027763836085796,scr1988,avaStIn,bevPsngRoadPrvt
SE,h0063,0.4426503125578165,scr1988,avaStIn,bevPsngRoadPrvt
SE,h0064,0.39199019968509674,scr1988,avaStIn,bevPsngRoadPrvt
SE,h0065,0.3610182013362646,scr1988,avaStIn,bevPsngRoadPrvt
SE,h0066,0.31815357878804207,scr1988,avaStIn,bevPsngRoadPrvt
SE,h0067,0.19502571783959866,scr1988,avaStIn,bevPsngRoadPrvt
SE,h0068,0.11592018604278564,scr1988,avaStIn,bevPsngRoadPrvt
SE,h0069,0.19618328288197517,scr1988,avaStIn,bevPsngRoadPrvt
SE,h0070,0.4170716870576143,scr1988,avaStIn,bevPsngRoadPrvt
SE,h0071,0.4383331183344126,scr1988,avaStIn,bevPsngRoadPrvt
SE,h0072,0.31085252203047276,scr1988,avaStIn,bevPsngRoadPrvt
UK,h0049,0.09557142853736877,scr1988,avaStIn,bevPsngRoadPrvt
UK,h0050,0.17064263857901096,scr1988,avaStIn,bevPsngRoadPrvt
UK,h0051,0.3525880426168442,scr1988,avaStIn,bevPsngRoadPrvt
UK,h0052,0.4577559642493725,scr1988,avaStIn,bevPsngRoadPrvt
UK,h0053,0.47625396959483624,scr1988,avaStIn,bevPsngRoadPrvt
UK,h0054,0.4800655394792557,scr1988,avaStIn,bevPsngRoadPrvt
UK,h0055,0.5075174178928137,scr1988,avaStIn,bevPsngRoadPrvt
UK,h0056,0.4638236556202173,scr1988,avaStIn,bevPsngRoadPrvt
UK,h0057,0.3683921564370394,scr1988,avaStIn,bevPsngRoadPrvt
UK,h0058,0.2555831428617239,scr1988,avaStIn,bevPsngRoadPrvt
UK,h0059,0.2373066395521164,scr1988,avaStIn,bevPsngRoadPrvt
UK,h0060,0.2616388164460659,scr1988,avaStIn,bevPsngRoadPrvt
UK,h0061,0.37395197711884975,scr1988,avaStIn,bevPsngRoadPrvt
UK,h0062,0.42027763836085796,scr1988,avaStIn,bevPsngRoadPrvt
UK,h0063,0.4426503125578165,scr1988,avaStIn,bevPsngRoadPrvt
UK,h0064,0.39199019968509674,scr1988,avaStIn,bevPsngRoadPrvt
UK,h0065,0.3610182013362646,scr1988,avaStIn,bevPsngRoadPrvt
UK,h0066,0.31815357878804207,scr1988,avaStIn,bevPsngRoadPrvt
UK,h0067,0.19502571783959866,scr1988,avaStIn,bevPsngRoadPrvt
UK,h0068,0.11592018604278564,scr1988,avaStIn,bevPsngRoadPrvt
UK,h0069,0.19618328288197517,scr1988,avaStIn,bevPsngRoadPrvt
UK,h0070,0.4170716870576143,scr1988,avaStIn,bevPsngRoadPrvt
UK,h0071,0.4383331183344126,scr1988,avaStIn,bevPsngRoadPrvt
UK,h0072,0.31085252203047276,scr1988,avaStIn,bevPsngRoadPrvt
RS,h0049,0.09557142853736877,scr1988,avaStIn,bevPsngRoadPrvt
RS,h0050,0.17064263857901096,scr1988,avaStIn,bevPsngRoadPrvt
RS,h0051,0.3525880426168442,scr1988,avaStIn,bevPsngRoadPrvt
RS,h0052,0.4577559642493725,scr1988,avaStIn,bevPsngRoadPrvt
RS,h0053,0.47625396959483624,scr1988,avaStIn,bevPsngRoadPrvt
RS,h0054,0.4800655394792557,scr1988,avaStIn,bevPsngRoadPrvt
RS,h0055,0.5075174178928137,scr1988,avaStIn,bevPsngRoadPrvt
RS,h0056,0.4638236556202173,scr1988,avaStIn,bevPsngRoadPrvt
RS,h0057,0.3683921564370394,scr1988,avaStIn,bevPsngRoadPrvt
RS,h0058,0.2555831428617239,scr1988,avaStIn,bevPsngRoadPrvt
RS,h0059,0.2373066395521164,scr1988,avaStIn,bevPsngRoadPrvt
RS,h0060,0.2616388164460659,scr1988,avaStIn,bevPsngRoadPrvt
RS,h0061,0.37395197711884975,scr1988,avaStIn,bevPsngRoadPrvt
RS,h0062,0.42027763836085796,scr1988,avaStIn,bevPsngRoadPrvt
RS,h0063,0.4426503125578165,scr1988,avaStIn,bevPsngRoadPrvt
RS,h0064,0.39199019968509674,scr1988,avaStIn,bevPsngRoadPrvt
RS,h0065,0.3610182013362646,scr1988,avaStIn,bevPsngRoadPrvt
RS,h0066,0.31815357878804207,scr1988,avaStIn,bevPsngRoadPrvt
RS,h0067,0.19502571783959866,scr1988,avaStIn,bevPsngRoadPrvt
RS,h0068,0.11592018604278564,scr1988,avaStIn,bevPsngRoadPrvt
RS,h0069,0.19618328288197517,scr1988,avaStIn,bevPsngRoadPrvt
RS,h0070,0.4170716870576143,scr1988,avaStIn,bevPsngRoadPrvt
RS,h0071,0.4383331183344126,scr1988,avaStIn,bevPsngRoadPrvt
RS,h0072,0.31085252203047276,scr1988,avaStIn,bevPsngRoadPrvt
BA,h0049,0.09557142853736877,scr1988,avaStIn,bevPsngRoadPrvt
BA,h0050,0.17064263857901096,scr1988,avaStIn,bevPsngRoadPrvt
BA,h0051,0.3525880426168442,scr1988,avaStIn,bevPsngRoadPrvt
BA,h0052,0.4577559642493725,scr1988,avaStIn,bevPsngRoadPrvt
BA,h0053,0.47625396959483624,scr1988,avaStIn,bevPsngRoadPrvt
BA,h0054,0.4800655394792557,scr1988,avaStIn,bevPsngRoadPrvt
BA,h0055,0.5075174178928137,scr1988,avaStIn,bevPsngRoadPrvt
BA,h0056,0.4638236556202173,scr1988,avaStIn,bevPsngRoadPrvt
BA,h0057,0.3683921564370394,scr1988,avaStIn,bevPsngRoadPrvt
BA,h0058,0.2555831428617239,scr1988,avaStIn,bevPsngRoadPrvt
BA,h0059,0.2373066395521164,scr1988,avaStIn,bevPsngRoadPrvt
BA,h0060,0.2616388164460659,scr1988,avaStIn,bevPsngRoadPrvt
BA,h0061,0.37395197711884975,scr1988,avaStIn,bevPsngRoadPrvt
BA,h0062,0.42027763836085796,scr1988,avaStIn,bevPsngRoadPrvt
BA,h0063,0.4426503125578165,scr1988,avaStIn,bevPsngRoadPrvt
BA,h0064,0.39199019968509674,scr1988,avaStIn,bevPsngRoadPrvt
BA,h0065,0.3610182013362646,scr1988,avaStIn,bevPsngRoadPrvt
BA,h0066,0.31815357878804207,scr1988,avaStIn,bevPsngRoadPrvt
BA,h0067,0.19502571783959866,scr1988,avaStIn,bevPsngRoadPrvt
BA,h0068,0.11592018604278564,scr1988,avaStIn,bevPsngRoadPrvt
BA,h0069,0.19618328288197517,scr1988,avaStIn,bevPsngRoadPrvt
BA,h0070,0.4170716870576143,scr1988,avaStIn,bevPsngRoadPrvt
BA,h0071,0.4383331183344126,scr1988,avaStIn,bevPsngRoadPrvt
BA,h0072,0.31085252203047276,scr1988,avaStIn,bevPsngRoadPrvt
AL,h0049,0.09557142853736877,scr1988,avaStIn,bevPsngRoadPrvt
AL,h0050,0.17064263857901096,scr1988,avaStIn,bevPsngRoadPrvt
AL,h0051,0.3525880426168442,scr1988,avaStIn,bevPsngRoadPrvt
AL,h0052,0.4577559642493725,scr1988,avaStIn,bevPsngRoadPrvt
AL,h0053,0.47625396959483624,scr1988,avaStIn,bevPsngRoadPrvt
AL,h0054,0.4800655394792557,scr1988,avaStIn,bevPsngRoadPrvt
AL,h0055,0.5075174178928137,scr1988,avaStIn,bevPsngRoadPrvt
AL,h0056,0.4638236556202173,scr1988,avaStIn,bevPsngRoadPrvt
AL,h0057,0.3683921564370394,scr1988,avaStIn,bevPsngRoadPrvt
AL,h0058,0.2555831428617239,scr1988,avaStIn,bevPsngRoadPrvt
AL,h0059,0.2373066395521164,scr1988,avaStIn,bevPsngRoadPrvt
AL,h0060,0.2616388164460659,scr1988,avaStIn,bevPsngRoadPrvt
AL,h0061,0.37395197711884975,scr1988,avaStIn,bevPsngRoadPrvt
AL,h0062,0.42027763836085796,scr1988,avaStIn,bevPsngRoadPrvt
AL,h0063,0.4426503125578165,scr1988,avaStIn,bevPsngRoadPrvt
AL,h0064,0.39199019968509674,scr1988,avaStIn,bevPsngRoadPrvt
AL,h0065,0.3610182013362646,scr1988,avaStIn,bevPsngRoadPrvt
AL,h0066,0.31815357878804207,scr1988,avaStIn,bevPsngRoadPrvt
AL,h0067,0.19502571783959866,scr1988,avaStIn,bevPsngRoadPrvt
AL,h0068,0.11592018604278564,scr1988,avaStIn,bevPsngRoadPrvt
AL,h0069,0.19618328288197517,scr1988,avaStIn,bevPsngRoadPrvt
AL,h0070,0.4170716870576143,scr1988,avaStIn,bevPsngRoadPrvt
AL,h0071,0.4383331183344126,scr1988,avaStIn,bevPsngRoadPrvt
AL,h0072,0.31085252203047276,scr1988,avaStIn,bevPsngRoadPrvt
