region_2,timestep_6,value,scenario_1,parameter,carrier_1
AT,h0001,0.0,scr2001,mustOut,psngRoadPrvt
AT,h0002,0.0,scr2001,mustOut,psngRoadPrvt
AT,h0003,0.0001931133657558367,scr2001,mustOut,psngRoadPrvt
AT,h0004,0.026063103385933182,scr2001,mustOut,psngRoadPrvt
AT,h0005,0.09938756302506037,scr2001,mustOut,psngRoadPrvt
AT,h0006,0.16410180015373477,scr2001,mustOut,psngRoadPrvt
AT,h0007,0.18666751053487737,scr2001,mustOut,psngRoadPrvt
AT,h0008,0.1662342885849669,scr2001,mustOut,psngRoadPrvt
AT,h0009,0.2629377719574719,scr2001,mustOut,psngRoadPrvt
AT,h0010,0.29467510862736057,scr2001,mustOut,psngRoadPrvt
AT,h0011,0.27629672645576425,scr2001,mustOut,psngRoadPrvt
AT,h0012,0.1684646809766419,scr2001,mustOut,psngRoadPrvt
AT,h0013,0.06223794360307997,scr2001,mustOut,psngRoadPrvt
AT,h0014,0.019850939759671192,scr2001,mustOut,psngRoadPrvt
AT,h0015,0.0004337225114632693,scr2001,mustOut,psngRoadPrvt
AT,h0016,0.027206902914163108,scr2001,mustOut,psngRoadPrvt
AT,h0017,0.07794640029993379,scr2001,mustOut,psngRoadPrvt
AT,h0018,0.13655323000100753,scr2001,mustOut,psngRoadPrvt
AT,h0019,0.17131003358120525,scr2001,mustOut,psngRoadPrvt
AT,h0020,0.18003728913293565,scr2001,mustOut,psngRoadPrvt
AT,h0021,0.2545072807792335,scr2001,mustOut,psngRoadPrvt
AT,h0022,0.26479782153524517,scr2001,mustOut,psngRoadPrvt
AT,h0023,0.22292477682463116,scr2001,mustOut,psngRoadPrvt
AT,h0024,0.12073715989840834,scr2001,mustOut,psngRoadPrvt
BE,h0001,0.0,scr2001,mustOut,psngRoadPrvt
BE,h0002,0.0,scr2001,mustOut,psngRoadPrvt
BE,h0003,0.0001931133657558367,scr2001,mustOut,psngRoadPrvt
BE,h0004,0.026063103385933182,scr2001,mustOut,psngRoadPrvt
BE,h0005,0.09938756302506037,scr2001,mustOut,psngRoadPrvt
BE,h0006,0.16410180015373477,scr2001,mustOut,psngRoadPrvt
BE,h0007,0.18666751053487737,scr2001,mustOut,psngRoadPrvt
BE,h0008,0.1662342885849669,scr2001,mustOut,psngRoadPrvt
BE,h0009,0.2629377719574719,scr2001,mustOut,psngRoadPrvt
BE,h0010,0.29467510862736057,scr2001,mustOut,psngRoadPrvt
BE,h0011,0.27629672645576425,scr2001,mustOut,psngRoadPrvt
BE,h0012,0.1684646809766419,scr2001,mustOut,psngRoadPrvt
BE,h0013,0.06223794360307997,scr2001,mustOut,psngRoadPrvt
BE,h0014,0.019850939759671192,scr2001,mustOut,psngRoadPrvt
BE,h0015,0.0004337225114632693,scr2001,mustOut,psngRoadPrvt
BE,h0016,0.027206902914163108,scr2001,mustOut,psngRoadPrvt
BE,h0017,0.07794640029993379,scr2001,mustOut,psngRoadPrvt
BE,h0018,0.13655323000100753,scr2001,mustOut,psngRoadPrvt
BE,h0019,0.17131003358120525,scr2001,mustOut,psngRoadPrvt
BE,h0020,0.18003728913293565,scr2001,mustOut,psngRoadPrvt
BE,h0021,0.2545072807792335,scr2001,mustOut,psngRoadPrvt
BE,h0022,0.26479782153524517,scr2001,mustOut,psngRoadPrvt
BE,h0023,0.22292477682463116,scr2001,mustOut,psngRoadPrvt
BE,h0024,0.12073715989840834,scr2001,mustOut,psngRoadPrvt
BG,h0001,0.0,scr2001,mustOut,psngRoadPrvt
BG,h0002,0.0,scr2001,mustOut,psngRoadPrvt
BG,h0003,0.0001931133657558367,scr2001,mustOut,psngRoadPrvt
BG,h0004,0.026063103385933182,scr2001,mustOut,psngRoadPrvt
BG,h0005,0.09938756302506037,scr2001,mustOut,psngRoadPrvt
BG,h0006,0.16410180015373477,scr2001,mustOut,psngRoadPrvt
BG,h0007,0.18666751053487737,scr2001,mustOut,psngRoadPrvt
BG,h0008,0.1662342885849669,scr2001,mustOut,psngRoadPrvt
BG,h0009,0.2629377719574719,scr2001,mustOut,psngRoadPrvt
BG,h0010,0.29467510862736057,scr2001,mustOut,psngRoadPrvt
BG,h0011,0.27629672645576425,scr2001,mustOut,psngRoadPrvt
BG,h0012,0.1684646809766419,scr2001,mustOut,psngRoadPrvt
BG,h0013,0.06223794360307997,scr2001,mustOut,psngRoadPrvt
BG,h0014,0.019850939759671192,scr2001,mustOut,psngRoadPrvt
BG,h0015,0.0004337225114632693,scr2001,mustOut,psngRoadPrvt
BG,h0016,0.027206902914163108,scr2001,mustOut,psngRoadPrvt
BG,h0017,0.07794640029993379,scr2001,mustOut,psngRoadPrvt
BG,h0018,0.13655323000100753,scr2001,mustOut,psngRoadPrvt
BG,h0019,0.17131003358120525,scr2001,mustOut,psngRoadPrvt
BG,h0020,0.18003728913293565,scr2001,mustOut,psngRoadPrvt
BG,h0021,0.2545072807792335,scr2001,mustOut,psngRoadPrvt
BG,h0022,0.26479782153524517,scr2001,mustOut,psngRoadPrvt
BG,h0023,0.22292477682463116,scr2001,mustOut,psngRoadPrvt
BG,h0024,0.12073715989840834,scr2001,mustOut,psngRoadPrvt
CH,h0001,0.0,scr2001,mustOut,psngRoadPrvt
CH,h0002,0.0,scr2001,mustOut,psngRoadPrvt
CH,h0003,0.0001931133657558367,scr2001,mustOut,psngRoadPrvt
CH,h0004,0.026063103385933182,scr2001,mustOut,psngRoadPrvt
CH,h0005,0.09938756302506037,scr2001,mustOut,psngRoadPrvt
CH,h0006,0.16410180015373477,scr2001,mustOut,psngRoadPrvt
CH,h0007,0.18666751053487737,scr2001,mustOut,psngRoadPrvt
CH,h0008,0.1662342885849669,scr2001,mustOut,psngRoadPrvt
CH,h0009,0.2629377719574719,scr2001,mustOut,psngRoadPrvt
CH,h0010,0.29467510862736057,scr2001,mustOut,psngRoadPrvt
CH,h0011,0.27629672645576425,scr2001,mustOut,psngRoadPrvt
CH,h0012,0.1684646809766419,scr2001,mustOut,psngRoadPrvt
CH,h0013,0.06223794360307997,scr2001,mustOut,psngRoadPrvt
CH,h0014,0.019850939759671192,scr2001,mustOut,psngRoadPrvt
CH,h0015,0.0004337225114632693,scr2001,mustOut,psngRoadPrvt
CH,h0016,0.027206902914163108,scr2001,mustOut,psngRoadPrvt
CH,h0017,0.07794640029993379,scr2001,mustOut,psngRoadPrvt
CH,h0018,0.13655323000100753,scr2001,mustOut,psngRoadPrvt
CH,h0019,0.17131003358120525,scr2001,mustOut,psngRoadPrvt
CH,h0020,0.18003728913293565,scr2001,mustOut,psngRoadPrvt
CH,h0021,0.2545072807792335,scr2001,mustOut,psngRoadPrvt
CH,h0022,0.26479782153524517,scr2001,mustOut,psngRoadPrvt
CH,h0023,0.22292477682463116,scr2001,mustOut,psngRoadPrvt
CH,h0024,0.12073715989840834,scr2001,mustOut,psngRoadPrvt
CZ,h0001,0.0,scr2001,mustOut,psngRoadPrvt
CZ,h0002,0.0,scr2001,mustOut,psngRoadPrvt
CZ,h0003,0.0001931133657558367,scr2001,mustOut,psngRoadPrvt
CZ,h0004,0.026063103385933182,scr2001,mustOut,psngRoadPrvt
CZ,h0005,0.09938756302506037,scr2001,mustOut,psngRoadPrvt
CZ,h0006,0.16410180015373477,scr2001,mustOut,psngRoadPrvt
CZ,h0007,0.18666751053487737,scr2001,mustOut,psngRoadPrvt
CZ,h0008,0.1662342885849669,scr2001,mustOut,psngRoadPrvt
CZ,h0009,0.2629377719574719,scr2001,mustOut,psngRoadPrvt
CZ,h0010,0.29467510862736057,scr2001,mustOut,psngRoadPrvt
CZ,h0011,0.27629672645576425,scr2001,mustOut,psngRoadPrvt
CZ,h0012,0.1684646809766419,scr2001,mustOut,psngRoadPrvt
CZ,h0013,0.06223794360307997,scr2001,mustOut,psngRoadPrvt
CZ,h0014,0.019850939759671192,scr2001,mustOut,psngRoadPrvt
CZ,h0015,0.0004337225114632693,scr2001,mustOut,psngRoadPrvt
CZ,h0016,0.027206902914163108,scr2001,mustOut,psngRoadPrvt
CZ,h0017,0.07794640029993379,scr2001,mustOut,psngRoadPrvt
CZ,h0018,0.13655323000100753,scr2001,mustOut,psngRoadPrvt
CZ,h0019,0.17131003358120525,scr2001,mustOut,psngRoadPrvt
CZ,h0020,0.18003728913293565,scr2001,mustOut,psngRoadPrvt
CZ,h0021,0.2545072807792335,scr2001,mustOut,psngRoadPrvt
CZ,h0022,0.26479782153524517,scr2001,mustOut,psngRoadPrvt
CZ,h0023,0.22292477682463116,scr2001,mustOut,psngRoadPrvt
CZ,h0024,0.12073715989840834,scr2001,mustOut,psngRoadPrvt
DE,h0001,0.0,scr2001,mustOut,psngRoadPrvt
DE,h0002,0.0,scr2001,mustOut,psngRoadPrvt
DE,h0003,0.00019311336575583672,scr2001,mustOut,psngRoadPrvt
DE,h0004,0.026063103385933185,scr2001,mustOut,psngRoadPrvt
DE,h0005,0.09938756302506038,scr2001,mustOut,psngRoadPrvt
DE,h0006,0.16410180015373477,scr2001,mustOut,psngRoadPrvt
DE,h0007,0.1866675105348774,scr2001,mustOut,psngRoadPrvt
DE,h0008,0.16623428858496686,scr2001,mustOut,psngRoadPrvt
DE,h0009,0.262937771957472,scr2001,mustOut,psngRoadPrvt
DE,h0010,0.2946751086273606,scr2001,mustOut,psngRoadPrvt
DE,h0011,0.2762967264557643,scr2001,mustOut,psngRoadPrvt
DE,h0012,0.16846468097664188,scr2001,mustOut,psngRoadPrvt
DE,h0013,0.06223794360308,scr2001,mustOut,psngRoadPrvt
DE,h0014,0.0198509397596712,scr2001,mustOut,psngRoadPrvt
DE,h0015,0.00043372251146326946,scr2001,mustOut,psngRoadPrvt
DE,h0016,0.02720690291416311,scr2001,mustOut,psngRoadPrvt
DE,h0017,0.0779464002999338,scr2001,mustOut,psngRoadPrvt
DE,h0018,0.13655323000100753,scr2001,mustOut,psngRoadPrvt
DE,h0019,0.17131003358120522,scr2001,mustOut,psngRoadPrvt
DE,h0020,0.18003728913293568,scr2001,mustOut,psngRoadPrvt
DE,h0021,0.25450728077923357,scr2001,mustOut,psngRoadPrvt
DE,h0022,0.26479782153524517,scr2001,mustOut,psngRoadPrvt
DE,h0023,0.2229247768246312,scr2001,mustOut,psngRoadPrvt
DE,h0024,0.12073715989840833,scr2001,mustOut,psngRoadPrvt
GR,h0001,0.0,scr2001,mustOut,psngRoadPrvt
GR,h0002,0.0,scr2001,mustOut,psngRoadPrvt
GR,h0003,0.0001931133657558367,scr2001,mustOut,psngRoadPrvt
GR,h0004,0.026063103385933182,scr2001,mustOut,psngRoadPrvt
GR,h0005,0.09938756302506037,scr2001,mustOut,psngRoadPrvt
GR,h0006,0.16410180015373477,scr2001,mustOut,psngRoadPrvt
GR,h0007,0.18666751053487737,scr2001,mustOut,psngRoadPrvt
GR,h0008,0.1662342885849669,scr2001,mustOut,psngRoadPrvt
GR,h0009,0.2629377719574719,scr2001,mustOut,psngRoadPrvt
GR,h0010,0.29467510862736057,scr2001,mustOut,psngRoadPrvt
GR,h0011,0.27629672645576425,scr2001,mustOut,psngRoadPrvt
GR,h0012,0.1684646809766419,scr2001,mustOut,psngRoadPrvt
GR,h0013,0.06223794360307997,scr2001,mustOut,psngRoadPrvt
GR,h0014,0.019850939759671192,scr2001,mustOut,psngRoadPrvt
GR,h0015,0.0004337225114632693,scr2001,mustOut,psngRoadPrvt
GR,h0016,0.027206902914163108,scr2001,mustOut,psngRoadPrvt
GR,h0017,0.07794640029993379,scr2001,mustOut,psngRoadPrvt
GR,h0018,0.13655323000100753,scr2001,mustOut,psngRoadPrvt
GR,h0019,0.17131003358120525,scr2001,mustOut,psngRoadPrvt
GR,h0020,0.18003728913293565,scr2001,mustOut,psngRoadPrvt
GR,h0021,0.2545072807792335,scr2001,mustOut,psngRoadPrvt
GR,h0022,0.26479782153524517,scr2001,mustOut,psngRoadPrvt
GR,h0023,0.22292477682463116,scr2001,mustOut,psngRoadPrvt
GR,h0024,0.12073715989840834,scr2001,mustOut,psngRoadPrvt
ES,h0001,0.0,scr2001,mustOut,psngRoadPrvt
ES,h0002,0.0,scr2001,mustOut,psngRoadPrvt
ES,h0003,0.00019311336575583672,scr2001,mustOut,psngRoadPrvt
ES,h0004,0.02606310338593318,scr2001,mustOut,psngRoadPrvt
ES,h0005,0.09938756302506034,scr2001,mustOut,psngRoadPrvt
ES,h0006,0.16410180015373477,scr2001,mustOut,psngRoadPrvt
ES,h0007,0.18666751053487732,scr2001,mustOut,psngRoadPrvt
ES,h0008,0.16623428858496686,scr2001,mustOut,psngRoadPrvt
ES,h0009,0.262937771957472,scr2001,mustOut,psngRoadPrvt
ES,h0010,0.29467510862736057,scr2001,mustOut,psngRoadPrvt
ES,h0011,0.27629672645576425,scr2001,mustOut,psngRoadPrvt
ES,h0012,0.16846468097664188,scr2001,mustOut,psngRoadPrvt
ES,h0013,0.06223794360308,scr2001,mustOut,psngRoadPrvt
ES,h0014,0.019850939759671195,scr2001,mustOut,psngRoadPrvt
ES,h0015,0.0004337225114632693,scr2001,mustOut,psngRoadPrvt
ES,h0016,0.027206902914163097,scr2001,mustOut,psngRoadPrvt
ES,h0017,0.07794640029993377,scr2001,mustOut,psngRoadPrvt
ES,h0018,0.13655323000100753,scr2001,mustOut,psngRoadPrvt
ES,h0019,0.17131003358120522,scr2001,mustOut,psngRoadPrvt
ES,h0020,0.18003728913293568,scr2001,mustOut,psngRoadPrvt
ES,h0021,0.25450728077923357,scr2001,mustOut,psngRoadPrvt
ES,h0022,0.2647978215352453,scr2001,mustOut,psngRoadPrvt
ES,h0023,0.2229247768246313,scr2001,mustOut,psngRoadPrvt
ES,h0024,0.12073715989840833,scr2001,mustOut,psngRoadPrvt
DK,h0001,0.0,scr2001,mustOut,psngRoadPrvt
DK,h0002,0.0,scr2001,mustOut,psngRoadPrvt
DK,h0003,0.0001931133657558367,scr2001,mustOut,psngRoadPrvt
DK,h0004,0.026063103385933182,scr2001,mustOut,psngRoadPrvt
DK,h0005,0.09938756302506037,scr2001,mustOut,psngRoadPrvt
DK,h0006,0.16410180015373477,scr2001,mustOut,psngRoadPrvt
DK,h0007,0.18666751053487737,scr2001,mustOut,psngRoadPrvt
DK,h0008,0.1662342885849669,scr2001,mustOut,psngRoadPrvt
DK,h0009,0.2629377719574719,scr2001,mustOut,psngRoadPrvt
DK,h0010,0.29467510862736057,scr2001,mustOut,psngRoadPrvt
DK,h0011,0.27629672645576425,scr2001,mustOut,psngRoadPrvt
DK,h0012,0.1684646809766419,scr2001,mustOut,psngRoadPrvt
DK,h0013,0.06223794360307997,scr2001,mustOut,psngRoadPrvt
DK,h0014,0.019850939759671192,scr2001,mustOut,psngRoadPrvt
DK,h0015,0.0004337225114632693,scr2001,mustOut,psngRoadPrvt
DK,h0016,0.027206902914163108,scr2001,mustOut,psngRoadPrvt
DK,h0017,0.07794640029993379,scr2001,mustOut,psngRoadPrvt
DK,h0018,0.13655323000100753,scr2001,mustOut,psngRoadPrvt
DK,h0019,0.17131003358120525,scr2001,mustOut,psngRoadPrvt
DK,h0020,0.18003728913293565,scr2001,mustOut,psngRoadPrvt
DK,h0021,0.2545072807792335,scr2001,mustOut,psngRoadPrvt
DK,h0022,0.26479782153524517,scr2001,mustOut,psngRoadPrvt
DK,h0023,0.22292477682463116,scr2001,mustOut,psngRoadPrvt
DK,h0024,0.12073715989840834,scr2001,mustOut,psngRoadPrvt
EE,h0001,0.0,scr2001,mustOut,psngRoadPrvt
EE,h0002,0.0,scr2001,mustOut,psngRoadPrvt
EE,h0003,0.0001931133657558367,scr2001,mustOut,psngRoadPrvt
EE,h0004,0.026063103385933182,scr2001,mustOut,psngRoadPrvt
EE,h0005,0.09938756302506037,scr2001,mustOut,psngRoadPrvt
EE,h0006,0.16410180015373477,scr2001,mustOut,psngRoadPrvt
EE,h0007,0.18666751053487737,scr2001,mustOut,psngRoadPrvt
EE,h0008,0.1662342885849669,scr2001,mustOut,psngRoadPrvt
EE,h0009,0.2629377719574719,scr2001,mustOut,psngRoadPrvt
EE,h0010,0.29467510862736057,scr2001,mustOut,psngRoadPrvt
EE,h0011,0.27629672645576425,scr2001,mustOut,psngRoadPrvt
EE,h0012,0.1684646809766419,scr2001,mustOut,psngRoadPrvt
EE,h0013,0.06223794360307997,scr2001,mustOut,psngRoadPrvt
EE,h0014,0.019850939759671192,scr2001,mustOut,psngRoadPrvt
EE,h0015,0.0004337225114632693,scr2001,mustOut,psngRoadPrvt
EE,h0016,0.027206902914163108,scr2001,mustOut,psngRoadPrvt
EE,h0017,0.07794640029993379,scr2001,mustOut,psngRoadPrvt
EE,h0018,0.13655323000100753,scr2001,mustOut,psngRoadPrvt
EE,h0019,0.17131003358120525,scr2001,mustOut,psngRoadPrvt
EE,h0020,0.18003728913293565,scr2001,mustOut,psngRoadPrvt
EE,h0021,0.2545072807792335,scr2001,mustOut,psngRoadPrvt
EE,h0022,0.26479782153524517,scr2001,mustOut,psngRoadPrvt
EE,h0023,0.22292477682463116,scr2001,mustOut,psngRoadPrvt
EE,h0024,0.12073715989840834,scr2001,mustOut,psngRoadPrvt
FI,h0001,0.0,scr2001,mustOut,psngRoadPrvt
FI,h0002,0.0,scr2001,mustOut,psngRoadPrvt
FI,h0003,0.0001931133657558367,scr2001,mustOut,psngRoadPrvt
FI,h0004,0.026063103385933182,scr2001,mustOut,psngRoadPrvt
FI,h0005,0.09938756302506037,scr2001,mustOut,psngRoadPrvt
FI,h0006,0.16410180015373477,scr2001,mustOut,psngRoadPrvt
FI,h0007,0.18666751053487737,scr2001,mustOut,psngRoadPrvt
FI,h0008,0.1662342885849669,scr2001,mustOut,psngRoadPrvt
FI,h0009,0.2629377719574719,scr2001,mustOut,psngRoadPrvt
FI,h0010,0.29467510862736057,scr2001,mustOut,psngRoadPrvt
FI,h0011,0.27629672645576425,scr2001,mustOut,psngRoadPrvt
FI,h0012,0.1684646809766419,scr2001,mustOut,psngRoadPrvt
FI,h0013,0.06223794360307997,scr2001,mustOut,psngRoadPrvt
FI,h0014,0.019850939759671192,scr2001,mustOut,psngRoadPrvt
FI,h0015,0.0004337225114632693,scr2001,mustOut,psngRoadPrvt
FI,h0016,0.027206902914163108,scr2001,mustOut,psngRoadPrvt
FI,h0017,0.07794640029993379,scr2001,mustOut,psngRoadPrvt
FI,h0018,0.13655323000100753,scr2001,mustOut,psngRoadPrvt
FI,h0019,0.17131003358120525,scr2001,mustOut,psngRoadPrvt
FI,h0020,0.18003728913293565,scr2001,mustOut,psngRoadPrvt
FI,h0021,0.2545072807792335,scr2001,mustOut,psngRoadPrvt
FI,h0022,0.26479782153524517,scr2001,mustOut,psngRoadPrvt
FI,h0023,0.22292477682463116,scr2001,mustOut,psngRoadPrvt
FI,h0024,0.12073715989840834,scr2001,mustOut,psngRoadPrvt
FR,h0001,0.0,scr2001,mustOut,psngRoadPrvt
FR,h0002,0.0,scr2001,mustOut,psngRoadPrvt
FR,h0003,0.00019311336575583658,scr2001,mustOut,psngRoadPrvt
FR,h0004,0.026063103385933185,scr2001,mustOut,psngRoadPrvt
FR,h0005,0.09938756302506037,scr2001,mustOut,psngRoadPrvt
FR,h0006,0.16410180015373477,scr2001,mustOut,psngRoadPrvt
FR,h0007,0.1866675105348774,scr2001,mustOut,psngRoadPrvt
FR,h0008,0.16623428858496692,scr2001,mustOut,psngRoadPrvt
FR,h0009,0.262937771957472,scr2001,mustOut,psngRoadPrvt
FR,h0010,0.2946751086273605,scr2001,mustOut,psngRoadPrvt
FR,h0011,0.27629672645576414,scr2001,mustOut,psngRoadPrvt
FR,h0012,0.16846468097664194,scr2001,mustOut,psngRoadPrvt
FR,h0013,0.06223794360308,scr2001,mustOut,psngRoadPrvt
FR,h0014,0.01985093975967119,scr2001,mustOut,psngRoadPrvt
FR,h0015,0.0004337225114632691,scr2001,mustOut,psngRoadPrvt
FR,h0016,0.02720690291416311,scr2001,mustOut,psngRoadPrvt
FR,h0017,0.0779464002999338,scr2001,mustOut,psngRoadPrvt
FR,h0018,0.13655323000100753,scr2001,mustOut,psngRoadPrvt
FR,h0019,0.17131003358120522,scr2001,mustOut,psngRoadPrvt
FR,h0020,0.18003728913293562,scr2001,mustOut,psngRoadPrvt
FR,h0021,0.25450728077923357,scr2001,mustOut,psngRoadPrvt
FR,h0022,0.26479782153524534,scr2001,mustOut,psngRoadPrvt
FR,h0023,0.22292477682463135,scr2001,mustOut,psngRoadPrvt
FR,h0024,0.1207371598984084,scr2001,mustOut,psngRoadPrvt
IT,h0001,0.0,scr2001,mustOut,psngRoadPrvt
IT,h0002,0.0,scr2001,mustOut,psngRoadPrvt
IT,h0003,0.00019311336575583672,scr2001,mustOut,psngRoadPrvt
IT,h0004,0.026063103385933185,scr2001,mustOut,psngRoadPrvt
IT,h0005,0.09938756302506038,scr2001,mustOut,psngRoadPrvt
IT,h0006,0.1641018001537348,scr2001,mustOut,psngRoadPrvt
IT,h0007,0.1866675105348774,scr2001,mustOut,psngRoadPrvt
IT,h0008,0.16623428858496686,scr2001,mustOut,psngRoadPrvt
IT,h0009,0.262937771957472,scr2001,mustOut,psngRoadPrvt
IT,h0010,0.2946751086273606,scr2001,mustOut,psngRoadPrvt
IT,h0011,0.2762967264557643,scr2001,mustOut,psngRoadPrvt
IT,h0012,0.16846468097664194,scr2001,mustOut,psngRoadPrvt
IT,h0013,0.062237943603079986,scr2001,mustOut,psngRoadPrvt
IT,h0014,0.019850939759671195,scr2001,mustOut,psngRoadPrvt
IT,h0015,0.0004337225114632694,scr2001,mustOut,psngRoadPrvt
IT,h0016,0.02720690291416311,scr2001,mustOut,psngRoadPrvt
IT,h0017,0.0779464002999338,scr2001,mustOut,psngRoadPrvt
IT,h0018,0.13655323000100753,scr2001,mustOut,psngRoadPrvt
IT,h0019,0.17131003358120522,scr2001,mustOut,psngRoadPrvt
IT,h0020,0.18003728913293568,scr2001,mustOut,psngRoadPrvt
IT,h0021,0.25450728077923357,scr2001,mustOut,psngRoadPrvt
IT,h0022,0.26479782153524517,scr2001,mustOut,psngRoadPrvt
IT,h0023,0.2229247768246312,scr2001,mustOut,psngRoadPrvt
IT,h0024,0.12073715989840833,scr2001,mustOut,psngRoadPrvt
NL,h0001,0.0,scr2001,mustOut,psngRoadPrvt
NL,h0002,0.0,scr2001,mustOut,psngRoadPrvt
NL,h0003,0.0001931133657558367,scr2001,mustOut,psngRoadPrvt
NL,h0004,0.026063103385933182,scr2001,mustOut,psngRoadPrvt
NL,h0005,0.09938756302506037,scr2001,mustOut,psngRoadPrvt
NL,h0006,0.16410180015373477,scr2001,mustOut,psngRoadPrvt
NL,h0007,0.18666751053487737,scr2001,mustOut,psngRoadPrvt
NL,h0008,0.1662342885849669,scr2001,mustOut,psngRoadPrvt
NL,h0009,0.2629377719574719,scr2001,mustOut,psngRoadPrvt
NL,h0010,0.29467510862736057,scr2001,mustOut,psngRoadPrvt
NL,h0011,0.27629672645576425,scr2001,mustOut,psngRoadPrvt
NL,h0012,0.1684646809766419,scr2001,mustOut,psngRoadPrvt
NL,h0013,0.06223794360307997,scr2001,mustOut,psngRoadPrvt
NL,h0014,0.019850939759671192,scr2001,mustOut,psngRoadPrvt
NL,h0015,0.0004337225114632693,scr2001,mustOut,psngRoadPrvt
NL,h0016,0.027206902914163108,scr2001,mustOut,psngRoadPrvt
NL,h0017,0.07794640029993379,scr2001,mustOut,psngRoadPrvt
NL,h0018,0.13655323000100753,scr2001,mustOut,psngRoadPrvt
NL,h0019,0.17131003358120525,scr2001,mustOut,psngRoadPrvt
NL,h0020,0.18003728913293565,scr2001,mustOut,psngRoadPrvt
NL,h0021,0.2545072807792335,scr2001,mustOut,psngRoadPrvt
NL,h0022,0.26479782153524517,scr2001,mustOut,psngRoadPrvt
NL,h0023,0.22292477682463116,scr2001,mustOut,psngRoadPrvt
NL,h0024,0.12073715989840834,scr2001,mustOut,psngRoadPrvt
IE,h0001,0.0,scr2001,mustOut,psngRoadPrvt
IE,h0002,0.0,scr2001,mustOut,psngRoadPrvt
IE,h0003,0.0001931133657558367,scr2001,mustOut,psngRoadPrvt
IE,h0004,0.026063103385933182,scr2001,mustOut,psngRoadPrvt
IE,h0005,0.09938756302506037,scr2001,mustOut,psngRoadPrvt
IE,h0006,0.16410180015373477,scr2001,mustOut,psngRoadPrvt
IE,h0007,0.18666751053487737,scr2001,mustOut,psngRoadPrvt
IE,h0008,0.1662342885849669,scr2001,mustOut,psngRoadPrvt
IE,h0009,0.2629377719574719,scr2001,mustOut,psngRoadPrvt
IE,h0010,0.29467510862736057,scr2001,mustOut,psngRoadPrvt
IE,h0011,0.27629672645576425,scr2001,mustOut,psngRoadPrvt
IE,h0012,0.1684646809766419,scr2001,mustOut,psngRoadPrvt
IE,h0013,0.06223794360307997,scr2001,mustOut,psngRoadPrvt
IE,h0014,0.019850939759671192,scr2001,mustOut,psngRoadPrvt
IE,h0015,0.0004337225114632693,scr2001,mustOut,psngRoadPrvt
IE,h0016,0.027206902914163108,scr2001,mustOut,psngRoadPrvt
IE,h0017,0.07794640029993379,scr2001,mustOut,psngRoadPrvt
IE,h0018,0.13655323000100753,scr2001,mustOut,psngRoadPrvt
IE,h0019,0.17131003358120525,scr2001,mustOut,psngRoadPrvt
IE,h0020,0.18003728913293565,scr2001,mustOut,psngRoadPrvt
IE,h0021,0.2545072807792335,scr2001,mustOut,psngRoadPrvt
IE,h0022,0.26479782153524517,scr2001,mustOut,psngRoadPrvt
IE,h0023,0.22292477682463116,scr2001,mustOut,psngRoadPrvt
IE,h0024,0.12073715989840834,scr2001,mustOut,psngRoadPrvt
HR,h0001,0.0,scr2001,mustOut,psngRoadPrvt
HR,h0002,0.0,scr2001,mustOut,psngRoadPrvt
HR,h0003,0.0001931133657558367,scr2001,mustOut,psngRoadPrvt
HR,h0004,0.026063103385933182,scr2001,mustOut,psngRoadPrvt
HR,h0005,0.09938756302506037,scr2001,mustOut,psngRoadPrvt
HR,h0006,0.16410180015373477,scr2001,mustOut,psngRoadPrvt
HR,h0007,0.18666751053487737,scr2001,mustOut,psngRoadPrvt
HR,h0008,0.1662342885849669,scr2001,mustOut,psngRoadPrvt
HR,h0009,0.2629377719574719,scr2001,mustOut,psngRoadPrvt
HR,h0010,0.29467510862736057,scr2001,mustOut,psngRoadPrvt
HR,h0011,0.27629672645576425,scr2001,mustOut,psngRoadPrvt
HR,h0012,0.1684646809766419,scr2001,mustOut,psngRoadPrvt
HR,h0013,0.06223794360307997,scr2001,mustOut,psngRoadPrvt
HR,h0014,0.019850939759671192,scr2001,mustOut,psngRoadPrvt
HR,h0015,0.0004337225114632693,scr2001,mustOut,psngRoadPrvt
HR,h0016,0.027206902914163108,scr2001,mustOut,psngRoadPrvt
HR,h0017,0.07794640029993379,scr2001,mustOut,psngRoadPrvt
HR,h0018,0.13655323000100753,scr2001,mustOut,psngRoadPrvt
HR,h0019,0.17131003358120525,scr2001,mustOut,psngRoadPrvt
HR,h0020,0.18003728913293565,scr2001,mustOut,psngRoadPrvt
HR,h0021,0.2545072807792335,scr2001,mustOut,psngRoadPrvt
HR,h0022,0.26479782153524517,scr2001,mustOut,psngRoadPrvt
HR,h0023,0.22292477682463116,scr2001,mustOut,psngRoadPrvt
HR,h0024,0.12073715989840834,scr2001,mustOut,psngRoadPrvt
HU,h0001,0.0,scr2001,mustOut,psngRoadPrvt
HU,h0002,0.0,scr2001,mustOut,psngRoadPrvt
HU,h0003,0.0001931133657558367,scr2001,mustOut,psngRoadPrvt
HU,h0004,0.026063103385933182,scr2001,mustOut,psngRoadPrvt
HU,h0005,0.09938756302506037,scr2001,mustOut,psngRoadPrvt
HU,h0006,0.16410180015373477,scr2001,mustOut,psngRoadPrvt
HU,h0007,0.18666751053487737,scr2001,mustOut,psngRoadPrvt
HU,h0008,0.1662342885849669,scr2001,mustOut,psngRoadPrvt
HU,h0009,0.2629377719574719,scr2001,mustOut,psngRoadPrvt
HU,h0010,0.29467510862736057,scr2001,mustOut,psngRoadPrvt
HU,h0011,0.27629672645576425,scr2001,mustOut,psngRoadPrvt
HU,h0012,0.1684646809766419,scr2001,mustOut,psngRoadPrvt
HU,h0013,0.06223794360307997,scr2001,mustOut,psngRoadPrvt
HU,h0014,0.019850939759671192,scr2001,mustOut,psngRoadPrvt
HU,h0015,0.0004337225114632693,scr2001,mustOut,psngRoadPrvt
HU,h0016,0.027206902914163108,scr2001,mustOut,psngRoadPrvt
HU,h0017,0.07794640029993379,scr2001,mustOut,psngRoadPrvt
HU,h0018,0.13655323000100753,scr2001,mustOut,psngRoadPrvt
HU,h0019,0.17131003358120525,scr2001,mustOut,psngRoadPrvt
HU,h0020,0.18003728913293565,scr2001,mustOut,psngRoadPrvt
HU,h0021,0.2545072807792335,scr2001,mustOut,psngRoadPrvt
HU,h0022,0.26479782153524517,scr2001,mustOut,psngRoadPrvt
HU,h0023,0.22292477682463116,scr2001,mustOut,psngRoadPrvt
HU,h0024,0.12073715989840834,scr2001,mustOut,psngRoadPrvt
MK,h0001,0.0,scr2001,mustOut,psngRoadPrvt
MK,h0002,0.0,scr2001,mustOut,psngRoadPrvt
MK,h0003,0.0001931133657558367,scr2001,mustOut,psngRoadPrvt
MK,h0004,0.026063103385933182,scr2001,mustOut,psngRoadPrvt
MK,h0005,0.09938756302506037,scr2001,mustOut,psngRoadPrvt
MK,h0006,0.16410180015373477,scr2001,mustOut,psngRoadPrvt
MK,h0007,0.18666751053487737,scr2001,mustOut,psngRoadPrvt
MK,h0008,0.1662342885849669,scr2001,mustOut,psngRoadPrvt
MK,h0009,0.2629377719574719,scr2001,mustOut,psngRoadPrvt
MK,h0010,0.29467510862736057,scr2001,mustOut,psngRoadPrvt
MK,h0011,0.27629672645576425,scr2001,mustOut,psngRoadPrvt
MK,h0012,0.1684646809766419,scr2001,mustOut,psngRoadPrvt
MK,h0013,0.06223794360307997,scr2001,mustOut,psngRoadPrvt
MK,h0014,0.019850939759671192,scr2001,mustOut,psngRoadPrvt
MK,h0015,0.0004337225114632693,scr2001,mustOut,psngRoadPrvt
MK,h0016,0.027206902914163108,scr2001,mustOut,psngRoadPrvt
MK,h0017,0.07794640029993379,scr2001,mustOut,psngRoadPrvt
MK,h0018,0.13655323000100753,scr2001,mustOut,psngRoadPrvt
MK,h0019,0.17131003358120525,scr2001,mustOut,psngRoadPrvt
MK,h0020,0.18003728913293565,scr2001,mustOut,psngRoadPrvt
MK,h0021,0.2545072807792335,scr2001,mustOut,psngRoadPrvt
MK,h0022,0.26479782153524517,scr2001,mustOut,psngRoadPrvt
MK,h0023,0.22292477682463116,scr2001,mustOut,psngRoadPrvt
MK,h0024,0.12073715989840834,scr2001,mustOut,psngRoadPrvt
LV,h0001,0.0,scr2001,mustOut,psngRoadPrvt
LV,h0002,0.0,scr2001,mustOut,psngRoadPrvt
LV,h0003,0.0001931133657558367,scr2001,mustOut,psngRoadPrvt
LV,h0004,0.026063103385933182,scr2001,mustOut,psngRoadPrvt
LV,h0005,0.09938756302506037,scr2001,mustOut,psngRoadPrvt
LV,h0006,0.16410180015373477,scr2001,mustOut,psngRoadPrvt
LV,h0007,0.18666751053487737,scr2001,mustOut,psngRoadPrvt
LV,h0008,0.1662342885849669,scr2001,mustOut,psngRoadPrvt
LV,h0009,0.2629377719574719,scr2001,mustOut,psngRoadPrvt
LV,h0010,0.29467510862736057,scr2001,mustOut,psngRoadPrvt
LV,h0011,0.27629672645576425,scr2001,mustOut,psngRoadPrvt
LV,h0012,0.1684646809766419,scr2001,mustOut,psngRoadPrvt
LV,h0013,0.06223794360307997,scr2001,mustOut,psngRoadPrvt
LV,h0014,0.019850939759671192,scr2001,mustOut,psngRoadPrvt
LV,h0015,0.0004337225114632693,scr2001,mustOut,psngRoadPrvt
LV,h0016,0.027206902914163108,scr2001,mustOut,psngRoadPrvt
LV,h0017,0.07794640029993379,scr2001,mustOut,psngRoadPrvt
LV,h0018,0.13655323000100753,scr2001,mustOut,psngRoadPrvt
LV,h0019,0.17131003358120525,scr2001,mustOut,psngRoadPrvt
LV,h0020,0.18003728913293565,scr2001,mustOut,psngRoadPrvt
LV,h0021,0.2545072807792335,scr2001,mustOut,psngRoadPrvt
LV,h0022,0.26479782153524517,scr2001,mustOut,psngRoadPrvt
LV,h0023,0.22292477682463116,scr2001,mustOut,psngRoadPrvt
LV,h0024,0.12073715989840834,scr2001,mustOut,psngRoadPrvt
ME,h0001,0.0,scr2001,mustOut,psngRoadPrvt
ME,h0002,0.0,scr2001,mustOut,psngRoadPrvt
ME,h0003,0.0001931133657558367,scr2001,mustOut,psngRoadPrvt
ME,h0004,0.026063103385933182,scr2001,mustOut,psngRoadPrvt
ME,h0005,0.09938756302506037,scr2001,mustOut,psngRoadPrvt
ME,h0006,0.16410180015373477,scr2001,mustOut,psngRoadPrvt
ME,h0007,0.18666751053487737,scr2001,mustOut,psngRoadPrvt
ME,h0008,0.1662342885849669,scr2001,mustOut,psngRoadPrvt
ME,h0009,0.2629377719574719,scr2001,mustOut,psngRoadPrvt
ME,h0010,0.29467510862736057,scr2001,mustOut,psngRoadPrvt
ME,h0011,0.27629672645576425,scr2001,mustOut,psngRoadPrvt
ME,h0012,0.1684646809766419,scr2001,mustOut,psngRoadPrvt
ME,h0013,0.06223794360307997,scr2001,mustOut,psngRoadPrvt
ME,h0014,0.019850939759671192,scr2001,mustOut,psngRoadPrvt
ME,h0015,0.0004337225114632693,scr2001,mustOut,psngRoadPrvt
ME,h0016,0.027206902914163108,scr2001,mustOut,psngRoadPrvt
ME,h0017,0.07794640029993379,scr2001,mustOut,psngRoadPrvt
ME,h0018,0.13655323000100753,scr2001,mustOut,psngRoadPrvt
ME,h0019,0.17131003358120525,scr2001,mustOut,psngRoadPrvt
ME,h0020,0.18003728913293565,scr2001,mustOut,psngRoadPrvt
ME,h0021,0.2545072807792335,scr2001,mustOut,psngRoadPrvt
ME,h0022,0.26479782153524517,scr2001,mustOut,psngRoadPrvt
ME,h0023,0.22292477682463116,scr2001,mustOut,psngRoadPrvt
ME,h0024,0.12073715989840834,scr2001,mustOut,psngRoadPrvt
LT,h0001,0.0,scr2001,mustOut,psngRoadPrvt
LT,h0002,0.0,scr2001,mustOut,psngRoadPrvt
LT,h0003,0.0001931133657558367,scr2001,mustOut,psngRoadPrvt
LT,h0004,0.026063103385933182,scr2001,mustOut,psngRoadPrvt
LT,h0005,0.09938756302506037,scr2001,mustOut,psngRoadPrvt
LT,h0006,0.16410180015373477,scr2001,mustOut,psngRoadPrvt
LT,h0007,0.18666751053487737,scr2001,mustOut,psngRoadPrvt
LT,h0008,0.1662342885849669,scr2001,mustOut,psngRoadPrvt
LT,h0009,0.2629377719574719,scr2001,mustOut,psngRoadPrvt
LT,h0010,0.29467510862736057,scr2001,mustOut,psngRoadPrvt
LT,h0011,0.27629672645576425,scr2001,mustOut,psngRoadPrvt
LT,h0012,0.1684646809766419,scr2001,mustOut,psngRoadPrvt
LT,h0013,0.06223794360307997,scr2001,mustOut,psngRoadPrvt
LT,h0014,0.019850939759671192,scr2001,mustOut,psngRoadPrvt
LT,h0015,0.0004337225114632693,scr2001,mustOut,psngRoadPrvt
LT,h0016,0.027206902914163108,scr2001,mustOut,psngRoadPrvt
LT,h0017,0.07794640029993379,scr2001,mustOut,psngRoadPrvt
LT,h0018,0.13655323000100753,scr2001,mustOut,psngRoadPrvt
LT,h0019,0.17131003358120525,scr2001,mustOut,psngRoadPrvt
LT,h0020,0.18003728913293565,scr2001,mustOut,psngRoadPrvt
LT,h0021,0.2545072807792335,scr2001,mustOut,psngRoadPrvt
LT,h0022,0.26479782153524517,scr2001,mustOut,psngRoadPrvt
LT,h0023,0.22292477682463116,scr2001,mustOut,psngRoadPrvt
LT,h0024,0.12073715989840834,scr2001,mustOut,psngRoadPrvt
LU,h0001,0.0,scr2001,mustOut,psngRoadPrvt
LU,h0002,0.0,scr2001,mustOut,psngRoadPrvt
LU,h0003,0.0001931133657558367,scr2001,mustOut,psngRoadPrvt
LU,h0004,0.026063103385933182,scr2001,mustOut,psngRoadPrvt
LU,h0005,0.09938756302506037,scr2001,mustOut,psngRoadPrvt
LU,h0006,0.16410180015373477,scr2001,mustOut,psngRoadPrvt
LU,h0007,0.18666751053487737,scr2001,mustOut,psngRoadPrvt
LU,h0008,0.1662342885849669,scr2001,mustOut,psngRoadPrvt
LU,h0009,0.2629377719574719,scr2001,mustOut,psngRoadPrvt
LU,h0010,0.29467510862736057,scr2001,mustOut,psngRoadPrvt
LU,h0011,0.27629672645576425,scr2001,mustOut,psngRoadPrvt
LU,h0012,0.1684646809766419,scr2001,mustOut,psngRoadPrvt
LU,h0013,0.06223794360307997,scr2001,mustOut,psngRoadPrvt
LU,h0014,0.019850939759671192,scr2001,mustOut,psngRoadPrvt
LU,h0015,0.0004337225114632693,scr2001,mustOut,psngRoadPrvt
LU,h0016,0.027206902914163108,scr2001,mustOut,psngRoadPrvt
LU,h0017,0.07794640029993379,scr2001,mustOut,psngRoadPrvt
LU,h0018,0.13655323000100753,scr2001,mustOut,psngRoadPrvt
LU,h0019,0.17131003358120525,scr2001,mustOut,psngRoadPrvt
LU,h0020,0.18003728913293565,scr2001,mustOut,psngRoadPrvt
LU,h0021,0.2545072807792335,scr2001,mustOut,psngRoadPrvt
LU,h0022,0.26479782153524517,scr2001,mustOut,psngRoadPrvt
LU,h0023,0.22292477682463116,scr2001,mustOut,psngRoadPrvt
LU,h0024,0.12073715989840834,scr2001,mustOut,psngRoadPrvt
NO,h0001,0.0,scr2001,mustOut,psngRoadPrvt
NO,h0002,0.0,scr2001,mustOut,psngRoadPrvt
NO,h0003,0.00019311336575583672,scr2001,mustOut,psngRoadPrvt
NO,h0004,0.026063103385933185,scr2001,mustOut,psngRoadPrvt
NO,h0005,0.09938756302506038,scr2001,mustOut,psngRoadPrvt
NO,h0006,0.16410180015373477,scr2001,mustOut,psngRoadPrvt
NO,h0007,0.1866675105348774,scr2001,mustOut,psngRoadPrvt
NO,h0008,0.16623428858496686,scr2001,mustOut,psngRoadPrvt
NO,h0009,0.262937771957472,scr2001,mustOut,psngRoadPrvt
NO,h0010,0.2946751086273606,scr2001,mustOut,psngRoadPrvt
NO,h0011,0.2762967264557643,scr2001,mustOut,psngRoadPrvt
NO,h0012,0.16846468097664188,scr2001,mustOut,psngRoadPrvt
NO,h0013,0.06223794360308,scr2001,mustOut,psngRoadPrvt
NO,h0014,0.0198509397596712,scr2001,mustOut,psngRoadPrvt
NO,h0015,0.00043372251146326946,scr2001,mustOut,psngRoadPrvt
NO,h0016,0.02720690291416311,scr2001,mustOut,psngRoadPrvt
NO,h0017,0.0779464002999338,scr2001,mustOut,psngRoadPrvt
NO,h0018,0.13655323000100753,scr2001,mustOut,psngRoadPrvt
NO,h0019,0.17131003358120522,scr2001,mustOut,psngRoadPrvt
NO,h0020,0.18003728913293568,scr2001,mustOut,psngRoadPrvt
NO,h0021,0.25450728077923357,scr2001,mustOut,psngRoadPrvt
NO,h0022,0.26479782153524517,scr2001,mustOut,psngRoadPrvt
NO,h0023,0.2229247768246312,scr2001,mustOut,psngRoadPrvt
NO,h0024,0.12073715989840833,scr2001,mustOut,psngRoadPrvt
PL,h0001,0.0,scr2001,mustOut,psngRoadPrvt
PL,h0002,0.0,scr2001,mustOut,psngRoadPrvt
PL,h0003,0.0001931133657558367,scr2001,mustOut,psngRoadPrvt
PL,h0004,0.026063103385933182,scr2001,mustOut,psngRoadPrvt
PL,h0005,0.09938756302506037,scr2001,mustOut,psngRoadPrvt
PL,h0006,0.16410180015373477,scr2001,mustOut,psngRoadPrvt
PL,h0007,0.18666751053487737,scr2001,mustOut,psngRoadPrvt
PL,h0008,0.1662342885849669,scr2001,mustOut,psngRoadPrvt
PL,h0009,0.2629377719574719,scr2001,mustOut,psngRoadPrvt
PL,h0010,0.29467510862736057,scr2001,mustOut,psngRoadPrvt
PL,h0011,0.27629672645576425,scr2001,mustOut,psngRoadPrvt
PL,h0012,0.1684646809766419,scr2001,mustOut,psngRoadPrvt
PL,h0013,0.06223794360307997,scr2001,mustOut,psngRoadPrvt
PL,h0014,0.019850939759671192,scr2001,mustOut,psngRoadPrvt
PL,h0015,0.0004337225114632693,scr2001,mustOut,psngRoadPrvt
PL,h0016,0.027206902914163108,scr2001,mustOut,psngRoadPrvt
PL,h0017,0.07794640029993379,scr2001,mustOut,psngRoadPrvt
PL,h0018,0.13655323000100753,scr2001,mustOut,psngRoadPrvt
PL,h0019,0.1713100335812052,scr2001,mustOut,psngRoadPrvt
PL,h0020,0.18003728913293565,scr2001,mustOut,psngRoadPrvt
PL,h0021,0.2545072807792335,scr2001,mustOut,psngRoadPrvt
PL,h0022,0.26479782153524517,scr2001,mustOut,psngRoadPrvt
PL,h0023,0.22292477682463116,scr2001,mustOut,psngRoadPrvt
PL,h0024,0.12073715989840834,scr2001,mustOut,psngRoadPrvt
RO,h0001,0.0,scr2001,mustOut,psngRoadPrvt
RO,h0002,0.0,scr2001,mustOut,psngRoadPrvt
RO,h0003,0.0001931133657558367,scr2001,mustOut,psngRoadPrvt
RO,h0004,0.026063103385933182,scr2001,mustOut,psngRoadPrvt
RO,h0005,0.09938756302506037,scr2001,mustOut,psngRoadPrvt
RO,h0006,0.16410180015373477,scr2001,mustOut,psngRoadPrvt
RO,h0007,0.18666751053487737,scr2001,mustOut,psngRoadPrvt
RO,h0008,0.1662342885849669,scr2001,mustOut,psngRoadPrvt
RO,h0009,0.2629377719574719,scr2001,mustOut,psngRoadPrvt
RO,h0010,0.29467510862736057,scr2001,mustOut,psngRoadPrvt
RO,h0011,0.27629672645576425,scr2001,mustOut,psngRoadPrvt
RO,h0012,0.1684646809766419,scr2001,mustOut,psngRoadPrvt
RO,h0013,0.06223794360307997,scr2001,mustOut,psngRoadPrvt
RO,h0014,0.019850939759671192,scr2001,mustOut,psngRoadPrvt
RO,h0015,0.0004337225114632693,scr2001,mustOut,psngRoadPrvt
RO,h0016,0.027206902914163108,scr2001,mustOut,psngRoadPrvt
RO,h0017,0.07794640029993379,scr2001,mustOut,psngRoadPrvt
RO,h0018,0.13655323000100753,scr2001,mustOut,psngRoadPrvt
RO,h0019,0.17131003358120525,scr2001,mustOut,psngRoadPrvt
RO,h0020,0.18003728913293565,scr2001,mustOut,psngRoadPrvt
RO,h0021,0.2545072807792335,scr2001,mustOut,psngRoadPrvt
RO,h0022,0.26479782153524517,scr2001,mustOut,psngRoadPrvt
RO,h0023,0.22292477682463116,scr2001,mustOut,psngRoadPrvt
RO,h0024,0.12073715989840834,scr2001,mustOut,psngRoadPrvt
PT,h0001,0.0,scr2001,mustOut,psngRoadPrvt
PT,h0002,0.0,scr2001,mustOut,psngRoadPrvt
PT,h0003,0.0001931133657558367,scr2001,mustOut,psngRoadPrvt
PT,h0004,0.026063103385933182,scr2001,mustOut,psngRoadPrvt
PT,h0005,0.09938756302506037,scr2001,mustOut,psngRoadPrvt
PT,h0006,0.16410180015373477,scr2001,mustOut,psngRoadPrvt
PT,h0007,0.18666751053487737,scr2001,mustOut,psngRoadPrvt
PT,h0008,0.1662342885849669,scr2001,mustOut,psngRoadPrvt
PT,h0009,0.2629377719574719,scr2001,mustOut,psngRoadPrvt
PT,h0010,0.29467510862736057,scr2001,mustOut,psngRoadPrvt
PT,h0011,0.27629672645576425,scr2001,mustOut,psngRoadPrvt
PT,h0012,0.1684646809766419,scr2001,mustOut,psngRoadPrvt
PT,h0013,0.06223794360307997,scr2001,mustOut,psngRoadPrvt
PT,h0014,0.019850939759671192,scr2001,mustOut,psngRoadPrvt
PT,h0015,0.0004337225114632693,scr2001,mustOut,psngRoadPrvt
PT,h0016,0.027206902914163108,scr2001,mustOut,psngRoadPrvt
PT,h0017,0.07794640029993379,scr2001,mustOut,psngRoadPrvt
PT,h0018,0.13655323000100753,scr2001,mustOut,psngRoadPrvt
PT,h0019,0.17131003358120525,scr2001,mustOut,psngRoadPrvt
PT,h0020,0.18003728913293565,scr2001,mustOut,psngRoadPrvt
PT,h0021,0.2545072807792335,scr2001,mustOut,psngRoadPrvt
PT,h0022,0.26479782153524517,scr2001,mustOut,psngRoadPrvt
PT,h0023,0.22292477682463116,scr2001,mustOut,psngRoadPrvt
PT,h0024,0.12073715989840834,scr2001,mustOut,psngRoadPrvt
SK,h0001,0.0,scr2001,mustOut,psngRoadPrvt
SK,h0002,0.0,scr2001,mustOut,psngRoadPrvt
SK,h0003,0.0001931133657558367,scr2001,mustOut,psngRoadPrvt
SK,h0004,0.026063103385933182,scr2001,mustOut,psngRoadPrvt
SK,h0005,0.09938756302506037,scr2001,mustOut,psngRoadPrvt
SK,h0006,0.16410180015373477,scr2001,mustOut,psngRoadPrvt
SK,h0007,0.18666751053487737,scr2001,mustOut,psngRoadPrvt
SK,h0008,0.1662342885849669,scr2001,mustOut,psngRoadPrvt
SK,h0009,0.2629377719574719,scr2001,mustOut,psngRoadPrvt
SK,h0010,0.29467510862736057,scr2001,mustOut,psngRoadPrvt
SK,h0011,0.27629672645576425,scr2001,mustOut,psngRoadPrvt
SK,h0012,0.1684646809766419,scr2001,mustOut,psngRoadPrvt
SK,h0013,0.06223794360307997,scr2001,mustOut,psngRoadPrvt
SK,h0014,0.019850939759671192,scr2001,mustOut,psngRoadPrvt
SK,h0015,0.0004337225114632693,scr2001,mustOut,psngRoadPrvt
SK,h0016,0.027206902914163108,scr2001,mustOut,psngRoadPrvt
SK,h0017,0.07794640029993379,scr2001,mustOut,psngRoadPrvt
SK,h0018,0.13655323000100753,scr2001,mustOut,psngRoadPrvt
SK,h0019,0.17131003358120525,scr2001,mustOut,psngRoadPrvt
SK,h0020,0.18003728913293565,scr2001,mustOut,psngRoadPrvt
SK,h0021,0.2545072807792335,scr2001,mustOut,psngRoadPrvt
SK,h0022,0.26479782153524517,scr2001,mustOut,psngRoadPrvt
SK,h0023,0.22292477682463116,scr2001,mustOut,psngRoadPrvt
SK,h0024,0.12073715989840834,scr2001,mustOut,psngRoadPrvt
SI,h0001,0.0,scr2001,mustOut,psngRoadPrvt
SI,h0002,0.0,scr2001,mustOut,psngRoadPrvt
SI,h0003,0.0001931133657558367,scr2001,mustOut,psngRoadPrvt
SI,h0004,0.026063103385933182,scr2001,mustOut,psngRoadPrvt
SI,h0005,0.09938756302506037,scr2001,mustOut,psngRoadPrvt
SI,h0006,0.16410180015373477,scr2001,mustOut,psngRoadPrvt
SI,h0007,0.18666751053487737,scr2001,mustOut,psngRoadPrvt
SI,h0008,0.1662342885849669,scr2001,mustOut,psngRoadPrvt
SI,h0009,0.2629377719574719,scr2001,mustOut,psngRoadPrvt
SI,h0010,0.29467510862736057,scr2001,mustOut,psngRoadPrvt
SI,h0011,0.27629672645576425,scr2001,mustOut,psngRoadPrvt
SI,h0012,0.1684646809766419,scr2001,mustOut,psngRoadPrvt
SI,h0013,0.06223794360307997,scr2001,mustOut,psngRoadPrvt
SI,h0014,0.019850939759671192,scr2001,mustOut,psngRoadPrvt
SI,h0015,0.0004337225114632693,scr2001,mustOut,psngRoadPrvt
SI,h0016,0.027206902914163108,scr2001,mustOut,psngRoadPrvt
SI,h0017,0.07794640029993379,scr2001,mustOut,psngRoadPrvt
SI,h0018,0.13655323000100753,scr2001,mustOut,psngRoadPrvt
SI,h0019,0.17131003358120525,scr2001,mustOut,psngRoadPrvt
SI,h0020,0.18003728913293565,scr2001,mustOut,psngRoadPrvt
SI,h0021,0.2545072807792335,scr2001,mustOut,psngRoadPrvt
SI,h0022,0.26479782153524517,scr2001,mustOut,psngRoadPrvt
SI,h0023,0.22292477682463116,scr2001,mustOut,psngRoadPrvt
SI,h0024,0.12073715989840834,scr2001,mustOut,psngRoadPrvt
SE,h0001,0.0,scr2001,mustOut,psngRoadPrvt
SE,h0002,0.0,scr2001,mustOut,psngRoadPrvt
SE,h0003,0.0001931133657558367,scr2001,mustOut,psngRoadPrvt
SE,h0004,0.026063103385933182,scr2001,mustOut,psngRoadPrvt
SE,h0005,0.09938756302506037,scr2001,mustOut,psngRoadPrvt
SE,h0006,0.16410180015373477,scr2001,mustOut,psngRoadPrvt
SE,h0007,0.18666751053487737,scr2001,mustOut,psngRoadPrvt
SE,h0008,0.1662342885849669,scr2001,mustOut,psngRoadPrvt
SE,h0009,0.2629377719574719,scr2001,mustOut,psngRoadPrvt
SE,h0010,0.29467510862736057,scr2001,mustOut,psngRoadPrvt
SE,h0011,0.27629672645576425,scr2001,mustOut,psngRoadPrvt
SE,h0012,0.1684646809766419,scr2001,mustOut,psngRoadPrvt
SE,h0013,0.06223794360307997,scr2001,mustOut,psngRoadPrvt
SE,h0014,0.019850939759671192,scr2001,mustOut,psngRoadPrvt
SE,h0015,0.0004337225114632693,scr2001,mustOut,psngRoadPrvt
SE,h0016,0.027206902914163108,scr2001,mustOut,psngRoadPrvt
SE,h0017,0.07794640029993379,scr2001,mustOut,psngRoadPrvt
SE,h0018,0.13655323000100753,scr2001,mustOut,psngRoadPrvt
SE,h0019,0.17131003358120525,scr2001,mustOut,psngRoadPrvt
SE,h0020,0.18003728913293565,scr2001,mustOut,psngRoadPrvt
SE,h0021,0.2545072807792335,scr2001,mustOut,psngRoadPrvt
SE,h0022,0.26479782153524517,scr2001,mustOut,psngRoadPrvt
SE,h0023,0.22292477682463116,scr2001,mustOut,psngRoadPrvt
SE,h0024,0.12073715989840834,scr2001,mustOut,psngRoadPrvt
UK,h0001,0.0,scr2001,mustOut,psngRoadPrvt
UK,h0002,0.0,scr2001,mustOut,psngRoadPrvt
UK,h0003,0.00019311336575583672,scr2001,mustOut,psngRoadPrvt
UK,h0004,0.026063103385933185,scr2001,mustOut,psngRoadPrvt
UK,h0005,0.09938756302506038,scr2001,mustOut,psngRoadPrvt
UK,h0006,0.1641018001537348,scr2001,mustOut,psngRoadPrvt
UK,h0007,0.1866675105348774,scr2001,mustOut,psngRoadPrvt
UK,h0008,0.16623428858496686,scr2001,mustOut,psngRoadPrvt
UK,h0009,0.262937771957472,scr2001,mustOut,psngRoadPrvt
UK,h0010,0.2946751086273606,scr2001,mustOut,psngRoadPrvt
UK,h0011,0.2762967264557643,scr2001,mustOut,psngRoadPrvt
UK,h0012,0.16846468097664194,scr2001,mustOut,psngRoadPrvt
UK,h0013,0.062237943603079986,scr2001,mustOut,psngRoadPrvt
UK,h0014,0.019850939759671195,scr2001,mustOut,psngRoadPrvt
UK,h0015,0.0004337225114632694,scr2001,mustOut,psngRoadPrvt
UK,h0016,0.02720690291416311,scr2001,mustOut,psngRoadPrvt
UK,h0017,0.0779464002999338,scr2001,mustOut,psngRoadPrvt
UK,h0018,0.13655323000100753,scr2001,mustOut,psngRoadPrvt
UK,h0019,0.17131003358120522,scr2001,mustOut,psngRoadPrvt
UK,h0020,0.18003728913293568,scr2001,mustOut,psngRoadPrvt
UK,h0021,0.25450728077923357,scr2001,mustOut,psngRoadPrvt
UK,h0022,0.26479782153524517,scr2001,mustOut,psngRoadPrvt
UK,h0023,0.2229247768246312,scr2001,mustOut,psngRoadPrvt
UK,h0024,0.12073715989840833,scr2001,mustOut,psngRoadPrvt
RS,h0001,0.0,scr2001,mustOut,psngRoadPrvt
RS,h0002,0.0,scr2001,mustOut,psngRoadPrvt
RS,h0003,0.0001931133657558367,scr2001,mustOut,psngRoadPrvt
RS,h0004,0.026063103385933182,scr2001,mustOut,psngRoadPrvt
RS,h0005,0.09938756302506037,scr2001,mustOut,psngRoadPrvt
RS,h0006,0.16410180015373477,scr2001,mustOut,psngRoadPrvt
RS,h0007,0.18666751053487737,scr2001,mustOut,psngRoadPrvt
RS,h0008,0.1662342885849669,scr2001,mustOut,psngRoadPrvt
RS,h0009,0.2629377719574719,scr2001,mustOut,psngRoadPrvt
RS,h0010,0.29467510862736057,scr2001,mustOut,psngRoadPrvt
RS,h0011,0.27629672645576425,scr2001,mustOut,psngRoadPrvt
RS,h0012,0.1684646809766419,scr2001,mustOut,psngRoadPrvt
RS,h0013,0.06223794360307997,scr2001,mustOut,psngRoadPrvt
RS,h0014,0.019850939759671192,scr2001,mustOut,psngRoadPrvt
RS,h0015,0.0004337225114632693,scr2001,mustOut,psngRoadPrvt
RS,h0016,0.027206902914163108,scr2001,mustOut,psngRoadPrvt
RS,h0017,0.07794640029993379,scr2001,mustOut,psngRoadPrvt
RS,h0018,0.13655323000100753,scr2001,mustOut,psngRoadPrvt
RS,h0019,0.17131003358120525,scr2001,mustOut,psngRoadPrvt
RS,h0020,0.18003728913293565,scr2001,mustOut,psngRoadPrvt
RS,h0021,0.2545072807792335,scr2001,mustOut,psngRoadPrvt
RS,h0022,0.26479782153524517,scr2001,mustOut,psngRoadPrvt
RS,h0023,0.22292477682463116,scr2001,mustOut,psngRoadPrvt
RS,h0024,0.12073715989840834,scr2001,mustOut,psngRoadPrvt
BA,h0001,0.0,scr2001,mustOut,psngRoadPrvt
BA,h0002,0.0,scr2001,mustOut,psngRoadPrvt
BA,h0003,0.0001931133657558367,scr2001,mustOut,psngRoadPrvt
BA,h0004,0.026063103385933182,scr2001,mustOut,psngRoadPrvt
BA,h0005,0.09938756302506037,scr2001,mustOut,psngRoadPrvt
BA,h0006,0.16410180015373477,scr2001,mustOut,psngRoadPrvt
BA,h0007,0.18666751053487737,scr2001,mustOut,psngRoadPrvt
BA,h0008,0.1662342885849669,scr2001,mustOut,psngRoadPrvt
BA,h0009,0.2629377719574719,scr2001,mustOut,psngRoadPrvt
BA,h0010,0.29467510862736057,scr2001,mustOut,psngRoadPrvt
BA,h0011,0.27629672645576425,scr2001,mustOut,psngRoadPrvt
BA,h0012,0.1684646809766419,scr2001,mustOut,psngRoadPrvt
BA,h0013,0.06223794360307997,scr2001,mustOut,psngRoadPrvt
BA,h0014,0.019850939759671192,scr2001,mustOut,psngRoadPrvt
BA,h0015,0.0004337225114632693,scr2001,mustOut,psngRoadPrvt
BA,h0016,0.027206902914163108,scr2001,mustOut,psngRoadPrvt
BA,h0017,0.07794640029993379,scr2001,mustOut,psngRoadPrvt
BA,h0018,0.13655323000100753,scr2001,mustOut,psngRoadPrvt
BA,h0019,0.17131003358120525,scr2001,mustOut,psngRoadPrvt
BA,h0020,0.18003728913293565,scr2001,mustOut,psngRoadPrvt
BA,h0021,0.2545072807792335,scr2001,mustOut,psngRoadPrvt
BA,h0022,0.26479782153524517,scr2001,mustOut,psngRoadPrvt
BA,h0023,0.22292477682463116,scr2001,mustOut,psngRoadPrvt
BA,h0024,0.12073715989840834,scr2001,mustOut,psngRoadPrvt
AL,h0001,0.0,scr2001,mustOut,psngRoadPrvt
AL,h0002,0.0,scr2001,mustOut,psngRoadPrvt
AL,h0003,0.0001931133657558367,scr2001,mustOut,psngRoadPrvt
AL,h0004,0.026063103385933182,scr2001,mustOut,psngRoadPrvt
AL,h0005,0.09938756302506037,scr2001,mustOut,psngRoadPrvt
AL,h0006,0.16410180015373477,scr2001,mustOut,psngRoadPrvt
AL,h0007,0.18666751053487737,scr2001,mustOut,psngRoadPrvt
AL,h0008,0.1662342885849669,scr2001,mustOut,psngRoadPrvt
AL,h0009,0.2629377719574719,scr2001,mustOut,psngRoadPrvt
AL,h0010,0.29467510862736057,scr2001,mustOut,psngRoadPrvt
AL,h0011,0.27629672645576425,scr2001,mustOut,psngRoadPrvt
AL,h0012,0.1684646809766419,scr2001,mustOut,psngRoadPrvt
AL,h0013,0.06223794360307997,scr2001,mustOut,psngRoadPrvt
AL,h0014,0.019850939759671192,scr2001,mustOut,psngRoadPrvt
AL,h0015,0.0004337225114632693,scr2001,mustOut,psngRoadPrvt
AL,h0016,0.027206902914163108,scr2001,mustOut,psngRoadPrvt
AL,h0017,0.07794640029993379,scr2001,mustOut,psngRoadPrvt
AL,h0018,0.13655323000100753,scr2001,mustOut,psngRoadPrvt
AL,h0019,0.17131003358120525,scr2001,mustOut,psngRoadPrvt
AL,h0020,0.18003728913293565,scr2001,mustOut,psngRoadPrvt
AL,h0021,0.2545072807792335,scr2001,mustOut,psngRoadPrvt
AL,h0022,0.26479782153524517,scr2001,mustOut,psngRoadPrvt
AL,h0023,0.22292477682463116,scr2001,mustOut,psngRoadPrvt
AL,h0024,0.12073715989840834,scr2001,mustOut,psngRoadPrvt
